Texture squishy_chestlogo_ci8[] = {
	0x00, 0x00, 0x00, 0x00, 0x00, 0x00, 0x00, 0x00, 
	0x00, 0x00, 0x00, 0x00, 0x00, 0x00, 0x00, 0x00, 
	0x00, 0x00, 0x00, 0x00, 0x00, 0x00, 0x00, 0x00, 
	0x00, 0x00, 0x00, 0x00, 0x00, 0x00, 0x00, 0x00, 
	0x00, 0x00, 0x00, 0x00, 0x00, 0x00, 0x00, 0x00, 
	0x00, 0x00, 0x00, 0x00, 0x00, 0x00, 0x00, 0x00, 
	0x00, 0x00, 0x00, 0x00, 0x00, 0x00, 0x00, 0x00, 
	0x00, 0x00, 0x00, 0x00, 0x00, 0x00, 0x00, 0x00, 
	0x00, 0x00, 0x00, 0x00, 0x00, 0x00, 0x00, 0x00, 
	0x00, 0x00, 0x00, 0x00, 0x00, 0x00, 0x00, 0x00, 
	0x00, 0x00, 0x00, 0x00, 0x00, 0x00, 0x00, 0x00, 
	0x00, 0x00, 0x00, 0x00, 0x00, 0x00, 0x00, 0x00, 
	0x00, 0x00, 0x00, 0x00, 0x00, 0x00, 0x00, 0x00, 
	0x00, 0x00, 0x00, 0x00, 0x00, 0x00, 0x00, 0x00, 
	0x00, 0x00, 0x00, 0x00, 0x00, 0x00, 0x00, 0x00, 
	0x00, 0x00, 0x00, 0x00, 0x00, 0x00, 0x00, 0x00, 
	0x00, 0x00, 0x00, 0x00, 0x00, 0x00, 0x00, 0x00, 
	0x00, 0x00, 0x00, 0x00, 0x00, 0x00, 0x00, 0x00, 
	0x00, 0x00, 0x00, 0x00, 0x00, 0x00, 0x00, 0x00, 
	0x00, 0x00, 0x00, 0x00, 0x00, 0x00, 0x00, 0x00, 
	0x00, 0x00, 0x00, 0x00, 0x00, 0x00, 0x00, 0x00, 
	0x00, 0x00, 0x00, 0x00, 0x00, 0x00, 0x00, 0x00, 
	0x00, 0x00, 0x00, 0x00, 0x00, 0x00, 0x00, 0x00, 
	0x00, 0x00, 0x00, 0x00, 0x00, 0x00, 0x00, 0x00, 
	0x00, 0x00, 0x00, 0x00, 0x00, 0x00, 0x00, 0x00, 
	0x00, 0x00, 0x00, 0x00, 0x00, 0x00, 0x00, 0x00, 
	0x00, 0x00, 0x00, 0x00, 0x00, 0x00, 0x00, 0x00, 
	0x00, 0x00, 0x00, 0x00, 0x00, 0x00, 0x00, 0x00, 
	0x00, 0x00, 0x00, 0x00, 0x00, 0x00, 0x00, 0x00, 
	0x00, 0x00, 0x00, 0x00, 0x00, 0x00, 0x00, 0x00, 
	0x00, 0x00, 0x00, 0x00, 0x00, 0x00, 0x00, 0x00, 
	0x00, 0x00, 0x00, 0x00, 0x00, 0x00, 0x00, 0x00, 
	0x00, 0x00, 0x00, 0x00, 0x00, 0x00, 0x00, 0x00, 
	0x00, 0x00, 0x00, 0x00, 0x00, 0x00, 0x00, 0x00, 
	0x00, 0x00, 0x00, 0x00, 0x00, 0x00, 0x00, 0x00, 
	0x00, 0x00, 0x00, 0x00, 0x00, 0x00, 0x00, 0x00, 
	0x00, 0x00, 0x00, 0x00, 0x00, 0x00, 0x00, 0x00, 
	0x00, 0x00, 0x00, 0x00, 0x00, 0x00, 0x00, 0x00, 
	0x00, 0x00, 0x00, 0x00, 0x00, 0x00, 0x00, 0x00, 
	0x00, 0x00, 0x00, 0x00, 0x00, 0x00, 0x00, 0x00, 
	0x00, 0x00, 0x00, 0x00, 0x00, 0x00, 0x00, 0x00, 
	0x00, 0x00, 0x00, 0x00, 0x00, 0x00, 0x00, 0x00, 
	0x00, 0x00, 0x00, 0x00, 0x00, 0x00, 0x00, 0x00, 
	0x00, 0x00, 0x00, 0x00, 0x00, 0x00, 0x00, 0x00, 
	0x00, 0x00, 0x00, 0x00, 0x00, 0x00, 0x00, 0x00, 
	0x00, 0x00, 0x00, 0x00, 0x00, 0x00, 0x00, 0x00, 
	0x00, 0x00, 0x00, 0x00, 0x00, 0x00, 0x00, 0x00, 
	0x00, 0x00, 0x00, 0x00, 0x00, 0x00, 0x00, 0x00, 
	0x00, 0x00, 0x00, 0x00, 0x00, 0x00, 0x00, 0x00, 
	0x00, 0x00, 0x00, 0x00, 0x00, 0x00, 0x00, 0x00, 
	0x00, 0x00, 0x00, 0x00, 0x00, 0x00, 0x00, 0x00, 
	0x00, 0x00, 0x00, 0x00, 0x00, 0x00, 0x00, 0x00, 
	0x00, 0x00, 0x00, 0x00, 0x00, 0x00, 0x00, 0x00, 
	0x00, 0x00, 0x00, 0x00, 0x00, 0x00, 0x00, 0x00, 
	0x00, 0x00, 0x00, 0x00, 0x00, 0x00, 0x00, 0x00, 
	0x00, 0x00, 0x00, 0x00, 0x00, 0x00, 0x00, 0x00, 
	0x00, 0x00, 0x00, 0x00, 0x00, 0x00, 0x00, 0x00, 
	0x00, 0x00, 0x00, 0x00, 0x00, 0x00, 0x00, 0x00, 
	0x00, 0x00, 0x00, 0x00, 0x00, 0x00, 0x00, 0x00, 
	0x00, 0x00, 0x00, 0x00, 0x00, 0x00, 0x00, 0x00, 
	0x00, 0x00, 0x00, 0x00, 0x00, 0x00, 0x00, 0x00, 
	0x00, 0x00, 0x00, 0x00, 0x00, 0x00, 0x00, 0x00, 
	0x00, 0x00, 0x00, 0x00, 0x00, 0x00, 0x00, 0x00, 
	0x00, 0x00, 0x00, 0x00, 0x00, 0x00, 0x00, 0x00, 
	0x00, 0x00, 0x00, 0x00, 0x00, 0x00, 0x00, 0x00, 
	0x00, 0x00, 0x00, 0x00, 0x00, 0x00, 0x00, 0x00, 
	0x00, 0x00, 0x00, 0x00, 0x00, 0x00, 0x00, 0x00, 
	0x00, 0x00, 0x00, 0x00, 0x00, 0x00, 0x00, 0x00, 
	0x00, 0x00, 0x00, 0x00, 0x00, 0x00, 0x00, 0x00, 
	0x00, 0x00, 0x00, 0x00, 0x00, 0x00, 0x00, 0x00, 
	0x00, 0x00, 0x00, 0x00, 0x00, 0x00, 0x00, 0x00, 
	0x00, 0x00, 0x00, 0x00, 0x00, 0x00, 0x00, 0x00, 
	0x00, 0x00, 0x00, 0x00, 0x00, 0x00, 0x00, 0x00, 
	0x00, 0x00, 0x00, 0x00, 0x00, 0x00, 0x00, 0x00, 
	0x00, 0x00, 0x00, 0x00, 0x00, 0x00, 0x00, 0x00, 
	0x00, 0x00, 0x00, 0x00, 0x00, 0x00, 0x00, 0x00, 
	0x00, 0x00, 0x00, 0x00, 0x00, 0x00, 0x00, 0x00, 
	0x00, 0x00, 0x00, 0x00, 0x00, 0x00, 0x00, 0x00, 
	0x00, 0x00, 0x00, 0x00, 0x00, 0x00, 0x00, 0x00, 
	0x00, 0x00, 0x00, 0x00, 0x00, 0x00, 0x00, 0x00, 
	0x00, 0x00, 0x00, 0x00, 0x00, 0x00, 0x00, 0x00, 
	0x00, 0x00, 0x00, 0x00, 0x00, 0x00, 0x00, 0x00, 
	0x00, 0x00, 0x00, 0x00, 0x00, 0x00, 0x00, 0x00, 
	0x00, 0x00, 0x00, 0x00, 0x00, 0x00, 0x00, 0x00, 
	0x00, 0x00, 0x00, 0x00, 0x00, 0x00, 0x00, 0x00, 
	0x00, 0x00, 0x00, 0x00, 0x00, 0x00, 0x00, 0x00, 
	0x00, 0x00, 0x00, 0x00, 0x00, 0x00, 0x00, 0x00, 
	0x00, 0x00, 0x00, 0x00, 0x00, 0x00, 0x00, 0x00, 
	0x00, 0x00, 0x00, 0x00, 0x00, 0x00, 0x00, 0x00, 
	0x00, 0x00, 0x00, 0x00, 0x00, 0x00, 0x00, 0x00, 
	0x00, 0x00, 0x00, 0x00, 0x00, 0x00, 0x00, 0x00, 
	0x00, 0x00, 0x00, 0x00, 0x00, 0x00, 0x00, 0x00, 
	0x00, 0x00, 0x00, 0x00, 0x00, 0x00, 0x00, 0x00, 
	0x00, 0x00, 0x00, 0x00, 0x00, 0x00, 0x00, 0x00, 
	0x00, 0x00, 0x00, 0x00, 0x00, 0x00, 0x00, 0x00, 
	0x00, 0x00, 0x00, 0x00, 0x00, 0x00, 0x00, 0x00, 
	0x00, 0x00, 0x00, 0x00, 0x00, 0x00, 0x00, 0x00, 
	0x00, 0x00, 0x00, 0x00, 0x00, 0x00, 0x00, 0x00, 
	0x00, 0x00, 0x00, 0x00, 0x00, 0x00, 0x00, 0x00, 
	0x00, 0x00, 0x00, 0x00, 0x00, 0x00, 0x00, 0x00, 
	0x00, 0x00, 0x00, 0x00, 0x00, 0x00, 0x00, 0x00, 
	0x00, 0x00, 0x00, 0x00, 0x00, 0x00, 0x00, 0x00, 
	0x00, 0x00, 0x00, 0x00, 0x00, 0x00, 0x00, 0x00, 
	0x00, 0x00, 0x00, 0x00, 0x00, 0x00, 0x00, 0x00, 
	0x00, 0x00, 0x00, 0x00, 0x00, 0x00, 0x00, 0x00, 
	0x00, 0x00, 0x00, 0x00, 0x00, 0x00, 0x00, 0x00, 
	0x00, 0x00, 0x00, 0x00, 0x00, 0x00, 0x00, 0x00, 
	0x00, 0x00, 0x00, 0x00, 0x00, 0x00, 0x00, 0x00, 
	0x00, 0x00, 0x00, 0x00, 0x00, 0x00, 0x00, 0x00, 
	0x00, 0x00, 0x00, 0x00, 0x00, 0x00, 0x00, 0x00, 
	0x00, 0x00, 0x00, 0x00, 0x00, 0x00, 0x00, 0x00, 
	0x00, 0x00, 0x00, 0x00, 0x00, 0x00, 0x00, 0x00, 
	0x00, 0x00, 0x00, 0x00, 0x00, 0x00, 0x00, 0x00, 
	0x00, 0x00, 0x00, 0x00, 0x00, 0x00, 0x00, 0x00, 
	0x00, 0x00, 0x00, 0x00, 0x00, 0x00, 0x00, 0x00, 
	0x00, 0x00, 0x00, 0x00, 0x00, 0x00, 0x00, 0x00, 
	0x00, 0x00, 0x00, 0x00, 0x00, 0x00, 0x00, 0x00, 
	0x00, 0x00, 0x00, 0x00, 0x00, 0x00, 0x00, 0x00, 
	0x00, 0x00, 0x00, 0x00, 0x00, 0x00, 0x00, 0x00, 
	0x00, 0x00, 0x00, 0x00, 0x00, 0x00, 0x00, 0x00, 
	0x00, 0x00, 0x00, 0x00, 0x00, 0x00, 0x00, 0x00, 
	0x00, 0x00, 0x00, 0x00, 0x00, 0x00, 0x00, 0x00, 
	0x00, 0x00, 0x00, 0x00, 0x00, 0x00, 0x00, 0x00, 
	0x00, 0x00, 0x00, 0x00, 0x00, 0x00, 0x00, 0x00, 
	0x00, 0x00, 0x00, 0x00, 0x00, 0x00, 0x00, 0x00, 
	0x00, 0x00, 0x00, 0x00, 0x00, 0x00, 0x00, 0x00, 
	0x00, 0x00, 0x00, 0x00, 0x00, 0x00, 0x00, 0x00, 
	0x00, 0x00, 0x00, 0x00, 0x00, 0x00, 0x00, 0x00, 
	0x00, 0x00, 0x00, 0x00, 0x00, 0x00, 0x00, 0x00, 
	0x00, 0x00, 0x00, 0x00, 0x00, 0x00, 0x00, 0x00, 
	0x01, 0x01, 0x01, 0x01, 0x01, 0x01, 0x01, 0x01, 
	0x01, 0x01, 0x01, 0x01, 0x01, 0x01, 0x01, 0x01, 
	0x01, 0x01, 0x01, 0x01, 0x01, 0x01, 0x01, 0x01, 
	0x01, 0x01, 0x01, 0x01, 0x01, 0x00, 0x00, 0x00, 
	0x00, 0x00, 0x00, 0x00, 0x00, 0x00, 0x00, 0x00, 
	0x00, 0x00, 0x00, 0x00, 0x00, 0x00, 0x00, 0x00, 
	0x00, 0x00, 0x00, 0x00, 0x00, 0x00, 0x00, 0x00, 
	0x00, 0x00, 0x00, 0x00, 0x01, 0x01, 0x01, 0x01, 
	0x01, 0x01, 0x01, 0x01, 0x01, 0x01, 0x01, 0x01, 
	0x01, 0x01, 0x01, 0x01, 0x01, 0x01, 0x01, 0x01, 
	0x01, 0x01, 0x01, 0x01, 0x01, 0x01, 0x01, 0x01, 
	0x01, 0x01, 0x01, 0x01, 0x01, 0x01, 0x01, 0x01, 
	0x01, 0x00, 0x00, 0x00, 0x00, 0x00, 0x00, 0x00, 
	0x00, 0x00, 0x00, 0x00, 0x00, 0x00, 0x00, 0x00, 
	0x00, 0x00, 0x00, 0x00, 0x00, 0x00, 0x00, 0x00, 
	0x00, 0x00, 0x01, 0x01, 0x01, 0x01, 0x01, 0x01, 
	0x01, 0x01, 0x01, 0x01, 0x01, 0x01, 0x01, 0x01, 
	0x01, 0x01, 0x01, 0x01, 0x01, 0x01, 0x01, 0x01, 
	0x01, 0x01, 0x01, 0x01, 0x01, 0x01, 0x01, 0x01, 
	0x01, 0x01, 0x01, 0x01, 0x01, 0x01, 0x01, 0x01, 
	0x01, 0x01, 0x01, 0x01, 0x00, 0x00, 0x00, 0x00, 
	0x00, 0x00, 0x00, 0x00, 0x00, 0x00, 0x00, 0x00, 
	0x00, 0x00, 0x00, 0x00, 0x00, 0x00, 0x00, 0x00, 
	0x01, 0x01, 0x01, 0x01, 0x01, 0x01, 0x01, 0x01, 
	0x01, 0x01, 0x01, 0x01, 0x01, 0x01, 0x01, 0x01, 
	0x01, 0x01, 0x01, 0x01, 0x01, 0x01, 0x01, 0x01, 
	0x01, 0x01, 0x01, 0x01, 0x01, 0x01, 0x01, 0x01, 
	0x01, 0x01, 0x02, 0x01, 0x01, 0x01, 0x01, 0x01, 
	0x01, 0x01, 0x01, 0x01, 0x01, 0x01, 0x01, 0x00, 
	0x00, 0x00, 0x00, 0x00, 0x00, 0x00, 0x00, 0x00, 
	0x00, 0x00, 0x00, 0x00, 0x00, 0x00, 0x00, 0x01, 
	0x01, 0x01, 0x01, 0x01, 0x01, 0x01, 0x01, 0x01, 
	0x01, 0x01, 0x03, 0x04, 0x04, 0x05, 0x06, 0x06, 
	0x06, 0x06, 0x06, 0x06, 0x06, 0x06, 0x06, 0x06, 
	0x06, 0x06, 0x06, 0x06, 0x06, 0x06, 0x06, 0x06, 
	0x06, 0x06, 0x07, 0x08, 0x09, 0x0a, 0x0b, 0x01, 
	0x01, 0x01, 0x01, 0x01, 0x01, 0x01, 0x01, 0x01, 
	0x01, 0x00, 0x00, 0x00, 0x00, 0x00, 0x00, 0x00, 
	0x00, 0x00, 0x00, 0x00, 0x00, 0x00, 0x01, 0x01, 
	0x01, 0x01, 0x01, 0x01, 0x01, 0x01, 0x01, 0x0c, 
	0x0d, 0x0e, 0x06, 0x06, 0x06, 0x06, 0x06, 0x06, 
	0x06, 0x06, 0x06, 0x06, 0x06, 0x06, 0x06, 0x06, 
	0x06, 0x06, 0x06, 0x06, 0x06, 0x06, 0x06, 0x06, 
	0x06, 0x06, 0x06, 0x06, 0x06, 0x06, 0x0f, 0x10, 
	0x02, 0x01, 0x01, 0x01, 0x01, 0x01, 0x01, 0x01, 
	0x01, 0x01, 0x00, 0x00, 0x00, 0x00, 0x00, 0x00, 
	0x00, 0x00, 0x00, 0x00, 0x00, 0x01, 0x01, 0x01, 
	0x01, 0x01, 0x01, 0x01, 0x02, 0x11, 0x12, 0x07, 
	0x06, 0x06, 0x06, 0x06, 0x06, 0x06, 0x06, 0x06, 
	0x06, 0x06, 0x06, 0x06, 0x06, 0x06, 0x06, 0x06, 
	0x06, 0x06, 0x06, 0x06, 0x06, 0x06, 0x06, 0x06, 
	0x06, 0x06, 0x06, 0x06, 0x06, 0x06, 0x06, 0x06, 
	0x06, 0x06, 0x12, 0x11, 0x01, 0x01, 0x01, 0x01, 
	0x01, 0x01, 0x01, 0x00, 0x00, 0x00, 0x00, 0x00, 
	0x00, 0x00, 0x00, 0x00, 0x01, 0x01, 0x01, 0x01, 
	0x01, 0x01, 0x02, 0x0a, 0x0e, 0x06, 0x06, 0x06, 
	0x06, 0x06, 0x06, 0x06, 0x06, 0x06, 0x06, 0x06, 
	0x06, 0x06, 0x06, 0x06, 0x06, 0x06, 0x06, 0x06, 
	0x06, 0x06, 0x06, 0x06, 0x06, 0x06, 0x06, 0x06, 
	0x06, 0x06, 0x06, 0x06, 0x06, 0x06, 0x06, 0x06, 
	0x06, 0x06, 0x06, 0x06, 0x12, 0x11, 0x01, 0x01, 
	0x01, 0x01, 0x01, 0x01, 0x00, 0x00, 0x00, 0x00, 
	0x00, 0x00, 0x00, 0x01, 0x01, 0x01, 0x01, 0x01, 
	0x01, 0x0d, 0x13, 0x06, 0x06, 0x06, 0x06, 0x06, 
	0x06, 0x06, 0x06, 0x06, 0x06, 0x06, 0x06, 0x06, 
	0x06, 0x06, 0x06, 0x06, 0x06, 0x06, 0x06, 0x06, 
	0x06, 0x06, 0x06, 0x06, 0x06, 0x06, 0x06, 0x06, 
	0x06, 0x06, 0x06, 0x06, 0x06, 0x06, 0x06, 0x06, 
	0x06, 0x06, 0x06, 0x06, 0x06, 0x06, 0x12, 0x11, 
	0x01, 0x01, 0x01, 0x01, 0x01, 0x00, 0x00, 0x00, 
	0x00, 0x00, 0x00, 0x01, 0x01, 0x01, 0x01, 0x0c, 
	0x14, 0x06, 0x06, 0x06, 0x06, 0x06, 0x06, 0x06, 
	0x06, 0x06, 0x06, 0x06, 0x06, 0x06, 0x06, 0x06, 
	0x06, 0x06, 0x06, 0x06, 0x06, 0x06, 0x06, 0x06, 
	0x06, 0x06, 0x06, 0x06, 0x06, 0x06, 0x06, 0x06, 
	0x06, 0x06, 0x06, 0x06, 0x06, 0x06, 0x06, 0x06, 
	0x06, 0x06, 0x06, 0x06, 0x06, 0x06, 0x06, 0x06, 
	0x15, 0x01, 0x01, 0x01, 0x01, 0x00, 0x00, 0x00, 
	0x00, 0x00, 0x00, 0x01, 0x01, 0x01, 0x0b, 0x07, 
	0x06, 0x06, 0x06, 0x06, 0x06, 0x06, 0x06, 0x06, 
	0x06, 0x06, 0x06, 0x06, 0x06, 0x16, 0x07, 0x08, 
	0x17, 0x15, 0x01, 0x01, 0x01, 0x01, 0x01, 0x01, 
	0x01, 0x01, 0x01, 0x01, 0x01, 0x01, 0x01, 0x01, 
	0x01, 0x01, 0x0c, 0x0c, 0x0b, 0x18, 0x19, 0x07, 
	0x06, 0x06, 0x06, 0x06, 0x06, 0x06, 0x06, 0x06, 
	0x06, 0x11, 0x01, 0x01, 0x01, 0x01, 0x00, 0x00, 
	0x00, 0x00, 0x00, 0x01, 0x01, 0x02, 0x07, 0x06, 
	0x06, 0x06, 0x06, 0x06, 0x06, 0x06, 0x06, 0x06, 
	0x06, 0x06, 0x1a, 0x04, 0x0d, 0x1b, 0x1c, 0x01, 
	0x01, 0x01, 0x01, 0x01, 0x01, 0x01, 0x01, 0x01, 
	0x01, 0x01, 0x01, 0x01, 0x01, 0x01, 0x01, 0x01, 
	0x01, 0x01, 0x01, 0x01, 0x01, 0x01, 0x01, 0x01, 
	0x03, 0x17, 0x06, 0x06, 0x06, 0x06, 0x06, 0x06, 
	0x06, 0x12, 0x01, 0x01, 0x01, 0x01, 0x00, 0x00, 
	0x00, 0x00, 0x01, 0x01, 0x01, 0x1d, 0x06, 0x06, 
	0x06, 0x06, 0x06, 0x06, 0x06, 0x06, 0x06, 0x06, 
	0x1e, 0x0c, 0x01, 0x01, 0x01, 0x01, 0x01, 0x01, 
	0x01, 0x01, 0x01, 0x01, 0x01, 0x01, 0x01, 0x01, 
	0x01, 0x01, 0x01, 0x01, 0x01, 0x01, 0x01, 0x01, 
	0x01, 0x01, 0x01, 0x01, 0x01, 0x01, 0x01, 0x01, 
	0x01, 0x01, 0x11, 0x1a, 0x06, 0x06, 0x06, 0x06, 
	0x06, 0x06, 0x01, 0x01, 0x01, 0x01, 0x00, 0x00, 
	0x00, 0x00, 0x01, 0x01, 0x01, 0x11, 0x06, 0x06, 
	0x06, 0x06, 0x06, 0x06, 0x06, 0x06, 0x06, 0x1f, 
	0x01, 0x01, 0x01, 0x01, 0x01, 0x01, 0x01, 0x01, 
	0x01, 0x01, 0x01, 0x01, 0x01, 0x01, 0x01, 0x01, 
	0x01, 0x01, 0x01, 0x01, 0x01, 0x01, 0x01, 0x01, 
	0x01, 0x01, 0x01, 0x01, 0x01, 0x01, 0x01, 0x01, 
	0x01, 0x01, 0x01, 0x01, 0x0e, 0x06, 0x06, 0x06, 
	0x06, 0x06, 0x01, 0x01, 0x01, 0x01, 0x00, 0x00, 
	0x00, 0x00, 0x01, 0x01, 0x01, 0x1d, 0x06, 0x06, 
	0x06, 0x06, 0x06, 0x06, 0x06, 0x06, 0x19, 0x01, 
	0x01, 0x01, 0x01, 0x01, 0x01, 0x01, 0x01, 0x01, 
	0x01, 0x01, 0x01, 0x01, 0x01, 0x01, 0x01, 0x01, 
	0x01, 0x01, 0x01, 0x01, 0x01, 0x01, 0x01, 0x01, 
	0x01, 0x01, 0x01, 0x01, 0x01, 0x01, 0x01, 0x01, 
	0x01, 0x01, 0x01, 0x01, 0x1c, 0x1e, 0x06, 0x06, 
	0x06, 0x12, 0x01, 0x01, 0x01, 0x01, 0x00, 0x00, 
	0x00, 0x00, 0x01, 0x01, 0x01, 0x20, 0x06, 0x06, 
	0x06, 0x06, 0x06, 0x06, 0x06, 0x06, 0x11, 0x01, 
	0x01, 0x01, 0x01, 0x01, 0x01, 0x01, 0x01, 0x01, 
	0x01, 0x01, 0x01, 0x01, 0x01, 0x01, 0x01, 0x01, 
	0x01, 0x01, 0x01, 0x01, 0x01, 0x01, 0x01, 0x01, 
	0x01, 0x01, 0x01, 0x01, 0x01, 0x01, 0x01, 0x01, 
	0x01, 0x01, 0x01, 0x01, 0x01, 0x01, 0x11, 0x12, 
	0x12, 0x21, 0x01, 0x01, 0x01, 0x01, 0x00, 0x00, 
	0x00, 0x00, 0x01, 0x01, 0x01, 0x01, 0x06, 0x06, 
	0x06, 0x06, 0x06, 0x06, 0x06, 0x06, 0x11, 0x01, 
	0x01, 0x01, 0x01, 0x01, 0x01, 0x01, 0x01, 0x01, 
	0x01, 0x01, 0x01, 0x01, 0x01, 0x01, 0x01, 0x01, 
	0x01, 0x01, 0x01, 0x01, 0x01, 0x01, 0x01, 0x01, 
	0x01, 0x01, 0x01, 0x01, 0x01, 0x01, 0x01, 0x01, 
	0x01, 0x01, 0x01, 0x01, 0x01, 0x01, 0x01, 0x01, 
	0x01, 0x01, 0x01, 0x01, 0x01, 0x01, 0x00, 0x00, 
	0x00, 0x00, 0x01, 0x01, 0x01, 0x01, 0x06, 0x06, 
	0x06, 0x06, 0x06, 0x06, 0x06, 0x06, 0x12, 0x01, 
	0x01, 0x01, 0x01, 0x01, 0x01, 0x01, 0x01, 0x01, 
	0x01, 0x01, 0x01, 0x01, 0x01, 0x01, 0x01, 0x01, 
	0x01, 0x01, 0x01, 0x01, 0x01, 0x01, 0x01, 0x01, 
	0x01, 0x01, 0x01, 0x01, 0x01, 0x01, 0x01, 0x01, 
	0x01, 0x01, 0x01, 0x01, 0x01, 0x01, 0x01, 0x01, 
	0x01, 0x01, 0x01, 0x01, 0x01, 0x00, 0x00, 0x00, 
	0x00, 0x00, 0x01, 0x01, 0x01, 0x01, 0x06, 0x06, 
	0x06, 0x06, 0x06, 0x06, 0x06, 0x06, 0x06, 0x15, 
	0x01, 0x01, 0x01, 0x01, 0x01, 0x02, 0x0d, 0x07, 
	0x1e, 0x02, 0x01, 0x01, 0x01, 0x01, 0x01, 0x01, 
	0x01, 0x01, 0x01, 0x01, 0x01, 0x01, 0x01, 0x01, 
	0x0c, 0x19, 0x06, 0x06, 0x06, 0x06, 0x06, 0x07, 
	0x22, 0x01, 0x01, 0x01, 0x01, 0x01, 0x01, 0x01, 
	0x01, 0x01, 0x01, 0x01, 0x00, 0x00, 0x00, 0x00, 
	0x00, 0x00, 0x01, 0x01, 0x01, 0x01, 0x08, 0x06, 
	0x06, 0x06, 0x06, 0x06, 0x06, 0x06, 0x06, 0x06, 
	0x12, 0x11, 0x1c, 0x1b, 0x0d, 0x23, 0x06, 0x06, 
	0x06, 0x07, 0x24, 0x01, 0x01, 0x01, 0x01, 0x01, 
	0x01, 0x01, 0x01, 0x01, 0x01, 0x01, 0x02, 0x25, 
	0x06, 0x06, 0x06, 0x06, 0x06, 0x06, 0x06, 0x06, 
	0x06, 0x19, 0x0c, 0x01, 0x01, 0x01, 0x01, 0x01, 
	0x01, 0x01, 0x00, 0x00, 0x00, 0x00, 0x00, 0x00, 
	0x00, 0x00, 0x01, 0x01, 0x01, 0x01, 0x19, 0x06, 
	0x06, 0x06, 0x06, 0x06, 0x06, 0x06, 0x06, 0x06, 
	0x06, 0x06, 0x06, 0x06, 0x06, 0x06, 0x06, 0x06, 
	0x06, 0x06, 0x06, 0x25, 0x01, 0x01, 0x01, 0x01, 
	0x01, 0x01, 0x01, 0x01, 0x01, 0x11, 0x07, 0x06, 
	0x06, 0x06, 0x06, 0x06, 0x06, 0x06, 0x06, 0x06, 
	0x06, 0x06, 0x06, 0x15, 0x01, 0x01, 0x01, 0x01, 
	0x01, 0x01, 0x00, 0x00, 0x00, 0x00, 0x00, 0x00, 
	0x00, 0x00, 0x01, 0x01, 0x01, 0x01, 0x11, 0x06, 
	0x06, 0x06, 0x06, 0x06, 0x06, 0x06, 0x06, 0x06, 
	0x06, 0x06, 0x06, 0x06, 0x06, 0x06, 0x06, 0x06, 
	0x06, 0x06, 0x06, 0x06, 0x17, 0x24, 0x01, 0x01, 
	0x01, 0x01, 0x01, 0x01, 0x0d, 0x16, 0x06, 0x06, 
	0x06, 0x06, 0x06, 0x06, 0x06, 0x06, 0x06, 0x06, 
	0x06, 0x06, 0x06, 0x06, 0x15, 0x01, 0x01, 0x01, 
	0x01, 0x01, 0x00, 0x00, 0x00, 0x00, 0x00, 0x00, 
	0x00, 0x00, 0x00, 0x01, 0x01, 0x01, 0x01, 0x12, 
	0x06, 0x06, 0x06, 0x06, 0x06, 0x06, 0x06, 0x06, 
	0x06, 0x06, 0x06, 0x06, 0x06, 0x06, 0x06, 0x06, 
	0x06, 0x06, 0x06, 0x06, 0x06, 0x06, 0x11, 0x01, 
	0x01, 0x01, 0x01, 0x24, 0x06, 0x06, 0x06, 0x06, 
	0x06, 0x06, 0x06, 0x06, 0x06, 0x06, 0x06, 0x06, 
	0x06, 0x06, 0x06, 0x06, 0x06, 0x11, 0x01, 0x01, 
	0x01, 0x01, 0x00, 0x00, 0x00, 0x00, 0x00, 0x00, 
	0x00, 0x00, 0x00, 0x01, 0x01, 0x01, 0x01, 0x11, 
	0x06, 0x06, 0x06, 0x06, 0x06, 0x06, 0x06, 0x06, 
	0x06, 0x06, 0x06, 0x06, 0x06, 0x06, 0x06, 0x06, 
	0x06, 0x06, 0x06, 0x06, 0x06, 0x06, 0x0f, 0x11, 
	0x01, 0x01, 0x11, 0x0f, 0x06, 0x06, 0x06, 0x06, 
	0x06, 0x06, 0x06, 0x06, 0x06, 0x06, 0x06, 0x06, 
	0x06, 0x06, 0x06, 0x06, 0x06, 0x12, 0x01, 0x01, 
	0x01, 0x01, 0x00, 0x00, 0x00, 0x00, 0x00, 0x00, 
	0x00, 0x00, 0x00, 0x00, 0x01, 0x01, 0x01, 0x01, 
	0x12, 0x06, 0x06, 0x06, 0x06, 0x06, 0x06, 0x06, 
	0x06, 0x06, 0x06, 0x06, 0x0f, 0x11, 0x01, 0x01, 
	0x11, 0x0f, 0x06, 0x06, 0x06, 0x06, 0x06, 0x06, 
	0x06, 0x06, 0x06, 0x06, 0x06, 0x06, 0x06, 0x06, 
	0x0f, 0x11, 0x01, 0x01, 0x11, 0x0f, 0x06, 0x06, 
	0x06, 0x06, 0x06, 0x06, 0x06, 0x06, 0x01, 0x01, 
	0x01, 0x01, 0x00, 0x00, 0x00, 0x00, 0x00, 0x00, 
	0x00, 0x00, 0x00, 0x00, 0x01, 0x01, 0x01, 0x01, 
	0x11, 0x06, 0x06, 0x06, 0x06, 0x06, 0x06, 0x06, 
	0x06, 0x06, 0x06, 0x06, 0x11, 0x01, 0x01, 0x01, 
	0x01, 0x11, 0x06, 0x06, 0x06, 0x06, 0x06, 0x06, 
	0x06, 0x06, 0x06, 0x06, 0x06, 0x06, 0x06, 0x06, 
	0x11, 0x01, 0x01, 0x01, 0x01, 0x11, 0x06, 0x06, 
	0x06, 0x06, 0x06, 0x06, 0x06, 0x06, 0x01, 0x01, 
	0x01, 0x01, 0x00, 0x00, 0x00, 0x00, 0x00, 0x00, 
	0x00, 0x00, 0x00, 0x00, 0x00, 0x01, 0x01, 0x01, 
	0x01, 0x15, 0x06, 0x06, 0x06, 0x06, 0x06, 0x06, 
	0x06, 0x06, 0x06, 0x12, 0x01, 0x01, 0x01, 0x01, 
	0x01, 0x01, 0x12, 0x06, 0x06, 0x06, 0x06, 0x06, 
	0x06, 0x06, 0x06, 0x06, 0x06, 0x06, 0x06, 0x12, 
	0x01, 0x01, 0x01, 0x01, 0x01, 0x01, 0x12, 0x06, 
	0x06, 0x06, 0x06, 0x06, 0x06, 0x12, 0x01, 0x01, 
	0x01, 0x01, 0x00, 0x00, 0x00, 0x00, 0x00, 0x00, 
	0x00, 0x00, 0x00, 0x00, 0x00, 0x01, 0x01, 0x01, 
	0x01, 0x01, 0x15, 0x06, 0x06, 0x06, 0x06, 0x06, 
	0x06, 0x06, 0x06, 0x11, 0x01, 0x01, 0x01, 0x01, 
	0x01, 0x01, 0x11, 0x06, 0x06, 0x06, 0x06, 0x06, 
	0x06, 0x06, 0x06, 0x06, 0x06, 0x06, 0x06, 0x11, 
	0x01, 0x01, 0x01, 0x01, 0x01, 0x01, 0x11, 0x06, 
	0x06, 0x06, 0x06, 0x06, 0x06, 0x11, 0x01, 0x01, 
	0x01, 0x01, 0x00, 0x00, 0x00, 0x00, 0x00, 0x00, 
	0x00, 0x00, 0x00, 0x00, 0x00, 0x00, 0x01, 0x01, 
	0x01, 0x01, 0x01, 0x15, 0x06, 0x06, 0x06, 0x06, 
	0x06, 0x06, 0x15, 0x01, 0x01, 0x01, 0x01, 0x01, 
	0x01, 0x01, 0x01, 0x15, 0x06, 0x06, 0x06, 0x06, 
	0x06, 0x06, 0x06, 0x06, 0x06, 0x06, 0x15, 0x01, 
	0x01, 0x01, 0x01, 0x01, 0x01, 0x01, 0x01, 0x15, 
	0x06, 0x06, 0x06, 0x06, 0x15, 0x01, 0x01, 0x01, 
	0x01, 0x00, 0x00, 0x00, 0x00, 0x00, 0x00, 0x00, 
	0x00, 0x00, 0x00, 0x00, 0x00, 0x00, 0x00, 0x01, 
	0x01, 0x01, 0x01, 0x01, 0x11, 0x12, 0x06, 0x06, 
	0x12, 0x11, 0x01, 0x01, 0x01, 0x01, 0x01, 0x01, 
	0x01, 0x01, 0x01, 0x01, 0x11, 0x12, 0x06, 0x06, 
	0x06, 0x06, 0x06, 0x06, 0x12, 0x11, 0x01, 0x01, 
	0x01, 0x01, 0x01, 0x01, 0x01, 0x01, 0x01, 0x01, 
	0x11, 0x12, 0x12, 0x11, 0x01, 0x01, 0x01, 0x01, 
	0x01, 0x00, 0x00, 0x00, 0x00, 0x00, 0x00, 0x00, 
	0x00, 0x00, 0x00, 0x00, 0x00, 0x00, 0x00, 0x00, 
	0x01, 0x01, 0x01, 0x01, 0x01, 0x01, 0x01, 0x01, 
	0x01, 0x01, 0x01, 0x01, 0x01, 0x01, 0x00, 0x00, 
	0x01, 0x01, 0x01, 0x01, 0x01, 0x01, 0x01, 0x01, 
	0x01, 0x01, 0x01, 0x01, 0x01, 0x01, 0x01, 0x01, 
	0x01, 0x01, 0x00, 0x00, 0x01, 0x01, 0x01, 0x01, 
	0x01, 0x01, 0x01, 0x01, 0x01, 0x01, 0x01, 0x01, 
	0x00, 0x00, 0x00, 0x00, 0x00, 0x00, 0x00, 0x00, 
	0x00, 0x00, 0x00, 0x00, 0x00, 0x00, 0x00, 0x00, 
	0x00, 0x00, 0x01, 0x01, 0x01, 0x01, 0x01, 0x01, 
	0x01, 0x01, 0x01, 0x01, 0x01, 0x00, 0x00, 0x00, 
	0x00, 0x01, 0x01, 0x01, 0x01, 0x01, 0x01, 0x01, 
	0x01, 0x01, 0x01, 0x01, 0x01, 0x01, 0x01, 0x01, 
	0x01, 0x00, 0x00, 0x00, 0x00, 0x01, 0x01, 0x01, 
	0x01, 0x01, 0x01, 0x01, 0x01, 0x01, 0x01, 0x00, 
	0x00, 0x00, 0x00, 0x00, 0x00, 0x00, 0x00, 0x00, 
	0x00, 0x00, 0x00, 0x00, 0x00, 0x00, 0x00, 0x00, 
	0x00, 0x00, 0x00, 0x00, 0x01, 0x01, 0x01, 0x01, 
	0x01, 0x01, 0x01, 0x01, 0x00, 0x00, 0x00, 0x00, 
	0x00, 0x00, 0x01, 0x01, 0x01, 0x01, 0x01, 0x01, 
	0x01, 0x01, 0x01, 0x01, 0x01, 0x01, 0x01, 0x01, 
	0x00, 0x00, 0x00, 0x00, 0x00, 0x00, 0x01, 0x01, 
	0x01, 0x01, 0x01, 0x01, 0x01, 0x01, 0x00, 0x00, 
	0x00, 0x00, 0x00, 0x00, 0x00, 0x00, 0x00, 0x00, 
	0x00, 0x00, 0x00, 0x00, 0x00, 0x00, 0x00, 0x00, 
	0x00, 0x00, 0x00, 0x00, 0x00, 0x00, 0x01, 0x01, 
	0x01, 0x01, 0x00, 0x00, 0x00, 0x00, 0x00, 0x00, 
	0x00, 0x00, 0x00, 0x00, 0x01, 0x01, 0x01, 0x01, 
	0x01, 0x01, 0x01, 0x01, 0x01, 0x01, 0x00, 0x00, 
	0x00, 0x00, 0x00, 0x00, 0x00, 0x00, 0x00, 0x00, 
	0x01, 0x01, 0x01, 0x01, 0x00, 0x00, 0x00, 0x00, 
	0x00, 0x00, 0x00, 0x00, 0x00, 0x00, 0x00, 0x00, 
	0x00, 0x00, 0x00, 0x00, 0x00, 0x00, 0x00, 0x00, 
	0x00, 0x00, 0x00, 0x00, 0x00, 0x00, 0x00, 0x00, 
	0x00, 0x00, 0x00, 0x00, 0x00, 0x00, 0x00, 0x00, 
	0x00, 0x00, 0x00, 0x00, 0x00, 0x00, 0x00, 0x00, 
	0x00, 0x00, 0x00, 0x00, 0x00, 0x00, 0x00, 0x00, 
	0x00, 0x00, 0x00, 0x00, 0x00, 0x00, 0x00, 0x00, 
	0x00, 0x00, 0x00, 0x00, 0x00, 0x00, 0x00, 0x00, 
	0x00, 0x00, 0x00, 0x00, 0x00, 0x00, 0x00, 0x00, 
	0x00, 0x00, 0x00, 0x00, 0x00, 0x00, 0x00, 0x00, 
	0x00, 0x00, 0x00, 0x00, 0x00, 0x00, 0x00, 0x00, 
	0x00, 0x00, 0x00, 0x00, 0x00, 0x00, 0x00, 0x00, 
	0x00, 0x00, 0x00, 0x00, 0x00, 0x00, 0x00, 0x00, 
	0x00, 0x00, 0x00, 0x00, 0x00, 0x00, 0x00, 0x00, 
	0x00, 0x00, 0x00, 0x00, 0x00, 0x00, 0x00, 0x00, 
	0x00, 0x00, 0x00, 0x00, 0x00, 0x00, 0x00, 0x00, 
	0x00, 0x00, 0x00, 0x00, 0x00, 0x00, 0x00, 0x00, 
	0x00, 0x00, 0x00, 0x00, 0x00, 0x00, 0x00, 0x00, 
	0x00, 0x00, 0x00, 0x00, 0x00, 0x00, 0x00, 0x00, 
	0x00, 0x00, 0x00, 0x00, 0x00, 0x00, 0x00, 0x00, 
	0x00, 0x00, 0x00, 0x00, 0x00, 0x00, 0x00, 0x00, 
	0x00, 0x00, 0x00, 0x00, 0x00, 0x00, 0x00, 0x00, 
	0x00, 0x00, 0x00, 0x00, 0x00, 0x00, 0x00, 0x00, 
	0x00, 0x00, 0x00, 0x00, 0x00, 0x00, 0x00, 0x00, 
	0x00, 0x00, 0x00, 0x00, 0x00, 0x00, 0x00, 0x00, 
	0x00, 0x00, 0x00, 0x00, 0x00, 0x00, 0x00, 0x00, 
	0x00, 0x00, 0x00, 0x00, 0x00, 0x00, 0x00, 0x00, 
	0x00, 0x00, 0x00, 0x00, 0x00, 0x00, 0x00, 0x00, 
	0x00, 0x00, 0x00, 0x00, 0x00, 0x00, 0x00, 0x00, 
	0x00, 0x00, 0x00, 0x00, 0x00, 0x00, 0x00, 0x00, 
	0x00, 0x00, 0x00, 0x00, 0x00, 0x00, 0x00, 0x00, 
	0x00, 0x00, 0x00, 0x00, 0x00, 0x00, 0x00, 0x00, 
	0x00, 0x00, 0x00, 0x00, 0x00, 0x00, 0x00, 0x00, 
	0x00, 0x00, 0x00, 0x00, 0x00, 0x00, 0x00, 0x00, 
	0x00, 0x00, 0x00, 0x00, 0x00, 0x00, 0x00, 0x00, 
	0x00, 0x00, 0x00, 0x00, 0x00, 0x00, 0x00, 0x00, 
	0x00, 0x00, 0x00, 0x00, 0x00, 0x00, 0x00, 0x00, 
	0x00, 0x00, 0x00, 0x00, 0x00, 0x00, 0x00, 0x00, 
	0x00, 0x00, 0x00, 0x00, 0x00, 0x00, 0x00, 0x00, 
	0x00, 0x00, 0x00, 0x00, 0x00, 0x00, 0x00, 0x00, 
	0x00, 0x00, 0x00, 0x00, 0x00, 0x00, 0x00, 0x00, 
	0x00, 0x00, 0x00, 0x00, 0x00, 0x00, 0x00, 0x00, 
	0x00, 0x00, 0x00, 0x00, 0x00, 0x00, 0x00, 0x00, 
	0x00, 0x00, 0x00, 0x00, 0x00, 0x00, 0x00, 0x00, 
	0x00, 0x00, 0x00, 0x00, 0x00, 0x00, 0x00, 0x00, 
	0x00, 0x00, 0x00, 0x00, 0x00, 0x00, 0x00, 0x00, 
	0x00, 0x00, 0x00, 0x00, 0x00, 0x00, 0x00, 0x00, 
	0x00, 0x00, 0x00, 0x00, 0x00, 0x00, 0x00, 0x00, 
	0x00, 0x00, 0x00, 0x00, 0x00, 0x00, 0x00, 0x00, 
	0x00, 0x00, 0x00, 0x00, 0x00, 0x00, 0x00, 0x00, 
	0x00, 0x00, 0x00, 0x00, 0x00, 0x00, 0x00, 0x00, 
	0x00, 0x00, 0x00, 0x00, 0x00, 0x00, 0x00, 0x00, 
	0x00, 0x00, 0x00, 0x00, 0x00, 0x00, 0x00, 0x00, 
	0x00, 0x00, 0x00, 0x00, 0x00, 0x00, 0x00, 0x00, 
	0x00, 0x00, 0x00, 0x00, 0x00, 0x00, 0x00, 0x00, 
	0x00, 0x00, 0x00, 0x00, 0x00, 0x00, 0x00, 0x00, 
	0x00, 0x00, 0x00, 0x00, 0x00, 0x00, 0x00, 0x00, 
	0x00, 0x00, 0x00, 0x00, 0x00, 0x00, 0x00, 0x00, 
	0x00, 0x00, 0x00, 0x00, 0x00, 0x00, 0x00, 0x00, 
	0x00, 0x00, 0x00, 0x00, 0x00, 0x00, 0x00, 0x00, 
	0x00, 0x00, 0x00, 0x00, 0x00, 0x00, 0x00, 0x00, 
	0x00, 0x00, 0x00, 0x00, 0x00, 0x00, 0x00, 0x00, 
	0x00, 0x00, 0x00, 0x00, 0x00, 0x00, 0x00, 0x00, 
	0x00, 0x00, 0x00, 0x00, 0x00, 0x00, 0x00, 0x00, 
	0x00, 0x00, 0x00, 0x00, 0x00, 0x00, 0x00, 0x00, 
	0x00, 0x00, 0x00, 0x00, 0x00, 0x00, 0x00, 0x00, 
	0x00, 0x00, 0x00, 0x00, 0x00, 0x00, 0x00, 0x00, 
	0x00, 0x00, 0x00, 0x00, 0x00, 0x00, 0x00, 0x00, 
	0x00, 0x00, 0x00, 0x00, 0x00, 0x00, 0x00, 0x00, 
	0x00, 0x00, 0x00, 0x00, 0x00, 0x00, 0x00, 0x00, 
	0x00, 0x00, 0x00, 0x00, 0x00, 0x00, 0x00, 0x00, 
	0x00, 0x00, 0x00, 0x00, 0x00, 0x00, 0x00, 0x00, 
	0x00, 0x00, 0x00, 0x00, 0x00, 0x00, 0x00, 0x00, 
	0x00, 0x00, 0x00, 0x00, 0x00, 0x00, 0x00, 0x00, 
	0x00, 0x00, 0x00, 0x00, 0x00, 0x00, 0x00, 0x00, 
	0x00, 0x00, 0x00, 0x00, 0x00, 0x00, 0x00, 0x00, 
	0x00, 0x00, 0x00, 0x00, 0x00, 0x00, 0x00, 0x00, 
	0x00, 0x00, 0x00, 0x00, 0x00, 0x00, 0x00, 0x00, 
	0x00, 0x00, 0x00, 0x00, 0x00, 0x00, 0x00, 0x00, 
	0x00, 0x00, 0x00, 0x00, 0x00, 0x00, 0x00, 0x00, 
	0x00, 0x00, 0x00, 0x00, 0x00, 0x00, 0x00, 0x00, 
	0x00, 0x00, 0x00, 0x00, 0x00, 0x00, 0x00, 0x00, 
	0x00, 0x00, 0x00, 0x00, 0x00, 0x00, 0x00, 0x00, 
	0x00, 0x00, 0x00, 0x00, 0x00, 0x00, 0x00, 0x00, 
	0x00, 0x00, 0x00, 0x00, 0x00, 0x00, 0x00, 0x00, 
	0x00, 0x00, 0x00, 0x00, 0x00, 0x00, 0x00, 0x00, 
	0x00, 0x00, 0x00, 0x00, 0x00, 0x00, 0x00, 0x00, 
	0x00, 0x00, 0x00, 0x00, 0x00, 0x00, 0x00, 0x00, 
	0x00, 0x00, 0x00, 0x00, 0x00, 0x00, 0x00, 0x00, 
	0x00, 0x00, 0x00, 0x00, 0x00, 0x00, 0x00, 0x00, 
	0x00, 0x00, 0x00, 0x00, 0x00, 0x00, 0x00, 0x00, 
	0x00, 0x00, 0x00, 0x00, 0x00, 0x00, 0x00, 0x00, 
	0x00, 0x00, 0x00, 0x00, 0x00, 0x00, 0x00, 0x00, 
	0x00, 0x00, 0x00, 0x00, 0x00, 0x00, 0x00, 0x00, 
	0x00, 0x00, 0x00, 0x00, 0x00, 0x00, 0x00, 0x00, 
	0x00, 0x00, 0x00, 0x00, 0x00, 0x00, 0x00, 0x00, 
	0x00, 0x00, 0x00, 0x00, 0x00, 0x00, 0x00, 0x00, 
	0x00, 0x00, 0x00, 0x00, 0x00, 0x00, 0x00, 0x00, 
	0x00, 0x00, 0x00, 0x00, 0x00, 0x00, 0x00, 0x00, 
	0x00, 0x00, 0x00, 0x00, 0x00, 0x00, 0x00, 0x00, 
	0x00, 0x00, 0x00, 0x00, 0x00, 0x00, 0x00, 0x00, 
	0x00, 0x00, 0x00, 0x00, 0x00, 0x00, 0x00, 0x00, 
	0x00, 0x00, 0x00, 0x00, 0x00, 0x00, 0x00, 0x00, 
	0x00, 0x00, 0x00, 0x00, 0x00, 0x00, 0x00, 0x00, 
	0x00, 0x00, 0x00, 0x00, 0x00, 0x00, 0x00, 0x00, 
	0x00, 0x00, 0x00, 0x00, 0x00, 0x00, 0x00, 0x00, 
	0x00, 0x00, 0x00, 0x00, 0x00, 0x00, 0x00, 0x00, 
	0x00, 0x00, 0x00, 0x00, 0x00, 0x00, 0x00, 0x00, 
	0x00, 0x00, 0x00, 0x00, 0x00, 0x00, 0x00, 0x00, 
	0x00, 0x00, 0x00, 0x00, 0x00, 0x00, 0x00, 0x00, 
	0x00, 0x00, 0x00, 0x00, 0x00, 0x00, 0x00, 0x00, 
	0x00, 0x00, 0x00, 0x00, 0x00, 0x00, 0x00, 0x00, 
	0x00, 0x00, 0x00, 0x00, 0x00, 0x00, 0x00, 0x00, 
	
};

Texture squishy_chestlogo_pal_rgba16[] = {
	0x00, 0x00, 0x00, 0x01, 0x08, 0x41, 0x39, 0xc1, 
	0x73, 0x41, 0xb5, 0x01, 0xd6, 0x01, 0xcd, 0xc1, 
	0xb5, 0x41, 0x83, 0x81, 0x62, 0xc1, 0x29, 0x41, 
	0x10, 0x81, 0x52, 0x41, 0xbd, 0x81, 0xc5, 0x81, 
	0x83, 0xc1, 0x31, 0x81, 0x9c, 0x81, 0xbd, 0x41, 
	0xa4, 0x81, 0x6b, 0x01, 0xce, 0x01, 0xac, 0xc1, 
	0x52, 0x81, 0x94, 0x41, 0xad, 0x01, 0x39, 0x81, 
	0x18, 0xc1, 0x29, 0x01, 0x8c, 0x01, 0x4a, 0x01, 
	0x18, 0x81, 0x10, 0x41, 0x41, 0xc1, 0x9c, 0x41, 
	0x21, 0x01, 0x6b, 0x41, 
};

Texture squishy_hatlogo_ia8[] = {
	0x00, 0x00, 0x00, 0x00, 0x00, 0x00, 0x00, 0x00, 
	0x00, 0x00, 0x00, 0x00, 0x00, 0x00, 0x00, 0x00, 
	0x00, 0x00, 0x00, 0x00, 0x00, 0x00, 0x00, 0x00, 
	0x00, 0x00, 0x00, 0x00, 0x00, 0x00, 0x00, 0x00, 
	0x00, 0x00, 0x00, 0x00, 0x00, 0x00, 0x00, 0x00, 
	0x00, 0x00, 0x00, 0x00, 0x00, 0x00, 0x00, 0x00, 
	0x00, 0x00, 0x00, 0x00, 0x00, 0x00, 0x00, 0x00, 
	0x00, 0x00, 0x00, 0x00, 0x00, 0x00, 0x00, 0x00, 
	0x00, 0x00, 0x00, 0x00, 0x00, 0x00, 0x00, 0x00, 
	0x00, 0x00, 0x00, 0x00, 0x00, 0x00, 0x00, 0x00, 
	0x00, 0x00, 0x00, 0x00, 0x00, 0x00, 0x00, 0x00, 
	0x00, 0x00, 0x00, 0x00, 0x00, 0x00, 0x00, 0x00, 
	0x00, 0x00, 0x00, 0x00, 0x00, 0x00, 0x00, 0x00, 
	0x00, 0x00, 0x00, 0x00, 0x00, 0x00, 0x00, 0x00, 
	0x00, 0x00, 0x00, 0x00, 0x00, 0x00, 0x00, 0x00, 
	0x00, 0x00, 0x00, 0x00, 0x00, 0x00, 0x00, 0x00, 
	0x00, 0x00, 0x00, 0x00, 0x00, 0x00, 0x00, 0x00, 
	0x00, 0x00, 0x00, 0x00, 0x00, 0x00, 0x00, 0x00, 
	0x00, 0x00, 0x00, 0x00, 0x00, 0x00, 0x00, 0x00, 
	0x00, 0x00, 0x00, 0x00, 0x00, 0x00, 0x00, 0x00, 
	0x00, 0x00, 0x00, 0x00, 0x00, 0x00, 0x00, 0x00, 
	0x00, 0x00, 0x00, 0x00, 0x00, 0x00, 0x00, 0x00, 
	0x00, 0x00, 0x00, 0x00, 0x00, 0x00, 0x00, 0x00, 
	0x00, 0x00, 0x00, 0x00, 0x00, 0x00, 0x00, 0x00, 
	0x00, 0x00, 0x00, 0x00, 0x00, 0x00, 0x00, 0x00, 
	0x00, 0x00, 0x00, 0x00, 0x00, 0x00, 0x00, 0x00, 
	0x00, 0x00, 0x00, 0x00, 0x00, 0x00, 0x00, 0x00, 
	0x00, 0x00, 0x00, 0x00, 0x00, 0x00, 0x00, 0x00, 
	0x0f, 0x0f, 0x0f, 0x00, 0x00, 0x00, 0x00, 0x00, 
	0x00, 0x00, 0x00, 0x00, 0x00, 0x00, 0x00, 0x00, 
	0x00, 0x00, 0x00, 0x00, 0x00, 0x00, 0x00, 0x00, 
	0x00, 0x00, 0x00, 0x00, 0x00, 0x00, 0x00, 0x00, 
	0x00, 0x00, 0x00, 0x00, 0x00, 0x00, 0x00, 0x00, 
	0x00, 0x00, 0x00, 0x00, 0x00, 0x00, 0x00, 0x00, 
	0x00, 0x00, 0x00, 0x00, 0x00, 0x00, 0x00, 0x00, 
	0x00, 0x00, 0x00, 0x00, 0x00, 0x00, 0x00, 0x00, 
	0x0f, 0x0f, 0x0f, 0x00, 0x00, 0x00, 0x00, 0x00, 
	0x00, 0x00, 0x00, 0x00, 0x00, 0x00, 0x00, 0x00, 
	0x00, 0x00, 0x00, 0x00, 0x00, 0x00, 0x00, 0x00, 
	0x00, 0x00, 0x00, 0x00, 0x00, 0x00, 0x00, 0x00, 
	0x00, 0x00, 0x00, 0x00, 0x00, 0x00, 0x00, 0x00, 
	0x00, 0x00, 0x00, 0x00, 0x00, 0x00, 0x00, 0x00, 
	0x00, 0x00, 0x00, 0x00, 0x00, 0x00, 0x00, 0x00, 
	0x00, 0x00, 0x00, 0x00, 0x00, 0x00, 0x00, 0x0f, 
	0x0f, 0x0f, 0x0f, 0x00, 0x00, 0x00, 0x00, 0x00, 
	0x00, 0x00, 0x00, 0x00, 0x00, 0x00, 0x00, 0x00, 
	0x00, 0x00, 0x00, 0x00, 0x00, 0x00, 0x00, 0x00, 
	0x00, 0x00, 0x00, 0x00, 0x00, 0x00, 0x00, 0x00, 
	0x00, 0x00, 0x00, 0x00, 0x00, 0x00, 0x00, 0x00, 
	0x00, 0x00, 0x00, 0x00, 0x00, 0x00, 0x00, 0x00, 
	0x00, 0x00, 0x00, 0x00, 0x00, 0x00, 0x00, 0x00, 
	0x00, 0x00, 0x00, 0x00, 0x00, 0x00, 0x00, 0x0f, 
	0x0f, 0x0f, 0x0f, 0x00, 0x00, 0x00, 0x00, 0x00, 
	0x00, 0x00, 0x00, 0x00, 0x00, 0x00, 0x00, 0x00, 
	0x00, 0x00, 0x00, 0x00, 0x00, 0x00, 0x00, 0x00, 
	0x00, 0x00, 0x00, 0x00, 0x00, 0x00, 0x00, 0x00, 
	0x00, 0x00, 0x00, 0x00, 0x00, 0x00, 0x00, 0x00, 
	0x00, 0x00, 0x00, 0x00, 0x00, 0x00, 0x00, 0x00, 
	0x00, 0x00, 0x00, 0x00, 0x00, 0x00, 0x00, 0x00, 
	0x00, 0x00, 0x00, 0x00, 0x00, 0x00, 0x0f, 0x0f, 
	0x0f, 0x0f, 0x0f, 0x00, 0x00, 0x00, 0x00, 0x00, 
	0x00, 0x00, 0x00, 0x00, 0x00, 0x00, 0x00, 0x00, 
	0x00, 0x00, 0x00, 0x00, 0x00, 0x00, 0x00, 0x00, 
	0x00, 0x00, 0x00, 0x00, 0x00, 0x00, 0x00, 0x00, 
	0x00, 0x00, 0x00, 0x00, 0x00, 0x00, 0x00, 0x00, 
	0x00, 0x00, 0x00, 0x00, 0x00, 0x00, 0x00, 0x00, 
	0x00, 0x00, 0x00, 0x00, 0x00, 0x00, 0x00, 0x00, 
	0x00, 0x00, 0x00, 0x00, 0x00, 0x00, 0x0f, 0x0f, 
	0x0f, 0x0f, 0x0f, 0x00, 0x00, 0x00, 0x00, 0x00, 
	0x00, 0x00, 0x00, 0x00, 0x00, 0x00, 0x00, 0x00, 
	0x00, 0x00, 0x00, 0x00, 0x00, 0x00, 0x00, 0x00, 
	0x00, 0x00, 0x00, 0x00, 0x00, 0x00, 0x00, 0x00, 
	0x00, 0x00, 0x00, 0x00, 0x00, 0x00, 0x00, 0x00, 
	0x00, 0x00, 0x00, 0x00, 0x00, 0x00, 0x00, 0x00, 
	0x00, 0x00, 0x00, 0x00, 0x00, 0x00, 0x00, 0x00, 
	0x00, 0x00, 0x00, 0x00, 0x00, 0x00, 0x0f, 0x0f, 
	0x0f, 0x0f, 0x0f, 0x00, 0x00, 0x00, 0x00, 0x00, 
	0x00, 0x00, 0x00, 0x00, 0x00, 0x00, 0x00, 0x00, 
	0x00, 0x00, 0x00, 0x00, 0x00, 0x00, 0x00, 0x00, 
	0x00, 0x00, 0x00, 0x00, 0x00, 0x00, 0x00, 0x00, 
	0x00, 0x00, 0x00, 0x00, 0x00, 0x00, 0x00, 0x00, 
	0x00, 0x00, 0x00, 0x00, 0x00, 0x00, 0x00, 0x00, 
	0x00, 0x00, 0x00, 0x00, 0x00, 0x00, 0x00, 0x00, 
	0x00, 0x00, 0x00, 0x00, 0x00, 0x0f, 0x0f, 0x0f, 
	0x0f, 0x0f, 0x0f, 0x00, 0x00, 0x00, 0x00, 0x00, 
	0x00, 0x00, 0x00, 0x00, 0x00, 0x00, 0x00, 0x00, 
	0x00, 0x00, 0x00, 0x00, 0x00, 0x00, 0x00, 0x00, 
	0x00, 0x00, 0x00, 0x00, 0x00, 0x00, 0x00, 0x00, 
	0x00, 0x00, 0x00, 0x00, 0x00, 0x00, 0x00, 0x00, 
	0x00, 0x00, 0x00, 0x00, 0x00, 0x00, 0x00, 0x00, 
	0x00, 0x00, 0x00, 0x00, 0x00, 0x00, 0x00, 0x00, 
	0x00, 0x00, 0x00, 0x00, 0x00, 0x0f, 0x0f, 0x0f, 
	0x0f, 0x0f, 0x0f, 0x00, 0x00, 0x00, 0x00, 0x00, 
	0x00, 0x00, 0x00, 0x00, 0x00, 0x00, 0x00, 0x00, 
	0x00, 0x00, 0x00, 0x00, 0x00, 0x00, 0x00, 0x00, 
	0x00, 0x00, 0x00, 0x00, 0x00, 0x00, 0x00, 0x00, 
	0x00, 0x00, 0x00, 0x00, 0x00, 0x00, 0x00, 0x00, 
	0x00, 0x00, 0x00, 0x00, 0x00, 0x00, 0x00, 0x00, 
	0x00, 0x00, 0x00, 0x00, 0x00, 0x00, 0x00, 0x00, 
	0x00, 0x00, 0x00, 0x00, 0x0f, 0x0f, 0x0f, 0x0f, 
	0x0f, 0x0f, 0x0f, 0x00, 0x00, 0x00, 0x00, 0x00, 
	0x00, 0x00, 0x00, 0x00, 0x00, 0x00, 0x00, 0x00, 
	0x00, 0x00, 0x00, 0x00, 0x00, 0x00, 0x00, 0x00, 
	0x00, 0x00, 0x00, 0x00, 0x00, 0x00, 0x00, 0x00, 
	0x00, 0x00, 0x00, 0x00, 0x00, 0x00, 0x00, 0x00, 
	0x00, 0x00, 0x00, 0x00, 0x00, 0x00, 0x00, 0x00, 
	0x00, 0x00, 0x00, 0x00, 0x00, 0x00, 0x00, 0x00, 
	0x00, 0x00, 0x00, 0x00, 0x0f, 0x0f, 0x0f, 0x0f, 
	0x0f, 0x0f, 0x0f, 0x00, 0x00, 0x00, 0x00, 0x00, 
	0x00, 0x00, 0x00, 0x00, 0x00, 0x00, 0x00, 0x00, 
	0x00, 0x00, 0x00, 0x00, 0x00, 0x00, 0x00, 0x00, 
	0x00, 0x00, 0x00, 0x00, 0x00, 0x00, 0x00, 0x00, 
	0x00, 0x00, 0x00, 0x00, 0x00, 0x00, 0x00, 0x00, 
	0x00, 0x00, 0x00, 0x00, 0x00, 0x00, 0x00, 0x00, 
	0x00, 0x00, 0x00, 0x00, 0x00, 0x00, 0x00, 0x00, 
	0x00, 0x00, 0x00, 0x0f, 0x0f, 0x0f, 0x0f, 0x0f, 
	0x0f, 0x0f, 0x0f, 0x00, 0x00, 0x00, 0x00, 0x00, 
	0x00, 0x00, 0x00, 0x00, 0x00, 0x00, 0x00, 0x00, 
	0x00, 0x00, 0x00, 0x00, 0x00, 0x00, 0x00, 0x00, 
	0x00, 0x00, 0x00, 0x00, 0x00, 0x00, 0x00, 0x00, 
	0x00, 0x00, 0x00, 0x00, 0x00, 0x00, 0x00, 0x00, 
	0x00, 0x00, 0x00, 0x00, 0x00, 0x00, 0x00, 0x00, 
	0x00, 0x00, 0x00, 0x00, 0x00, 0x00, 0x00, 0x00, 
	0x00, 0x00, 0x00, 0x0f, 0x0f, 0x0f, 0x0f, 0x0f, 
	0x0f, 0x0f, 0x0f, 0x00, 0x00, 0x00, 0x00, 0x00, 
	0x00, 0x00, 0x00, 0x00, 0x00, 0x00, 0x00, 0x00, 
	0x00, 0x00, 0x00, 0x00, 0x00, 0x00, 0x00, 0x00, 
	0x00, 0x00, 0x00, 0x00, 0x00, 0x00, 0x00, 0x00, 
	0x00, 0x00, 0x00, 0x00, 0x00, 0x00, 0x00, 0x00, 
	0x00, 0x00, 0x00, 0x00, 0x00, 0x00, 0x00, 0x00, 
	0x00, 0x00, 0x00, 0x00, 0x00, 0x00, 0x00, 0x00, 
	0x00, 0x00, 0x0f, 0x0f, 0x0f, 0x0f, 0x0f, 0x0f, 
	0x0f, 0x0f, 0x0f, 0x00, 0x00, 0x00, 0x00, 0x00, 
	0x00, 0x00, 0x00, 0x00, 0x00, 0x00, 0x00, 0x00, 
	0x00, 0x00, 0x00, 0x00, 0x00, 0x00, 0x00, 0x00, 
	0x00, 0x00, 0x00, 0x00, 0x00, 0x00, 0x00, 0x00, 
	0x00, 0x00, 0x00, 0x00, 0x00, 0x00, 0x00, 0x00, 
	0x00, 0x00, 0x00, 0x00, 0x00, 0x00, 0x00, 0x00, 
	0x00, 0x00, 0x00, 0x00, 0x00, 0x00, 0x00, 0x00, 
	0x00, 0x00, 0x0f, 0x0f, 0x0f, 0x0f, 0x0f, 0x0f, 
	0x0f, 0x0f, 0x0f, 0x00, 0x00, 0x00, 0x00, 0x00, 
	0x00, 0x00, 0x00, 0x00, 0x00, 0x00, 0x00, 0x00, 
	0x00, 0x00, 0x00, 0x00, 0x00, 0x00, 0x00, 0x00, 
	0x00, 0x00, 0x00, 0x00, 0x00, 0x00, 0x00, 0x00, 
	0x00, 0x00, 0x00, 0x00, 0x00, 0x00, 0x00, 0x00, 
	0x00, 0x00, 0x00, 0x00, 0x00, 0x00, 0x00, 0x00, 
	0x00, 0x00, 0x00, 0x00, 0x00, 0x00, 0x00, 0x00, 
	0x00, 0x0f, 0x0f, 0x0f, 0x0f, 0x0f, 0x8f, 0x7f, 
	0x0f, 0x0f, 0x0f, 0x00, 0x00, 0x00, 0x00, 0x00, 
	0x00, 0x00, 0x00, 0x00, 0x00, 0x00, 0x00, 0x00, 
	0x00, 0x00, 0x00, 0x00, 0x00, 0x00, 0x00, 0x00, 
	0x00, 0x00, 0x00, 0x00, 0x00, 0x00, 0x00, 0x00, 
	0x00, 0x00, 0x00, 0x00, 0x00, 0x00, 0x00, 0x00, 
	0x00, 0x00, 0x00, 0x00, 0x00, 0x00, 0x00, 0x00, 
	0x00, 0x00, 0x00, 0x00, 0x00, 0x00, 0x00, 0x00, 
	0x00, 0x0f, 0x0f, 0x0f, 0x0f, 0x0f, 0xef, 0xcf, 
	0x0f, 0x0f, 0x0f, 0x00, 0x00, 0x00, 0x00, 0x00, 
	0x00, 0x00, 0x00, 0x00, 0x00, 0x00, 0x00, 0x00, 
	0x00, 0x00, 0x00, 0x00, 0x00, 0x00, 0x00, 0x00, 
	0x00, 0x00, 0x00, 0x00, 0x00, 0x00, 0x00, 0x00, 
	0x00, 0x00, 0x00, 0x00, 0x00, 0x00, 0x00, 0x00, 
	0x00, 0x00, 0x00, 0x00, 0x00, 0x00, 0x00, 0x00, 
	0x00, 0x00, 0x00, 0x00, 0x00, 0x00, 0x00, 0x00, 
	0x0f, 0x0f, 0x0f, 0x0f, 0x0f, 0x0f, 0xef, 0xcf, 
	0x0f, 0x0f, 0x0f, 0x00, 0x00, 0x00, 0x00, 0x00, 
	0x00, 0x00, 0x00, 0x00, 0x00, 0x00, 0x00, 0x00, 
	0x00, 0x00, 0x00, 0x00, 0x00, 0x00, 0x00, 0x00, 
	0x00, 0x00, 0x00, 0x00, 0x00, 0x00, 0x00, 0x00, 
	0x00, 0x00, 0x00, 0x00, 0x00, 0x00, 0x00, 0x00, 
	0x00, 0x00, 0x00, 0x00, 0x00, 0x00, 0x00, 0x00, 
	0x00, 0x00, 0x00, 0x00, 0x00, 0x00, 0x00, 0x0f, 
	0x0f, 0x0f, 0x0f, 0x0f, 0x0f, 0xcf, 0xff, 0xbf, 
	0x0f, 0x0f, 0x0f, 0x00, 0x00, 0x00, 0x00, 0x00, 
	0x00, 0x00, 0x00, 0x00, 0x00, 0x00, 0x00, 0x00, 
	0x00, 0x00, 0x00, 0x00, 0x00, 0x00, 0x00, 0x00, 
	0x00, 0x00, 0x00, 0x00, 0x00, 0x00, 0x00, 0x00, 
	0x00, 0x00, 0x00, 0x00, 0x00, 0x00, 0x00, 0x00, 
	0x00, 0x00, 0x00, 0x00, 0x00, 0x00, 0x00, 0x00, 
	0x00, 0x00, 0x00, 0x00, 0x00, 0x00, 0x0f, 0x0f, 
	0x0f, 0x0f, 0x0f, 0x0f, 0x6f, 0xff, 0xff, 0xbf, 
	0x0f, 0x0f, 0x0f, 0x00, 0x00, 0x00, 0x00, 0x00, 
	0x00, 0x00, 0x00, 0x00, 0x00, 0x00, 0x00, 0x00, 
	0x00, 0x00, 0x00, 0x00, 0x00, 0x00, 0x00, 0x00, 
	0x00, 0x00, 0x00, 0x00, 0x00, 0x00, 0x00, 0x00, 
	0x00, 0x00, 0x00, 0x00, 0x00, 0x00, 0x00, 0x00, 
	0x00, 0x00, 0x00, 0x00, 0x00, 0x00, 0x00, 0x00, 
	0x00, 0x00, 0x00, 0x00, 0x00, 0x0f, 0x0f, 0x0f, 
	0x0f, 0x0f, 0x0f, 0x0f, 0x8f, 0xff, 0xff, 0xbf, 
	0x0f, 0x0f, 0x0f, 0x00, 0x00, 0x00, 0x00, 0x00, 
	0x00, 0x00, 0x00, 0x00, 0x00, 0x00, 0x00, 0x00, 
	0x00, 0x00, 0x00, 0x00, 0x00, 0x00, 0x00, 0x00, 
	0x00, 0x00, 0x00, 0x00, 0x00, 0x00, 0x00, 0x00, 
	0x00, 0x00, 0x00, 0x00, 0x00, 0x00, 0x00, 0x00, 
	0x00, 0x00, 0x00, 0x00, 0x00, 0x00, 0x00, 0x00, 
	0x00, 0x00, 0x00, 0x00, 0x0f, 0x0f, 0x0f, 0x0f, 
	0x0f, 0x0f, 0x0f, 0xaf, 0xff, 0xff, 0xff, 0xbf, 
	0x0f, 0x0f, 0x0f, 0x00, 0x00, 0x00, 0x00, 0x00, 
	0x00, 0x00, 0x00, 0x00, 0x00, 0x00, 0x00, 0x00, 
	0x00, 0x00, 0x00, 0x00, 0x00, 0x00, 0x00, 0x00, 
	0x00, 0x00, 0x00, 0x00, 0x00, 0x00, 0x00, 0x00, 
	0x00, 0x00, 0x00, 0x00, 0x00, 0x00, 0x00, 0x00, 
	0x00, 0x00, 0x00, 0x00, 0x00, 0x00, 0x00, 0x00, 
	0x00, 0x00, 0x00, 0x0f, 0x0f, 0x0f, 0x0f, 0x0f, 
	0x0f, 0x0f, 0xbf, 0xef, 0xff, 0xff, 0xff, 0xbf, 
	0x0f, 0x0f, 0x0f, 0x00, 0x00, 0x00, 0x00, 0x00, 
	0x00, 0x00, 0x00, 0x00, 0x00, 0x00, 0x00, 0x00, 
	0x00, 0x00, 0x00, 0x00, 0x00, 0x00, 0x00, 0x00, 
	0x00, 0x00, 0x00, 0x00, 0x00, 0x00, 0x00, 0x00, 
	0x00, 0x00, 0x00, 0x00, 0x00, 0x00, 0x00, 0x00, 
	0x00, 0x00, 0x00, 0x00, 0x00, 0x00, 0x00, 0x00, 
	0x00, 0x00, 0x0f, 0x0f, 0x0f, 0x0f, 0x0f, 0x0f, 
	0x0f, 0x9f, 0xef, 0xff, 0xff, 0xff, 0xff, 0xbf, 
	0x0f, 0x0f, 0x0f, 0x00, 0x00, 0x00, 0x00, 0x00, 
	0x00, 0x00, 0x00, 0x00, 0x00, 0x00, 0x00, 0x00, 
	0x00, 0x00, 0x00, 0x00, 0x00, 0x00, 0x00, 0x00, 
	0x00, 0x00, 0x00, 0x00, 0x00, 0x00, 0x00, 0x00, 
	0x00, 0x00, 0x00, 0x00, 0x00, 0x00, 0x00, 0x00, 
	0x00, 0x00, 0x00, 0x00, 0x00, 0x00, 0x00, 0x00, 
	0x00, 0x0f, 0x0f, 0x0f, 0x0f, 0x0f, 0x0f, 0x0f, 
	0x8f, 0xff, 0xff, 0xff, 0xff, 0xff, 0xff, 0xcf, 
	0x0f, 0x0f, 0x0f, 0x0f, 0x0f, 0x0f, 0x0f, 0x0f, 
	0x0f, 0x0f, 0x0f, 0x0f, 0x0f, 0x0f, 0x0f, 0x0f, 
	0x0f, 0x0f, 0x0f, 0x0f, 0x0f, 0x0f, 0x0f, 0x0f, 
	0x0f, 0x0f, 0x0f, 0x00, 0x00, 0x00, 0x00, 0x00, 
	0x00, 0x00, 0x00, 0x00, 0x00, 0x00, 0x00, 0x00, 
	0x00, 0x00, 0x00, 0x00, 0x00, 0x00, 0x00, 0x00, 
	0x0f, 0x0f, 0x0f, 0x0f, 0x0f, 0x0f, 0x0f, 0x9f, 
	0xff, 0xff, 0xff, 0xff, 0xff, 0xff, 0xff, 0xcf, 
	0x0f, 0x0f, 0x0f, 0x0f, 0x0f, 0x0f, 0x0f, 0x0f, 
	0x0f, 0x0f, 0x0f, 0x0f, 0x0f, 0x0f, 0x0f, 0x0f, 
	0x0f, 0x0f, 0x0f, 0x0f, 0x0f, 0x0f, 0x0f, 0x0f, 
	0x0f, 0x0f, 0x0f, 0x00, 0x00, 0x00, 0x00, 0x00, 
	0x00, 0x00, 0x00, 0x00, 0x00, 0x00, 0x00, 0x00, 
	0x00, 0x00, 0x00, 0x00, 0x00, 0x00, 0x00, 0x0f, 
	0x0f, 0x0f, 0x0f, 0x0f, 0x0f, 0x0f, 0xaf, 0xef, 
	0xff, 0xff, 0xff, 0xff, 0xff, 0xff, 0xff, 0xcf, 
	0x0f, 0x0f, 0x0f, 0x0f, 0x0f, 0x0f, 0x0f, 0x0f, 
	0x0f, 0x0f, 0x0f, 0x0f, 0x0f, 0x0f, 0x0f, 0x0f, 
	0x0f, 0x0f, 0x0f, 0x0f, 0x0f, 0x0f, 0x0f, 0x0f, 
	0x0f, 0x0f, 0x0f, 0x00, 0x00, 0x00, 0x00, 0x00, 
	0x00, 0x00, 0x00, 0x00, 0x00, 0x00, 0x00, 0x00, 
	0x00, 0x00, 0x00, 0x00, 0x00, 0x00, 0x0f, 0x0f, 
	0x0f, 0x0f, 0x0f, 0x0f, 0x0f, 0xaf, 0xef, 0xff, 
	0xff, 0xff, 0xff, 0xff, 0xff, 0xff, 0xff, 0xdf, 
	0xaf, 0xbf, 0xbf, 0xbf, 0xbf, 0xbf, 0xbf, 0xbf, 
	0xbf, 0xbf, 0xbf, 0xbf, 0xcf, 0xbf, 0x0f, 0x0f, 
	0x0f, 0x0f, 0x0f, 0x0f, 0x0f, 0x0f, 0x0f, 0x0f, 
	0x0f, 0x00, 0x00, 0x00, 0x00, 0x00, 0x00, 0x00, 
	0x00, 0x00, 0x00, 0x00, 0x00, 0x00, 0x00, 0x00, 
	0x00, 0x00, 0x00, 0x00, 0x0f, 0x0f, 0x0f, 0x0f, 
	0x0f, 0x0f, 0x0f, 0x0f, 0x8f, 0xff, 0xff, 0xff, 
	0xff, 0xff, 0xff, 0xff, 0xff, 0xff, 0xff, 0xff, 
	0xff, 0xff, 0xff, 0xff, 0xff, 0xff, 0xff, 0xff, 
	0xff, 0xff, 0xff, 0xff, 0xef, 0xdf, 0x0f, 0x0f, 
	0x0f, 0x0f, 0x0f, 0x0f, 0x0f, 0x0f, 0x0f, 0x00, 
	0x00, 0x00, 0x00, 0x00, 0x00, 0x00, 0x00, 0x00, 
	0x00, 0x00, 0x00, 0x00, 0x00, 0x00, 0x00, 0x00, 
	0x00, 0x00, 0x0f, 0x0f, 0x0f, 0x0f, 0x0f, 0x0f, 
	0x0f, 0x0f, 0x0f, 0x9f, 0xff, 0xff, 0xff, 0xff, 
	0xff, 0xff, 0xff, 0xff, 0xff, 0xff, 0xff, 0xff, 
	0xff, 0xff, 0xff, 0xff, 0xff, 0xff, 0xff, 0xff, 
	0xff, 0xff, 0xff, 0x9f, 0x0f, 0x0f, 0x0f, 0x0f, 
	0x0f, 0x0f, 0x0f, 0x0f, 0x0f, 0x00, 0x00, 0x00, 
	0x00, 0x00, 0x00, 0x00, 0x00, 0x00, 0x00, 0x00, 
	0x00, 0x00, 0x00, 0x00, 0x00, 0x00, 0x00, 0x00, 
	0x0f, 0x0f, 0x0f, 0x0f, 0x0f, 0x0f, 0x0f, 0x0f, 
	0x0f, 0xdf, 0xef, 0xff, 0xff, 0xff, 0xff, 0xff, 
	0xff, 0xff, 0xff, 0xff, 0xff, 0xff, 0xff, 0xff, 
	0xff, 0xff, 0xff, 0xff, 0xff, 0xff, 0xff, 0xff, 
	0xff, 0xff, 0x8f, 0x0f, 0x0f, 0x0f, 0x0f, 0x0f, 
	0x0f, 0x0f, 0x0f, 0x00, 0x00, 0x00, 0x00, 0x00, 
	0x00, 0x00, 0x00, 0x00, 0x00, 0x00, 0x00, 0x00, 
	0x00, 0x00, 0x00, 0x00, 0x00, 0x00, 0x0f, 0x0f, 
	0x0f, 0x0f, 0x0f, 0x0f, 0x0f, 0x0f, 0x0f, 0x0f, 
	0x0f, 0xbf, 0xcf, 0xbf, 0xbf, 0xbf, 0xbf, 0xbf, 
	0xbf, 0xbf, 0xbf, 0xbf, 0xcf, 0xcf, 0xcf, 0xdf, 
	0xff, 0xff, 0xff, 0xff, 0xff, 0xff, 0xff, 0xff, 
	0xef, 0xaf, 0x0f, 0x0f, 0x0f, 0x0f, 0x0f, 0x0f, 
	0x0f, 0x00, 0x00, 0x00, 0x00, 0x00, 0x00, 0x00, 
	0x00, 0x00, 0x00, 0x00, 0x00, 0x00, 0x00, 0x00, 
	0x00, 0x00, 0x00, 0x00, 0x0f, 0x0f, 0x0f, 0x0f, 
	0x0f, 0x0f, 0x0f, 0x0f, 0x0f, 0x0f, 0x0f, 0x0f, 
	0x0f, 0x0f, 0x0f, 0x0f, 0x0f, 0x0f, 0x0f, 0x0f, 
	0x0f, 0x0f, 0x0f, 0x0f, 0x0f, 0x0f, 0x0f, 0xbf, 
	0xff, 0xff, 0xff, 0xff, 0xff, 0xff, 0xff, 0xef, 
	0xaf, 0x0f, 0x0f, 0x0f, 0x0f, 0x0f, 0x0f, 0x0f, 
	0x00, 0x00, 0x00, 0x00, 0x00, 0x00, 0x00, 0x00, 
	0x00, 0x00, 0x00, 0x00, 0x00, 0x00, 0x00, 0x00, 
	0x00, 0x00, 0x00, 0x00, 0x0f, 0x0f, 0x0f, 0x0f, 
	0x0f, 0x0f, 0x0f, 0x0f, 0x0f, 0x0f, 0x0f, 0x0f, 
	0x0f, 0x0f, 0x0f, 0x0f, 0x0f, 0x0f, 0x0f, 0x0f, 
	0x0f, 0x0f, 0x0f, 0x0f, 0x0f, 0x0f, 0x0f, 0xbf, 
	0xff, 0xff, 0xff, 0xff, 0xff, 0xff, 0xff, 0x9f, 
	0x0f, 0x0f, 0x0f, 0x0f, 0x0f, 0x0f, 0x0f, 0x00, 
	0x00, 0x00, 0x00, 0x00, 0x00, 0x00, 0x00, 0x00, 
	0x00, 0x00, 0x00, 0x00, 0x00, 0x00, 0x00, 0x00, 
	0x00, 0x00, 0x00, 0x00, 0x0f, 0x0f, 0x0f, 0x0f, 
	0x0f, 0x0f, 0x0f, 0x0f, 0x0f, 0x0f, 0x0f, 0x0f, 
	0x0f, 0x0f, 0x0f, 0x0f, 0x0f, 0x0f, 0x0f, 0x0f, 
	0x0f, 0x0f, 0x0f, 0x0f, 0x0f, 0x0f, 0x0f, 0xbf, 
	0xff, 0xff, 0xff, 0xff, 0xff, 0xff, 0x8f, 0x0f, 
	0x0f, 0x0f, 0x0f, 0x0f, 0x0f, 0x0f, 0x00, 0x00, 
	0x00, 0x00, 0x00, 0x00, 0x00, 0x00, 0x00, 0x00, 
	0x00, 0x00, 0x00, 0x00, 0x00, 0x00, 0x00, 0x00, 
	0x00, 0x00, 0x00, 0x00, 0x00, 0x00, 0x00, 0x00, 
	0x00, 0x00, 0x00, 0x00, 0x00, 0x00, 0x00, 0x00, 
	0x00, 0x00, 0x00, 0x00, 0x00, 0x00, 0x00, 0x00, 
	0x00, 0x00, 0x00, 0x00, 0x0f, 0x0f, 0x0f, 0xbf, 
	0xff, 0xff, 0xff, 0xff, 0xef, 0x9f, 0x0f, 0x0f, 
	0x0f, 0x0f, 0x0f, 0x0f, 0x0f, 0x00, 0x00, 0x00, 
	0x00, 0x00, 0x00, 0x00, 0x00, 0x00, 0x00, 0x00, 
	0x00, 0x00, 0x00, 0x00, 0x00, 0x00, 0x00, 0x00, 
	0x00, 0x00, 0x00, 0x00, 0x00, 0x00, 0x00, 0x00, 
	0x00, 0x00, 0x00, 0x00, 0x00, 0x00, 0x00, 0x00, 
	0x00, 0x00, 0x00, 0x00, 0x00, 0x00, 0x00, 0x00, 
	0x00, 0x00, 0x00, 0x00, 0x0f, 0x0f, 0x0f, 0xbf, 
	0xff, 0xff, 0xff, 0xef, 0xbf, 0x0f, 0x0f, 0x0f, 
	0x0f, 0x0f, 0x0f, 0x0f, 0x00, 0x00, 0x00, 0x00, 
	0x00, 0x00, 0x00, 0x00, 0x00, 0x00, 0x00, 0x00, 
	0x00, 0x00, 0x00, 0x00, 0x00, 0x00, 0x00, 0x00, 
	0x00, 0x00, 0x00, 0x00, 0x00, 0x00, 0x00, 0x00, 
	0x00, 0x00, 0x00, 0x00, 0x00, 0x00, 0x00, 0x00, 
	0x00, 0x00, 0x00, 0x00, 0x00, 0x00, 0x00, 0x00, 
	0x00, 0x00, 0x00, 0x00, 0x0f, 0x0f, 0x0f, 0xbf, 
	0xff, 0xff, 0xff, 0xaf, 0x0f, 0x0f, 0x0f, 0x0f, 
	0x0f, 0x0f, 0x0f, 0x00, 0x00, 0x00, 0x00, 0x00, 
	0x00, 0x00, 0x00, 0x00, 0x00, 0x00, 0x00, 0x00, 
	0x00, 0x00, 0x00, 0x00, 0x00, 0x00, 0x00, 0x00, 
	0x00, 0x00, 0x00, 0x00, 0x00, 0x00, 0x00, 0x00, 
	0x00, 0x00, 0x00, 0x00, 0x00, 0x00, 0x00, 0x00, 
	0x00, 0x00, 0x00, 0x00, 0x00, 0x00, 0x00, 0x00, 
	0x00, 0x00, 0x00, 0x00, 0x0f, 0x0f, 0x0f, 0xbf, 
	0xff, 0xff, 0x8f, 0x0f, 0x0f, 0x0f, 0x0f, 0x0f, 
	0x0f, 0x0f, 0x00, 0x00, 0x00, 0x00, 0x00, 0x00, 
	0x00, 0x00, 0x00, 0x00, 0x00, 0x00, 0x00, 0x00, 
	0x00, 0x00, 0x00, 0x00, 0x00, 0x00, 0x00, 0x00, 
	0x00, 0x00, 0x00, 0x00, 0x00, 0x00, 0x00, 0x00, 
	0x00, 0x00, 0x00, 0x00, 0x00, 0x00, 0x00, 0x00, 
	0x00, 0x00, 0x00, 0x00, 0x00, 0x00, 0x00, 0x00, 
	0x00, 0x00, 0x00, 0x00, 0x0f, 0x0f, 0x0f, 0xbf, 
	0xff, 0xff, 0x6f, 0x0f, 0x0f, 0x0f, 0x0f, 0x0f, 
	0x0f, 0x00, 0x00, 0x00, 0x00, 0x00, 0x00, 0x00, 
	0x00, 0x00, 0x00, 0x00, 0x00, 0x00, 0x00, 0x00, 
	0x00, 0x00, 0x00, 0x00, 0x00, 0x00, 0x00, 0x00, 
	0x00, 0x00, 0x00, 0x00, 0x00, 0x00, 0x00, 0x00, 
	0x00, 0x00, 0x00, 0x00, 0x00, 0x00, 0x00, 0x00, 
	0x00, 0x00, 0x00, 0x00, 0x00, 0x00, 0x00, 0x00, 
	0x00, 0x00, 0x00, 0x00, 0x0f, 0x0f, 0x0f, 0xbf, 
	0xff, 0xcf, 0x0f, 0x0f, 0x0f, 0x0f, 0x0f, 0x0f, 
	0x00, 0x00, 0x00, 0x00, 0x00, 0x00, 0x00, 0x00, 
	0x00, 0x00, 0x00, 0x00, 0x00, 0x00, 0x00, 0x00, 
	0x00, 0x00, 0x00, 0x00, 0x00, 0x00, 0x00, 0x00, 
	0x00, 0x00, 0x00, 0x00, 0x00, 0x00, 0x00, 0x00, 
	0x00, 0x00, 0x00, 0x00, 0x00, 0x00, 0x00, 0x00, 
	0x00, 0x00, 0x00, 0x00, 0x00, 0x00, 0x00, 0x00, 
	0x00, 0x00, 0x00, 0x00, 0x0f, 0x0f, 0x0f, 0xcf, 
	0xef, 0x0f, 0x0f, 0x0f, 0x0f, 0x0f, 0x0f, 0x00, 
	0x00, 0x00, 0x00, 0x00, 0x00, 0x00, 0x00, 0x00, 
	0x00, 0x00, 0x00, 0x00, 0x00, 0x00, 0x00, 0x00, 
	0x00, 0x00, 0x00, 0x00, 0x00, 0x00, 0x00, 0x00, 
	0x00, 0x00, 0x00, 0x00, 0x00, 0x00, 0x00, 0x00, 
	0x00, 0x00, 0x00, 0x00, 0x00, 0x00, 0x00, 0x00, 
	0x00, 0x00, 0x00, 0x00, 0x00, 0x00, 0x00, 0x00, 
	0x00, 0x00, 0x00, 0x00, 0x0f, 0x0f, 0x0f, 0xcf, 
	0xef, 0x0f, 0x0f, 0x0f, 0x0f, 0x0f, 0x00, 0x00, 
	0x00, 0x00, 0x00, 0x00, 0x00, 0x00, 0x00, 0x00, 
	0x00, 0x00, 0x00, 0x00, 0x00, 0x00, 0x00, 0x00, 
	0x00, 0x00, 0x00, 0x00, 0x00, 0x00, 0x00, 0x00, 
	0x00, 0x00, 0x00, 0x00, 0x00, 0x00, 0x00, 0x00, 
	0x00, 0x00, 0x00, 0x00, 0x00, 0x00, 0x00, 0x00, 
	0x00, 0x00, 0x00, 0x00, 0x00, 0x00, 0x00, 0x00, 
	0x00, 0x00, 0x00, 0x00, 0x0f, 0x0f, 0x0f, 0x7f, 
	0x8f, 0x0f, 0x0f, 0x0f, 0x0f, 0x0f, 0x00, 0x00, 
	0x00, 0x00, 0x00, 0x00, 0x00, 0x00, 0x00, 0x00, 
	0x00, 0x00, 0x00, 0x00, 0x00, 0x00, 0x00, 0x00, 
	0x00, 0x00, 0x00, 0x00, 0x00, 0x00, 0x00, 0x00, 
	0x00, 0x00, 0x00, 0x00, 0x00, 0x00, 0x00, 0x00, 
	0x00, 0x00, 0x00, 0x00, 0x00, 0x00, 0x00, 0x00, 
	0x00, 0x00, 0x00, 0x00, 0x00, 0x00, 0x00, 0x00, 
	0x00, 0x00, 0x00, 0x00, 0x0f, 0x0f, 0x0f, 0x0f, 
	0x0f, 0x0f, 0x0f, 0x0f, 0x0f, 0x00, 0x00, 0x00, 
	0x00, 0x00, 0x00, 0x00, 0x00, 0x00, 0x00, 0x00, 
	0x00, 0x00, 0x00, 0x00, 0x00, 0x00, 0x00, 0x00, 
	0x00, 0x00, 0x00, 0x00, 0x00, 0x00, 0x00, 0x00, 
	0x00, 0x00, 0x00, 0x00, 0x00, 0x00, 0x00, 0x00, 
	0x00, 0x00, 0x00, 0x00, 0x00, 0x00, 0x00, 0x00, 
	0x00, 0x00, 0x00, 0x00, 0x00, 0x00, 0x00, 0x00, 
	0x00, 0x00, 0x00, 0x00, 0x0f, 0x0f, 0x0f, 0x0f, 
	0x0f, 0x0f, 0x0f, 0x0f, 0x0f, 0x00, 0x00, 0x00, 
	0x00, 0x00, 0x00, 0x00, 0x00, 0x00, 0x00, 0x00, 
	0x00, 0x00, 0x00, 0x00, 0x00, 0x00, 0x00, 0x00, 
	0x00, 0x00, 0x00, 0x00, 0x00, 0x00, 0x00, 0x00, 
	0x00, 0x00, 0x00, 0x00, 0x00, 0x00, 0x00, 0x00, 
	0x00, 0x00, 0x00, 0x00, 0x00, 0x00, 0x00, 0x00, 
	0x00, 0x00, 0x00, 0x00, 0x00, 0x00, 0x00, 0x00, 
	0x00, 0x00, 0x00, 0x00, 0x0f, 0x0f, 0x0f, 0x0f, 
	0x0f, 0x0f, 0x0f, 0x0f, 0x00, 0x00, 0x00, 0x00, 
	0x00, 0x00, 0x00, 0x00, 0x00, 0x00, 0x00, 0x00, 
	0x00, 0x00, 0x00, 0x00, 0x00, 0x00, 0x00, 0x00, 
	0x00, 0x00, 0x00, 0x00, 0x00, 0x00, 0x00, 0x00, 
	0x00, 0x00, 0x00, 0x00, 0x00, 0x00, 0x00, 0x00, 
	0x00, 0x00, 0x00, 0x00, 0x00, 0x00, 0x00, 0x00, 
	0x00, 0x00, 0x00, 0x00, 0x00, 0x00, 0x00, 0x00, 
	0x00, 0x00, 0x00, 0x00, 0x0f, 0x0f, 0x0f, 0x0f, 
	0x0f, 0x0f, 0x0f, 0x0f, 0x00, 0x00, 0x00, 0x00, 
	0x00, 0x00, 0x00, 0x00, 0x00, 0x00, 0x00, 0x00, 
	0x00, 0x00, 0x00, 0x00, 0x00, 0x00, 0x00, 0x00, 
	0x00, 0x00, 0x00, 0x00, 0x00, 0x00, 0x00, 0x00, 
	0x00, 0x00, 0x00, 0x00, 0x00, 0x00, 0x00, 0x00, 
	0x00, 0x00, 0x00, 0x00, 0x00, 0x00, 0x00, 0x00, 
	0x00, 0x00, 0x00, 0x00, 0x00, 0x00, 0x00, 0x00, 
	0x00, 0x00, 0x00, 0x00, 0x0f, 0x0f, 0x0f, 0x0f, 
	0x0f, 0x0f, 0x0f, 0x00, 0x00, 0x00, 0x00, 0x00, 
	0x00, 0x00, 0x00, 0x00, 0x00, 0x00, 0x00, 0x00, 
	0x00, 0x00, 0x00, 0x00, 0x00, 0x00, 0x00, 0x00, 
	0x00, 0x00, 0x00, 0x00, 0x00, 0x00, 0x00, 0x00, 
	0x00, 0x00, 0x00, 0x00, 0x00, 0x00, 0x00, 0x00, 
	0x00, 0x00, 0x00, 0x00, 0x00, 0x00, 0x00, 0x00, 
	0x00, 0x00, 0x00, 0x00, 0x00, 0x00, 0x00, 0x00, 
	0x00, 0x00, 0x00, 0x00, 0x0f, 0x0f, 0x0f, 0x0f, 
	0x0f, 0x0f, 0x0f, 0x00, 0x00, 0x00, 0x00, 0x00, 
	0x00, 0x00, 0x00, 0x00, 0x00, 0x00, 0x00, 0x00, 
	0x00, 0x00, 0x00, 0x00, 0x00, 0x00, 0x00, 0x00, 
	0x00, 0x00, 0x00, 0x00, 0x00, 0x00, 0x00, 0x00, 
	0x00, 0x00, 0x00, 0x00, 0x00, 0x00, 0x00, 0x00, 
	0x00, 0x00, 0x00, 0x00, 0x00, 0x00, 0x00, 0x00, 
	0x00, 0x00, 0x00, 0x00, 0x00, 0x00, 0x00, 0x00, 
	0x00, 0x00, 0x00, 0x00, 0x0f, 0x0f, 0x0f, 0x0f, 
	0x0f, 0x0f, 0x00, 0x00, 0x00, 0x00, 0x00, 0x00, 
	0x00, 0x00, 0x00, 0x00, 0x00, 0x00, 0x00, 0x00, 
	0x00, 0x00, 0x00, 0x00, 0x00, 0x00, 0x00, 0x00, 
	0x00, 0x00, 0x00, 0x00, 0x00, 0x00, 0x00, 0x00, 
	0x00, 0x00, 0x00, 0x00, 0x00, 0x00, 0x00, 0x00, 
	0x00, 0x00, 0x00, 0x00, 0x00, 0x00, 0x00, 0x00, 
	0x00, 0x00, 0x00, 0x00, 0x00, 0x00, 0x00, 0x00, 
	0x00, 0x00, 0x00, 0x00, 0x0f, 0x0f, 0x0f, 0x0f, 
	0x0f, 0x0f, 0x00, 0x00, 0x00, 0x00, 0x00, 0x00, 
	0x00, 0x00, 0x00, 0x00, 0x00, 0x00, 0x00, 0x00, 
	0x00, 0x00, 0x00, 0x00, 0x00, 0x00, 0x00, 0x00, 
	0x00, 0x00, 0x00, 0x00, 0x00, 0x00, 0x00, 0x00, 
	0x00, 0x00, 0x00, 0x00, 0x00, 0x00, 0x00, 0x00, 
	0x00, 0x00, 0x00, 0x00, 0x00, 0x00, 0x00, 0x00, 
	0x00, 0x00, 0x00, 0x00, 0x00, 0x00, 0x00, 0x00, 
	0x00, 0x00, 0x00, 0x00, 0x0f, 0x0f, 0x0f, 0x0f, 
	0x0f, 0x00, 0x00, 0x00, 0x00, 0x00, 0x00, 0x00, 
	0x00, 0x00, 0x00, 0x00, 0x00, 0x00, 0x00, 0x00, 
	0x00, 0x00, 0x00, 0x00, 0x00, 0x00, 0x00, 0x00, 
	0x00, 0x00, 0x00, 0x00, 0x00, 0x00, 0x00, 0x00, 
	0x00, 0x00, 0x00, 0x00, 0x00, 0x00, 0x00, 0x00, 
	0x00, 0x00, 0x00, 0x00, 0x00, 0x00, 0x00, 0x00, 
	0x00, 0x00, 0x00, 0x00, 0x00, 0x00, 0x00, 0x00, 
	0x00, 0x00, 0x00, 0x00, 0x0f, 0x0f, 0x0f, 0x0f, 
	0x0f, 0x00, 0x00, 0x00, 0x00, 0x00, 0x00, 0x00, 
	0x00, 0x00, 0x00, 0x00, 0x00, 0x00, 0x00, 0x00, 
	0x00, 0x00, 0x00, 0x00, 0x00, 0x00, 0x00, 0x00, 
	0x00, 0x00, 0x00, 0x00, 0x00, 0x00, 0x00, 0x00, 
	0x00, 0x00, 0x00, 0x00, 0x00, 0x00, 0x00, 0x00, 
	0x00, 0x00, 0x00, 0x00, 0x00, 0x00, 0x00, 0x00, 
	0x00, 0x00, 0x00, 0x00, 0x00, 0x00, 0x00, 0x00, 
	0x00, 0x00, 0x00, 0x00, 0x0f, 0x0f, 0x0f, 0x0f, 
	0x0f, 0x00, 0x00, 0x00, 0x00, 0x00, 0x00, 0x00, 
	0x00, 0x00, 0x00, 0x00, 0x00, 0x00, 0x00, 0x00, 
	0x00, 0x00, 0x00, 0x00, 0x00, 0x00, 0x00, 0x00, 
	0x00, 0x00, 0x00, 0x00, 0x00, 0x00, 0x00, 0x00, 
	0x00, 0x00, 0x00, 0x00, 0x00, 0x00, 0x00, 0x00, 
	0x00, 0x00, 0x00, 0x00, 0x00, 0x00, 0x00, 0x00, 
	0x00, 0x00, 0x00, 0x00, 0x00, 0x00, 0x00, 0x00, 
	0x00, 0x00, 0x00, 0x00, 0x0f, 0x0f, 0x0f, 0x0f, 
	0x00, 0x00, 0x00, 0x00, 0x00, 0x00, 0x00, 0x00, 
	0x00, 0x00, 0x00, 0x00, 0x00, 0x00, 0x00, 0x00, 
	0x00, 0x00, 0x00, 0x00, 0x00, 0x00, 0x00, 0x00, 
	0x00, 0x00, 0x00, 0x00, 0x00, 0x00, 0x00, 0x00, 
	0x00, 0x00, 0x00, 0x00, 0x00, 0x00, 0x00, 0x00, 
	0x00, 0x00, 0x00, 0x00, 0x00, 0x00, 0x00, 0x00, 
	0x00, 0x00, 0x00, 0x00, 0x00, 0x00, 0x00, 0x00, 
	0x00, 0x00, 0x00, 0x00, 0x0f, 0x0f, 0x0f, 0x0f, 
	0x00, 0x00, 0x00, 0x00, 0x00, 0x00, 0x00, 0x00, 
	0x00, 0x00, 0x00, 0x00, 0x00, 0x00, 0x00, 0x00, 
	0x00, 0x00, 0x00, 0x00, 0x00, 0x00, 0x00, 0x00, 
	0x00, 0x00, 0x00, 0x00, 0x00, 0x00, 0x00, 0x00, 
	0x00, 0x00, 0x00, 0x00, 0x00, 0x00, 0x00, 0x00, 
	0x00, 0x00, 0x00, 0x00, 0x00, 0x00, 0x00, 0x00, 
	0x00, 0x00, 0x00, 0x00, 0x00, 0x00, 0x00, 0x00, 
	0x00, 0x00, 0x00, 0x00, 0x0f, 0x0f, 0x0f, 0x00, 
	0x00, 0x00, 0x00, 0x00, 0x00, 0x00, 0x00, 0x00, 
	0x00, 0x00, 0x00, 0x00, 0x00, 0x00, 0x00, 0x00, 
	0x00, 0x00, 0x00, 0x00, 0x00, 0x00, 0x00, 0x00, 
	0x00, 0x00, 0x00, 0x00, 0x00, 0x00, 0x00, 0x00, 
	0x00, 0x00, 0x00, 0x00, 0x00, 0x00, 0x00, 0x00, 
	0x00, 0x00, 0x00, 0x00, 0x00, 0x00, 0x00, 0x00, 
	0x00, 0x00, 0x00, 0x00, 0x00, 0x00, 0x00, 0x00, 
	0x00, 0x00, 0x00, 0x00, 0x0f, 0x0f, 0x0f, 0x00, 
	0x00, 0x00, 0x00, 0x00, 0x00, 0x00, 0x00, 0x00, 
	0x00, 0x00, 0x00, 0x00, 0x00, 0x00, 0x00, 0x00, 
	0x00, 0x00, 0x00, 0x00, 0x00, 0x00, 0x00, 0x00, 
	0x00, 0x00, 0x00, 0x00, 0x00, 0x00, 0x00, 0x00, 
	0x00, 0x00, 0x00, 0x00, 0x00, 0x00, 0x00, 0x00, 
	0x00, 0x00, 0x00, 0x00, 0x00, 0x00, 0x00, 0x00, 
	0x00, 0x00, 0x00, 0x00, 0x00, 0x00, 0x00, 0x00, 
	0x00, 0x00, 0x00, 0x00, 0x00, 0x00, 0x00, 0x00, 
	0x00, 0x00, 0x00, 0x00, 0x00, 0x00, 0x00, 0x00, 
	0x00, 0x00, 0x00, 0x00, 0x00, 0x00, 0x00, 0x00, 
	0x00, 0x00, 0x00, 0x00, 0x00, 0x00, 0x00, 0x00, 
	0x00, 0x00, 0x00, 0x00, 0x00, 0x00, 0x00, 0x00, 
	0x00, 0x00, 0x00, 0x00, 0x00, 0x00, 0x00, 0x00, 
	0x00, 0x00, 0x00, 0x00, 0x00, 0x00, 0x00, 0x00, 
	0x00, 0x00, 0x00, 0x00, 0x00, 0x00, 0x00, 0x00, 
	0x00, 0x00, 0x00, 0x00, 0x00, 0x00, 0x00, 0x00, 
	0x00, 0x00, 0x00, 0x00, 0x00, 0x00, 0x00, 0x00, 
	0x00, 0x00, 0x00, 0x00, 0x00, 0x00, 0x00, 0x00, 
	0x00, 0x00, 0x00, 0x00, 0x00, 0x00, 0x00, 0x00, 
	0x00, 0x00, 0x00, 0x00, 0x00, 0x00, 0x00, 0x00, 
	
};

Texture squishy_face_1_ia8[] = {
	0x00, 0x00, 0x00, 0x00, 0x00, 0x00, 0x00, 0x00, 
	0x00, 0x00, 0x00, 0x00, 0x00, 0x00, 0x00, 0x00, 
	0x00, 0x00, 0x00, 0x00, 0x00, 0x00, 0x00, 0x00, 
	0x00, 0x00, 0x00, 0x00, 0x00, 0x00, 0x00, 0x00, 
	0x00, 0x00, 0x00, 0x00, 0x00, 0x00, 0x00, 0x00, 
	0x00, 0x00, 0x00, 0x00, 0x00, 0x00, 0x00, 0x00, 
	0x00, 0x00, 0x00, 0x00, 0x00, 0x00, 0x00, 0x00, 
	0x00, 0x00, 0x00, 0x00, 0x00, 0x00, 0x00, 0x00, 
	0x00, 0x00, 0x00, 0x00, 0x00, 0x00, 0x00, 0x00, 
	0x00, 0x00, 0x00, 0x00, 0x00, 0x00, 0x00, 0x00, 
	0x00, 0x00, 0x00, 0x00, 0x00, 0x00, 0x00, 0x00, 
	0x00, 0x00, 0x00, 0x00, 0x00, 0x00, 0x00, 0x00, 
	0x00, 0x00, 0x00, 0x00, 0x00, 0x00, 0x00, 0x00, 
	0x00, 0x00, 0x00, 0x00, 0x00, 0x00, 0x00, 0x00, 
	0x00, 0x00, 0x00, 0x00, 0x00, 0x00, 0x00, 0x00, 
	0x00, 0x00, 0x00, 0x00, 0x00, 0x00, 0x00, 0x00, 
	0x00, 0x00, 0x00, 0x00, 0x00, 0x00, 0x00, 0x00, 
	0x00, 0x00, 0x00, 0x00, 0x00, 0x00, 0x00, 0x00, 
	0x00, 0x00, 0x00, 0x00, 0x00, 0x00, 0x00, 0x00, 
	0x00, 0x00, 0x00, 0x00, 0x00, 0x00, 0x00, 0x00, 
	0x00, 0x00, 0x00, 0x00, 0x00, 0x00, 0x00, 0x00, 
	0x00, 0x00, 0x00, 0x00, 0x00, 0x00, 0x00, 0x00, 
	0x00, 0x00, 0x00, 0x00, 0x00, 0x00, 0x00, 0x00, 
	0x00, 0x00, 0x00, 0x00, 0x00, 0x00, 0x00, 0x00, 
	0x00, 0x00, 0x00, 0x00, 0x00, 0x00, 0x00, 0x00, 
	0x00, 0x00, 0x00, 0x00, 0x00, 0x00, 0x00, 0x00, 
	0x00, 0x00, 0x00, 0x00, 0x00, 0x00, 0x00, 0x00, 
	0x00, 0x00, 0x00, 0x00, 0x00, 0x00, 0x00, 0x00, 
	0x00, 0x00, 0x00, 0x00, 0x00, 0x00, 0x00, 0x00, 
	0x00, 0x00, 0x00, 0x00, 0x00, 0x00, 0x00, 0x00, 
	0x00, 0x00, 0x00, 0x00, 0x00, 0x00, 0x00, 0x00, 
	0x00, 0x00, 0x00, 0x00, 0x00, 0x00, 0x00, 0x00, 
	0x00, 0x00, 0x00, 0x00, 0x00, 0x00, 0x00, 0x00, 
	0x00, 0x00, 0x00, 0x00, 0x00, 0x00, 0x00, 0x00, 
	0x00, 0x00, 0x00, 0x00, 0x00, 0x00, 0x00, 0x00, 
	0x00, 0x00, 0x00, 0x00, 0x00, 0x00, 0x00, 0x00, 
	0x00, 0x00, 0x00, 0x00, 0x00, 0x00, 0x00, 0x00, 
	0x00, 0x00, 0x00, 0x00, 0x00, 0x00, 0x00, 0x00, 
	0x00, 0x00, 0x00, 0x00, 0x00, 0x00, 0x00, 0x00, 
	0x00, 0x00, 0x00, 0x00, 0x00, 0x00, 0x00, 0x00, 
	0x00, 0x00, 0x00, 0x00, 0x00, 0x00, 0x00, 0x00, 
	0x00, 0x00, 0x00, 0x00, 0x00, 0x00, 0x00, 0x00, 
	0x00, 0x00, 0x00, 0x00, 0x00, 0x00, 0x00, 0x00, 
	0x00, 0x00, 0x00, 0x00, 0x00, 0x00, 0x00, 0x00, 
	0x00, 0x00, 0x00, 0x00, 0x00, 0x00, 0x00, 0x00, 
	0x00, 0x00, 0x00, 0x00, 0x00, 0x00, 0x00, 0x00, 
	0x00, 0x00, 0x00, 0x00, 0x00, 0x00, 0x00, 0x00, 
	0x00, 0x00, 0x00, 0x00, 0x00, 0x00, 0x00, 0x00, 
	0x00, 0x00, 0x00, 0x00, 0x00, 0x00, 0x00, 0x00, 
	0x00, 0x00, 0x00, 0x00, 0x00, 0x00, 0x00, 0x00, 
	0x00, 0x00, 0x00, 0x00, 0x00, 0x00, 0x00, 0x00, 
	0x00, 0x00, 0x00, 0x00, 0x00, 0x00, 0x00, 0x00, 
	0x00, 0x00, 0x00, 0x00, 0x00, 0x00, 0x00, 0x00, 
	0x00, 0x00, 0x00, 0x00, 0x00, 0x00, 0x00, 0x00, 
	0x00, 0x00, 0x00, 0x00, 0x00, 0x00, 0x00, 0x00, 
	0x00, 0x00, 0x00, 0x00, 0x00, 0x00, 0x00, 0x00, 
	0x00, 0x00, 0x00, 0x00, 0x00, 0x00, 0x00, 0x00, 
	0x00, 0x00, 0x00, 0x00, 0x00, 0x00, 0x00, 0x00, 
	0x00, 0x00, 0x00, 0x00, 0x00, 0x00, 0x00, 0x00, 
	0x00, 0x00, 0x00, 0x00, 0x00, 0x00, 0x00, 0x00, 
	0x00, 0x00, 0x00, 0x00, 0x00, 0x00, 0x00, 0x00, 
	0x00, 0x00, 0x00, 0x00, 0x00, 0x00, 0x00, 0x00, 
	0x00, 0x00, 0x00, 0x00, 0x00, 0x00, 0x00, 0x00, 
	0x00, 0x00, 0x00, 0x00, 0x00, 0x00, 0x00, 0x00, 
	0x00, 0x00, 0x00, 0x00, 0x00, 0x00, 0x00, 0x00, 
	0x00, 0x00, 0x00, 0x00, 0x00, 0x00, 0x00, 0x00, 
	0x00, 0x00, 0x00, 0x00, 0x00, 0x00, 0x00, 0x00, 
	0x00, 0x00, 0x00, 0x00, 0x00, 0x00, 0x00, 0x00, 
	0x00, 0x00, 0x00, 0x00, 0x00, 0x00, 0x00, 0x00, 
	0x00, 0x00, 0x00, 0x00, 0x00, 0x00, 0x00, 0x00, 
	0x00, 0x00, 0x00, 0x00, 0x00, 0x00, 0x00, 0x00, 
	0x00, 0x00, 0x00, 0x00, 0x00, 0x00, 0x00, 0x00, 
	0x00, 0x00, 0x00, 0x00, 0x00, 0x00, 0x00, 0x00, 
	0x00, 0x00, 0x00, 0x00, 0x00, 0x00, 0x00, 0x00, 
	0x00, 0x00, 0x00, 0x00, 0x00, 0x00, 0x00, 0x00, 
	0x00, 0x00, 0x00, 0x00, 0x00, 0x00, 0x00, 0x00, 
	0x00, 0x00, 0x00, 0x00, 0x00, 0x00, 0x00, 0x00, 
	0x00, 0x00, 0x00, 0x00, 0x00, 0x00, 0x00, 0x00, 
	0x00, 0x00, 0x00, 0x00, 0x00, 0x00, 0x00, 0x00, 
	0x00, 0x00, 0x00, 0x00, 0x00, 0x00, 0x00, 0x00, 
	0x00, 0x00, 0x00, 0x00, 0x00, 0x00, 0x00, 0x00, 
	0x00, 0x00, 0x00, 0x00, 0x00, 0x00, 0x00, 0x00, 
	0x00, 0x00, 0x00, 0x00, 0x00, 0x00, 0x00, 0x00, 
	0x00, 0x00, 0x00, 0x00, 0x00, 0x00, 0x00, 0x00, 
	0x00, 0x00, 0x00, 0x00, 0x00, 0x00, 0x00, 0x00, 
	0x00, 0x00, 0x00, 0x00, 0x00, 0x00, 0x00, 0x00, 
	0x00, 0x00, 0x00, 0x00, 0x00, 0x00, 0x00, 0x00, 
	0x00, 0x00, 0x00, 0x00, 0x00, 0x00, 0x00, 0x00, 
	0x00, 0x00, 0x00, 0x00, 0x00, 0x00, 0x00, 0x00, 
	0x00, 0x00, 0x00, 0x00, 0x00, 0x00, 0x00, 0x00, 
	0x00, 0x00, 0x00, 0x00, 0x00, 0x00, 0x00, 0x00, 
	0x00, 0x00, 0x00, 0x00, 0x00, 0x00, 0x00, 0x00, 
	0x00, 0x00, 0x00, 0x00, 0x00, 0x00, 0x00, 0x00, 
	0x00, 0x00, 0x00, 0x00, 0x00, 0x00, 0x00, 0x00, 
	0x00, 0x00, 0x00, 0x00, 0x00, 0x00, 0x00, 0x00, 
	0x00, 0x00, 0x00, 0x00, 0x00, 0x00, 0x00, 0x00, 
	0x00, 0x00, 0x00, 0x00, 0x00, 0x00, 0x00, 0x00, 
	0x00, 0x00, 0x00, 0x00, 0x00, 0x00, 0x00, 0x00, 
	0x00, 0x00, 0x00, 0x00, 0x00, 0x00, 0x00, 0x00, 
	0x00, 0x00, 0x00, 0x00, 0x00, 0x00, 0x00, 0x00, 
	0x00, 0x00, 0x00, 0x00, 0x00, 0x00, 0x00, 0x00, 
	0x00, 0x00, 0x00, 0x00, 0x00, 0x00, 0x00, 0x00, 
	0x00, 0x00, 0x00, 0x00, 0x00, 0x00, 0x00, 0x00, 
	0x00, 0x00, 0x00, 0x00, 0x00, 0x00, 0x00, 0x00, 
	0x00, 0x00, 0x00, 0x00, 0x00, 0x00, 0x00, 0x00, 
	0x00, 0x00, 0x00, 0x00, 0x00, 0x00, 0x00, 0x00, 
	0x00, 0x00, 0x00, 0x00, 0x00, 0x00, 0x00, 0x00, 
	0x00, 0x00, 0x00, 0x00, 0x00, 0x00, 0x00, 0x00, 
	0x00, 0x00, 0x00, 0x00, 0x00, 0x00, 0x00, 0x00, 
	0x00, 0x00, 0x00, 0x00, 0x00, 0x00, 0x00, 0x00, 
	0x00, 0x00, 0x00, 0x00, 0x00, 0x00, 0x00, 0x00, 
	0x00, 0x00, 0x00, 0x00, 0x00, 0x00, 0x00, 0x00, 
	0x00, 0x00, 0x00, 0x00, 0x00, 0x00, 0x00, 0x00, 
	0x00, 0x00, 0x00, 0x00, 0x00, 0x00, 0x00, 0x00, 
	0x00, 0x00, 0x00, 0x00, 0x00, 0x00, 0x00, 0x00, 
	0x00, 0x00, 0x00, 0x00, 0x00, 0x00, 0x00, 0x00, 
	0x00, 0x00, 0x00, 0x00, 0x00, 0x00, 0x00, 0x00, 
	0x00, 0x00, 0x00, 0x00, 0x00, 0x00, 0x00, 0x00, 
	0x00, 0x00, 0x00, 0x00, 0x00, 0x00, 0x00, 0x00, 
	0x00, 0x00, 0x00, 0x00, 0x00, 0x00, 0x00, 0x00, 
	0x00, 0x00, 0x00, 0x00, 0x00, 0x00, 0x00, 0x00, 
	0x00, 0x00, 0x00, 0x00, 0x00, 0x00, 0x00, 0x00, 
	0x00, 0x00, 0x00, 0x00, 0x00, 0x00, 0x00, 0x00, 
	0x00, 0x00, 0x00, 0x00, 0x00, 0x00, 0x00, 0x00, 
	0x00, 0x00, 0x00, 0x00, 0x00, 0x00, 0x00, 0x00, 
	0x00, 0x00, 0x00, 0x00, 0x00, 0x00, 0x00, 0x00, 
	0x00, 0x00, 0x00, 0x00, 0x00, 0x00, 0x00, 0x00, 
	0x00, 0x00, 0x00, 0x00, 0x00, 0x00, 0x00, 0x00, 
	0x00, 0x00, 0x00, 0x00, 0x00, 0x00, 0x00, 0x00, 
	0x00, 0x00, 0x00, 0x00, 0x00, 0x00, 0x00, 0x00, 
	0x00, 0x00, 0x00, 0x00, 0x00, 0x00, 0x00, 0x00, 
	0x00, 0x00, 0x00, 0x00, 0x00, 0x00, 0x00, 0x00, 
	0x00, 0x00, 0x00, 0x00, 0x00, 0x00, 0x00, 0x00, 
	0x00, 0x00, 0x00, 0x00, 0x00, 0x00, 0x00, 0x00, 
	0x00, 0x00, 0x00, 0x00, 0x00, 0x00, 0x00, 0x00, 
	0x00, 0x00, 0x00, 0x00, 0x00, 0x00, 0x00, 0x00, 
	0x00, 0x00, 0x00, 0x00, 0x00, 0x00, 0x00, 0x00, 
	0x00, 0x00, 0x00, 0x00, 0x00, 0x00, 0x00, 0x00, 
	0x00, 0x00, 0x00, 0x00, 0x00, 0x00, 0x00, 0x00, 
	0x00, 0x00, 0x00, 0x00, 0x00, 0x00, 0x00, 0x00, 
	0x00, 0x00, 0x00, 0x00, 0x00, 0x00, 0x00, 0x00, 
	0x00, 0x00, 0x00, 0x00, 0x00, 0x00, 0x00, 0x00, 
	0x00, 0x00, 0x00, 0x00, 0x00, 0x00, 0x00, 0x00, 
	0x00, 0x00, 0x00, 0x00, 0x00, 0x00, 0x00, 0x00, 
	0x00, 0x00, 0x00, 0x00, 0x00, 0x00, 0x00, 0x00, 
	0x00, 0x00, 0x00, 0x00, 0x00, 0x00, 0x00, 0x00, 
	0x00, 0x00, 0x00, 0x00, 0x00, 0x00, 0x00, 0x00, 
	0x00, 0x00, 0x00, 0x00, 0x00, 0x00, 0x00, 0x00, 
	0x00, 0x00, 0x00, 0x00, 0x00, 0x00, 0x00, 0x00, 
	0x00, 0x00, 0x00, 0x00, 0x00, 0x00, 0x00, 0x00, 
	0x00, 0x00, 0x00, 0x00, 0x00, 0x00, 0x00, 0x00, 
	0x00, 0x00, 0x00, 0x00, 0x00, 0x00, 0x00, 0x00, 
	0x00, 0x00, 0x00, 0x00, 0x00, 0x00, 0x00, 0x00, 
	0x00, 0x00, 0x00, 0x00, 0x00, 0x00, 0x00, 0x00, 
	0x00, 0x00, 0x00, 0x00, 0x00, 0x00, 0x00, 0x00, 
	0x00, 0x00, 0x00, 0x00, 0x00, 0x00, 0x00, 0x00, 
	0x00, 0x00, 0x00, 0x00, 0x00, 0x00, 0x00, 0x00, 
	0x00, 0x00, 0x00, 0x00, 0x00, 0x00, 0x00, 0x00, 
	0x00, 0x00, 0x00, 0x00, 0x00, 0x00, 0x00, 0x00, 
	0x00, 0x00, 0x00, 0x00, 0x00, 0x00, 0x00, 0x00, 
	0x00, 0x00, 0x00, 0x00, 0x00, 0x00, 0x00, 0x00, 
	0x00, 0x00, 0x00, 0x00, 0x00, 0x00, 0x00, 0x00, 
	0x00, 0x00, 0x00, 0x00, 0x00, 0x00, 0x00, 0x00, 
	0x00, 0x00, 0x00, 0x00, 0x00, 0x00, 0x00, 0x00, 
	0x00, 0x00, 0x00, 0x00, 0x00, 0x00, 0x00, 0x00, 
	0x00, 0x00, 0x00, 0x00, 0x00, 0x00, 0x00, 0x00, 
	0x00, 0x00, 0x00, 0x00, 0x00, 0x00, 0x00, 0x00, 
	0x00, 0x00, 0x00, 0x00, 0x00, 0x00, 0x00, 0x00, 
	0x00, 0x00, 0x00, 0x00, 0x00, 0x00, 0x00, 0x00, 
	0x00, 0x00, 0x00, 0x00, 0x00, 0x00, 0x00, 0x00, 
	0x00, 0x00, 0x00, 0x00, 0x00, 0x00, 0x00, 0x00, 
	0x00, 0x00, 0x00, 0x00, 0x00, 0x00, 0x00, 0x00, 
	0x00, 0x00, 0x00, 0x00, 0x00, 0x00, 0x00, 0x00, 
	0x00, 0x00, 0x00, 0x00, 0x00, 0x00, 0x00, 0x00, 
	0x00, 0x00, 0x00, 0x00, 0x00, 0x00, 0x00, 0x00, 
	0x00, 0x00, 0x00, 0x00, 0x00, 0x00, 0x00, 0x00, 
	0x00, 0x00, 0x00, 0x00, 0x00, 0x00, 0x00, 0x00, 
	0x00, 0x00, 0x00, 0x00, 0x00, 0x00, 0x00, 0x00, 
	0x00, 0x00, 0x00, 0x00, 0x00, 0x00, 0x00, 0x00, 
	0x00, 0x00, 0x00, 0x00, 0x00, 0x00, 0x00, 0x00, 
	0x00, 0x00, 0x00, 0x00, 0x00, 0x00, 0x00, 0x00, 
	0x00, 0x00, 0x00, 0x00, 0x00, 0x00, 0x00, 0x00, 
	0x00, 0x00, 0x00, 0x00, 0x00, 0x00, 0x00, 0x00, 
	0x00, 0x00, 0x00, 0x00, 0x00, 0x00, 0x00, 0x00, 
	0x00, 0x00, 0x00, 0x00, 0x00, 0x00, 0x00, 0x00, 
	0x00, 0x00, 0x00, 0x00, 0x00, 0x00, 0x00, 0x00, 
	0x00, 0x00, 0x00, 0x00, 0x00, 0x00, 0x00, 0x00, 
	0x00, 0x00, 0x00, 0x00, 0x00, 0x00, 0x00, 0x00, 
	0x00, 0x00, 0x00, 0x00, 0x00, 0x00, 0x00, 0x00, 
	0x00, 0x00, 0x00, 0x00, 0x00, 0x00, 0x00, 0x00, 
	0x00, 0x00, 0x00, 0x00, 0x00, 0x00, 0x00, 0x00, 
	0x00, 0x00, 0x00, 0x00, 0x00, 0x00, 0x00, 0x00, 
	0x00, 0x00, 0x00, 0x00, 0x00, 0x00, 0x00, 0x00, 
	0x00, 0x00, 0x00, 0x00, 0x00, 0x00, 0x00, 0x00, 
	0x00, 0x00, 0x00, 0x00, 0x00, 0x00, 0x00, 0x00, 
	0x00, 0x00, 0x00, 0x00, 0x00, 0x00, 0x00, 0x00, 
	0x00, 0x00, 0x00, 0x00, 0x00, 0x00, 0x00, 0x00, 
	0x00, 0x00, 0x00, 0x00, 0x00, 0x00, 0x00, 0x00, 
	0x00, 0x00, 0x00, 0x00, 0x00, 0x00, 0x00, 0x00, 
	0x00, 0x00, 0x00, 0x00, 0x00, 0x00, 0x00, 0x00, 
	0x00, 0x00, 0x00, 0x00, 0x00, 0x00, 0x00, 0x00, 
	0x00, 0x00, 0x00, 0x00, 0x00, 0x00, 0x00, 0x00, 
	0x00, 0x00, 0x00, 0x00, 0x00, 0x00, 0x00, 0x00, 
	0x00, 0x00, 0x00, 0x00, 0x00, 0x00, 0x00, 0x00, 
	0x00, 0x00, 0x00, 0x00, 0x00, 0x00, 0x00, 0x00, 
	0x00, 0x00, 0x00, 0x00, 0x00, 0x00, 0x00, 0x00, 
	0x00, 0x00, 0x00, 0x00, 0x00, 0x00, 0x00, 0x00, 
	0x00, 0x00, 0x00, 0x00, 0x00, 0x00, 0x00, 0x00, 
	0x00, 0x00, 0x00, 0x00, 0x00, 0x00, 0x00, 0x00, 
	0x00, 0x00, 0x00, 0x00, 0x00, 0x00, 0x00, 0x00, 
	0x00, 0x00, 0x00, 0x00, 0x00, 0x00, 0x00, 0x00, 
	0x00, 0x00, 0x00, 0x00, 0x00, 0x00, 0x00, 0x00, 
	0x00, 0x00, 0x00, 0x00, 0x00, 0x00, 0x00, 0x00, 
	0x00, 0x00, 0x00, 0x00, 0x00, 0x00, 0x00, 0x00, 
	0x00, 0x00, 0x00, 0x00, 0x00, 0x00, 0x00, 0x00, 
	0x00, 0x00, 0x00, 0x00, 0x00, 0x00, 0x00, 0x00, 
	0x00, 0x00, 0x00, 0x00, 0x00, 0x00, 0x00, 0x00, 
	0x00, 0x00, 0x00, 0x00, 0x00, 0x00, 0x00, 0x00, 
	0x00, 0x00, 0x00, 0x00, 0x00, 0x00, 0x00, 0x00, 
	0x00, 0x00, 0x00, 0x00, 0x00, 0x00, 0x00, 0x00, 
	0x00, 0x00, 0x00, 0x00, 0x00, 0x00, 0x00, 0x00, 
	0x00, 0x00, 0x00, 0x00, 0x00, 0x00, 0x00, 0x00, 
	0x00, 0x00, 0x00, 0x00, 0x00, 0x00, 0x00, 0x00, 
	0x00, 0x00, 0x00, 0x00, 0x00, 0x00, 0x00, 0x00, 
	0x00, 0x00, 0x00, 0x00, 0x00, 0x00, 0x00, 0x00, 
	0x00, 0x00, 0x00, 0x00, 0x00, 0x00, 0x0f, 0x0f, 
	0x00, 0x00, 0x00, 0x00, 0x00, 0x00, 0x00, 0x00, 
	0x00, 0x00, 0x00, 0x00, 0x00, 0x00, 0x00, 0x00, 
	0x00, 0x00, 0x00, 0x00, 0x00, 0x00, 0x00, 0x00, 
	0x00, 0x00, 0x00, 0x00, 0x00, 0x00, 0x00, 0x00, 
	0x0f, 0x0f, 0x00, 0x00, 0x00, 0x00, 0x00, 0x00, 
	0x00, 0x00, 0x00, 0x00, 0x00, 0x00, 0x00, 0x00, 
	0x00, 0x00, 0x00, 0x00, 0x00, 0x00, 0x00, 0x00, 
	0x00, 0x00, 0x00, 0x00, 0x00, 0x0f, 0x0f, 0x0f, 
	0x0f, 0x00, 0x00, 0x00, 0x00, 0x00, 0x00, 0x00, 
	0x00, 0x00, 0x00, 0x00, 0x00, 0x00, 0x00, 0x00, 
	0x00, 0x00, 0x00, 0x00, 0x00, 0x00, 0x00, 0x00, 
	0x00, 0x00, 0x00, 0x00, 0x00, 0x00, 0x00, 0x0f, 
	0x0f, 0x0f, 0x0f, 0x00, 0x00, 0x00, 0x00, 0x00, 
	0x00, 0x00, 0x00, 0x00, 0x00, 0x00, 0x00, 0x00, 
	0x00, 0x00, 0x00, 0x00, 0x00, 0x00, 0x00, 0x00, 
	0x00, 0x00, 0x00, 0x00, 0x00, 0x0f, 0x0f, 0x0f, 
	0x0f, 0x00, 0x00, 0x00, 0x00, 0x00, 0x00, 0x00, 
	0x00, 0x00, 0x00, 0x00, 0x00, 0x00, 0x00, 0x00, 
	0x00, 0x00, 0x00, 0x00, 0x00, 0x00, 0x00, 0x00, 
	0x00, 0x00, 0x00, 0x00, 0x00, 0x00, 0x00, 0x0f, 
	0x0f, 0x0f, 0x0f, 0x00, 0x00, 0x00, 0x00, 0x00, 
	0x00, 0x00, 0x00, 0x00, 0x00, 0x00, 0x00, 0x00, 
	0x00, 0x00, 0x00, 0x00, 0x00, 0x00, 0x00, 0x00, 
	0x00, 0x00, 0x00, 0x00, 0x00, 0x0f, 0x0f, 0x0f, 
	0x0f, 0x0f, 0x0f, 0x00, 0x00, 0x00, 0x00, 0x00, 
	0x00, 0x00, 0x00, 0x00, 0x00, 0x00, 0x00, 0x00, 
	0x00, 0x00, 0x00, 0x00, 0x00, 0x00, 0x00, 0x00, 
	0x00, 0x00, 0x00, 0x00, 0x00, 0x0f, 0x0f, 0x0f, 
	0x0f, 0x0f, 0x0f, 0x00, 0x00, 0x00, 0x00, 0x00, 
	0x00, 0x00, 0x00, 0x00, 0x00, 0x00, 0x00, 0x00, 
	0x00, 0x00, 0x00, 0x00, 0x00, 0x00, 0x00, 0x00, 
	0x00, 0x00, 0x00, 0x00, 0x00, 0x00, 0x0f, 0x0f, 
	0x0f, 0x0f, 0x0f, 0x0f, 0x0f, 0x0f, 0x0f, 0x0f, 
	0x0f, 0x0f, 0x0f, 0x0f, 0x0f, 0x0f, 0x0f, 0x0f, 
	0x0f, 0x0f, 0x0f, 0x0f, 0x0f, 0x0f, 0x0f, 0x0f, 
	0x0f, 0x0f, 0x0f, 0x0f, 0x0f, 0x0f, 0x0f, 0x0f, 
	0x0f, 0x0f, 0x00, 0x00, 0x00, 0x00, 0x00, 0x00, 
	0x00, 0x00, 0x00, 0x00, 0x00, 0x00, 0x00, 0x00, 
	0x00, 0x00, 0x00, 0x00, 0x00, 0x00, 0x00, 0x00, 
	0x00, 0x00, 0x00, 0x00, 0x00, 0x00, 0x0f, 0x0f, 
	0x0f, 0x0f, 0x0f, 0x0f, 0x0f, 0x0f, 0x0f, 0x0f, 
	0x0f, 0x0f, 0x0f, 0x0f, 0x0f, 0x0f, 0x0f, 0x0f, 
	0x0f, 0x0f, 0x0f, 0x0f, 0x0f, 0x0f, 0x0f, 0x0f, 
	0x0f, 0x0f, 0x0f, 0x0f, 0x0f, 0x0f, 0x0f, 0x0f, 
	0x0f, 0x0f, 0x00, 0x00, 0x00, 0x00, 0x00, 0x00, 
	0x00, 0x00, 0x00, 0x00, 0x00, 0x00, 0x00, 0x00, 
	0x00, 0x00, 0x00, 0x00, 0x00, 0x00, 0x00, 0x00, 
	0x00, 0x00, 0x00, 0x00, 0x00, 0x00, 0x00, 0x0f, 
	0x0f, 0x0f, 0x0f, 0x0f, 0x0f, 0x0f, 0x0f, 0x0f, 
	0x0f, 0x0f, 0x0f, 0x0f, 0x0f, 0x00, 0x00, 0x00, 
	0x00, 0x00, 0x00, 0x0f, 0x0f, 0x0f, 0x0f, 0x0f, 
	0x0f, 0x0f, 0x0f, 0x0f, 0x0f, 0x0f, 0x0f, 0x0f, 
	0x0f, 0x00, 0x00, 0x00, 0x00, 0x00, 0x00, 0x00, 
	0x00, 0x00, 0x00, 0x00, 0x00, 0x00, 0x00, 0x00, 
	0x00, 0x00, 0x00, 0x00, 0x00, 0x00, 0x00, 0x00, 
	0x00, 0x00, 0x00, 0x00, 0x00, 0x00, 0x00, 0x00, 
	0x00, 0x0f, 0x0f, 0x0f, 0x0f, 0x0f, 0x0f, 0x00, 
	0x00, 0x00, 0x00, 0x00, 0x00, 0x00, 0x00, 0x00, 
	0x00, 0x00, 0x00, 0x00, 0x00, 0x00, 0x00, 0x00, 
	0x00, 0x0f, 0x0f, 0x0f, 0x0f, 0x0f, 0x0f, 0x00, 
	0x00, 0x00, 0x00, 0x00, 0x00, 0x00, 0x00, 0x00, 
	0x00, 0x00, 0x00, 0x00, 0x00, 0x00, 0x00, 0x00, 
	0x00, 0x00, 0x00, 0x00, 0x00, 0x00, 0x00, 0x00, 
	0x00, 0x00, 0x00, 0x00, 0x00, 0x00, 0x00, 0x00, 
	0x00, 0x00, 0x00, 0x00, 0x00, 0x00, 0x00, 0x00, 
	0x00, 0x00, 0x00, 0x00, 0x00, 0x00, 0x00, 0x00, 
	0x00, 0x00, 0x00, 0x00, 0x00, 0x00, 0x00, 0x00, 
	0x00, 0x00, 0x00, 0x00, 0x00, 0x00, 0x00, 0x00, 
	0x00, 0x00, 0x00, 0x00, 0x00, 0x00, 0x00, 0x00, 
	0x00, 0x00, 0x00, 0x00, 0x00, 0x00, 0x00, 0x00, 
	0x00, 0x00, 0x00, 0x00, 0x00, 0x00, 0x00, 0x00, 
	0x00, 0x00, 0x00, 0x00, 0x00, 0x00, 0x00, 0x00, 
	0x00, 0x00, 0x00, 0x00, 0x00, 0x00, 0x00, 0x00, 
	0x00, 0x00, 0x00, 0x00, 0x00, 0x00, 0x00, 0x00, 
	0x00, 0x00, 0x00, 0x00, 0x00, 0x00, 0x00, 0x00, 
	0x00, 0x00, 0x00, 0x00, 0x00, 0x00, 0x00, 0x00, 
	0x00, 0x00, 0x00, 0x00, 0x00, 0x00, 0x00, 0x00, 
	0x00, 0x00, 0x00, 0x00, 0x00, 0x00, 0x00, 0x00, 
	0x00, 0x00, 0x00, 0x00, 0x00, 0x00, 0x00, 0x00, 
	0x00, 0x00, 0x00, 0x00, 0x00, 0x00, 0x00, 0x00, 
	0x00, 0x00, 0x00, 0x00, 0x00, 0x00, 0x00, 0x00, 
	0x00, 0x00, 0x00, 0x00, 0x00, 0x00, 0x00, 0x00, 
	0x00, 0x00, 0x00, 0x00, 0x00, 0x00, 0x00, 0x00, 
	0x00, 0x00, 0x00, 0x00, 0x00, 0x00, 0x00, 0x00, 
	0x00, 0x00, 0x00, 0x00, 0x00, 0x00, 0x00, 0x00, 
	0x00, 0x00, 0x00, 0x00, 0x00, 0x00, 0x00, 0x00, 
	0x00, 0x00, 0x00, 0x00, 0x00, 0x00, 0x00, 0x00, 
	0x00, 0x00, 0x00, 0x00, 0x00, 0x00, 0x00, 0x00, 
	0x00, 0x00, 0x00, 0x00, 0x00, 0x00, 0x00, 0x00, 
	0x00, 0x00, 0x00, 0x00, 0x00, 0x00, 0x00, 0x00, 
	0x00, 0x00, 0x00, 0x00, 0x00, 0x00, 0x00, 0x00, 
	0x00, 0x00, 0x00, 0x00, 0x00, 0x00, 0x00, 0x00, 
	0x00, 0x00, 0x00, 0x00, 0x00, 0x00, 0x00, 0x00, 
	0x00, 0x00, 0x00, 0x00, 0x00, 0x00, 0x00, 0x00, 
	0x00, 0x00, 0x00, 0x00, 0x00, 0x00, 0x00, 0x00, 
	0x00, 0x00, 0x00, 0x00, 0x00, 0x00, 0x00, 0x00, 
	0x00, 0x00, 0x00, 0x00, 0x00, 0x00, 0x00, 0x00, 
	0x00, 0x00, 0x00, 0x00, 0x00, 0x00, 0x00, 0x00, 
	0x00, 0x00, 0x00, 0x00, 0x00, 0x00, 0x00, 0x00, 
	0x00, 0x00, 0x00, 0x00, 0x00, 0x00, 0x00, 0x00, 
	0x00, 0x00, 0x00, 0x00, 0x00, 0x00, 0x00, 0x00, 
	0x00, 0x00, 0x00, 0x00, 0x00, 0x00, 0x00, 0x00, 
	0x00, 0x00, 0x00, 0x00, 0x00, 0x00, 0x00, 0x00, 
	0x00, 0x00, 0x00, 0x00, 0x00, 0x00, 0x00, 0x00, 
	0x00, 0x00, 0x00, 0x00, 0x00, 0x00, 0x00, 0x00, 
	0x00, 0x00, 0x00, 0x00, 0x00, 0x00, 0x00, 0x00, 
	0x00, 0x00, 0x00, 0x00, 0x00, 0x00, 0x00, 0x00, 
	0x00, 0x00, 0x00, 0x00, 0x00, 0x00, 0x00, 0x00, 
	0x00, 0x00, 0x00, 0x00, 0x00, 0x00, 0x00, 0x00, 
	0x00, 0x00, 0x00, 0x00, 0x00, 0x00, 0x00, 0x00, 
	0x00, 0x00, 0x00, 0x00, 0x00, 0x00, 0x00, 0x00, 
	0x00, 0x00, 0x00, 0x00, 0x00, 0x00, 0x00, 0x00, 
	0x00, 0x00, 0x00, 0x00, 0x00, 0x00, 0x00, 0x00, 
	0x00, 0x00, 0x00, 0x00, 0x00, 0x00, 0x00, 0x00, 
	0x00, 0x00, 0x00, 0x00, 0x00, 0x00, 0x00, 0x00, 
	0x00, 0x00, 0x00, 0x00, 0x00, 0x00, 0x00, 0x00, 
	0x00, 0x00, 0x00, 0x00, 0x00, 0x00, 0x00, 0x00, 
	0x00, 0x00, 0x00, 0x00, 0x00, 0x00, 0x00, 0x00, 
	0x00, 0x00, 0x00, 0x00, 0x00, 0x00, 0x00, 0x00, 
	0x00, 0x00, 0x00, 0x00, 0x00, 0x00, 0x00, 0x00, 
	0x00, 0x00, 0x00, 0x00, 0x00, 0x00, 0x00, 0x00, 
	0x00, 0x00, 0x00, 0x00, 0x00, 0x00, 0x00, 0x00, 
	0x00, 0x00, 0x00, 0x00, 0x00, 0x00, 0x00, 0x00, 
	0x00, 0x00, 0x00, 0x00, 0x00, 0x00, 0x00, 0x00, 
	0x00, 0x00, 0x00, 0x00, 0x00, 0x00, 0x00, 0x00, 
	0x00, 0x00, 0x00, 0x00, 0x00, 0x00, 0x00, 0x00, 
	0x00, 0x00, 0x00, 0x00, 0x00, 0x00, 0x00, 0x00, 
	0x00, 0x00, 0x00, 0x00, 0x00, 0x00, 0x00, 0x00, 
	0x00, 0x00, 0x00, 0x00, 0x00, 0x00, 0x00, 0x00, 
	0x00, 0x00, 0x00, 0x00, 0x00, 0x00, 0x00, 0x00, 
	0x00, 0x00, 0x00, 0x00, 0x00, 0x00, 0x00, 0x00, 
	0x00, 0x00, 0x00, 0x00, 0x00, 0x00, 0x00, 0x00, 
	0x00, 0x00, 0x00, 0x00, 0x00, 0x00, 0x00, 0x00, 
	0x00, 0x00, 0x00, 0x00, 0x00, 0x00, 0x00, 0x00, 
	0x00, 0x00, 0x00, 0x00, 0x00, 0x00, 0x00, 0x00, 
	0x00, 0x00, 0x00, 0x00, 0x00, 0x00, 0x00, 0x00, 
	0x00, 0x00, 0x00, 0x00, 0x00, 0x00, 0x00, 0x00, 
	0x00, 0x00, 0x00, 0x00, 0x00, 0x00, 0x00, 0x00, 
	0x00, 0x00, 0x00, 0x00, 0x00, 0x00, 0x00, 0x00, 
	0x00, 0x00, 0x00, 0x00, 0x00, 0x00, 0x00, 0x00, 
	0x00, 0x00, 0x00, 0x00, 0x00, 0x00, 0x00, 0x00, 
	0x00, 0x00, 0x00, 0x00, 0x00, 0x00, 0x00, 0x00, 
	0x00, 0x00, 0x00, 0x00, 0x00, 0x00, 0x00, 0x00, 
	0x00, 0x00, 0x00, 0x00, 0x00, 0x00, 0x00, 0x00, 
	0x00, 0x00, 0x00, 0x00, 0x00, 0x00, 0x00, 0x00, 
	0x00, 0x00, 0x00, 0x00, 0x00, 0x00, 0x00, 0x00, 
	0x00, 0x00, 0x00, 0x00, 0x00, 0x00, 0x00, 0x00, 
	0x00, 0x00, 0x00, 0x00, 0x00, 0x00, 0x00, 0x00, 
	0x00, 0x00, 0x00, 0x00, 0x00, 0x00, 0x00, 0x00, 
	0x00, 0x00, 0x00, 0x00, 0x00, 0x00, 0x00, 0x00, 
	0x00, 0x00, 0x00, 0x00, 0x00, 0x00, 0x00, 0x00, 
	0x00, 0x00, 0x00, 0x00, 0x00, 0x00, 0x00, 0x00, 
	0x00, 0x00, 0x00, 0x00, 0x00, 0x00, 0x00, 0x00, 
	0x00, 0x00, 0x00, 0x00, 0x00, 0x00, 0x00, 0x00, 
	0x00, 0x00, 0x00, 0x00, 0x00, 0x00, 0x00, 0x00, 
	0x00, 0x00, 0x00, 0x00, 0x00, 0x00, 0x00, 0x00, 
	0x00, 0x00, 0x00, 0x00, 0x00, 0x00, 0x00, 0x00, 
	0x00, 0x00, 0x00, 0x00, 0x00, 0x00, 0x00, 0x00, 
	0x00, 0x00, 0x00, 0x00, 0x00, 0x00, 0x00, 0x00, 
	0x00, 0x00, 0x00, 0x00, 0x00, 0x00, 0x00, 0x00, 
	0x00, 0x00, 0x00, 0x00, 0x00, 0x00, 0x00, 0x00, 
	0x00, 0x00, 0x00, 0x00, 0x00, 0x00, 0x00, 0x00, 
	0x00, 0x00, 0x00, 0x00, 0x00, 0x00, 0x00, 0x00, 
	0x00, 0x00, 0x00, 0x00, 0x00, 0x00, 0x00, 0x00, 
	0x00, 0x00, 0x00, 0x00, 0x00, 0x00, 0x00, 0x00, 
	0x00, 0x00, 0x00, 0x00, 0x00, 0x00, 0x00, 0x00, 
	0x00, 0x00, 0x00, 0x00, 0x00, 0x00, 0x00, 0x00, 
	0x00, 0x00, 0x00, 0x00, 0x00, 0x00, 0x00, 0x00, 
	0x00, 0x00, 0x00, 0x00, 0x00, 0x00, 0x00, 0x00, 
	0x00, 0x00, 0x00, 0x00, 0x00, 0x00, 0x00, 0x00, 
	0x00, 0x00, 0x00, 0x00, 0x00, 0x00, 0x00, 0x00, 
	0x00, 0x00, 0x00, 0x00, 0x00, 0x00, 0x00, 0x00, 
	0x00, 0x00, 0x00, 0x00, 0x00, 0x00, 0x00, 0x00, 
	0x00, 0x00, 0x00, 0x00, 0x00, 0x00, 0x00, 0x00, 
	0x00, 0x00, 0x00, 0x00, 0x00, 0x00, 0x00, 0x00, 
	0x00, 0x00, 0x00, 0x00, 0x00, 0x00, 0x00, 0x00, 
	0x00, 0x00, 0x00, 0x00, 0x00, 0x00, 0x00, 0x00, 
	0x00, 0x00, 0x00, 0x00, 0x00, 0x00, 0x00, 0x00, 
	0x00, 0x00, 0x00, 0x00, 0x00, 0x00, 0x00, 0x00, 
	0x00, 0x00, 0x00, 0x00, 0x00, 0x00, 0x00, 0x00, 
	0x00, 0x00, 0x00, 0x00, 0x00, 0x00, 0x00, 0x00, 
	0x00, 0x00, 0x00, 0x00, 0x00, 0x00, 0x00, 0x00, 
	0x00, 0x00, 0x00, 0x00, 0x00, 0x00, 0x00, 0x00, 
	0x00, 0x00, 0x00, 0x00, 0x00, 0x00, 0x00, 0x00, 
	0x00, 0x00, 0x00, 0x00, 0x00, 0x00, 0x00, 0x00, 
	0x00, 0x00, 0x00, 0x00, 0x00, 0x00, 0x00, 0x00, 
	0x00, 0x00, 0x00, 0x00, 0x00, 0x00, 0x00, 0x00, 
	0x00, 0x00, 0x00, 0x00, 0x00, 0x00, 0x00, 0x00, 
	0x00, 0x00, 0x00, 0x00, 0x00, 0x00, 0x00, 0x00, 
	0x00, 0x00, 0x00, 0x00, 0x00, 0x00, 0x00, 0x00, 
	0x00, 0x00, 0x00, 0x00, 0x00, 0x00, 0x00, 0x00, 
	0x00, 0x00, 0x00, 0x00, 0x00, 0x00, 0x00, 0x00, 
	0x00, 0x00, 0x00, 0x00, 0x00, 0x00, 0x00, 0x00, 
	0x00, 0x00, 0x00, 0x00, 0x00, 0x00, 0x00, 0x00, 
	0x00, 0x00, 0x00, 0x00, 0x00, 0x00, 0x00, 0x00, 
	0x00, 0x00, 0x00, 0x00, 0x00, 0x00, 0x00, 0x00, 
	0x00, 0x00, 0x00, 0x00, 0x00, 0x00, 0x00, 0x00, 
	0x00, 0x00, 0x00, 0x00, 0x00, 0x00, 0x00, 0x00, 
	0x00, 0x00, 0x00, 0x00, 0x00, 0x00, 0x00, 0x00, 
	0x00, 0x00, 0x00, 0x00, 0x00, 0x00, 0x00, 0x00, 
	0x00, 0x00, 0x00, 0x00, 0x00, 0x00, 0x00, 0x00, 
	0x00, 0x00, 0x00, 0x00, 0x00, 0x00, 0x00, 0x00, 
	0x00, 0x00, 0x00, 0x00, 0x00, 0x00, 0x00, 0x00, 
	0x00, 0x00, 0x00, 0x00, 0x00, 0x00, 0x00, 0x00, 
	0x00, 0x00, 0x00, 0x00, 0x00, 0x00, 0x00, 0x00, 
	0x00, 0x00, 0x00, 0x00, 0x00, 0x00, 0x00, 0x00, 
	0x00, 0x00, 0x00, 0x00, 0x00, 0x00, 0x00, 0x00, 
	0x00, 0x00, 0x00, 0x00, 0x00, 0x00, 0x00, 0x00, 
	0x00, 0x00, 0x00, 0x00, 0x00, 0x00, 0x00, 0x00, 
	0x00, 0x00, 0x00, 0x00, 0x00, 0x00, 0x00, 0x00, 
	0x00, 0x00, 0x00, 0x00, 0x00, 0x00, 0x00, 0x00, 
	0x00, 0x00, 0x00, 0x00, 0x00, 0x00, 0x00, 0x00, 
	0x00, 0x00, 0x00, 0x00, 0x00, 0x00, 0x00, 0x00, 
	0x00, 0x00, 0x00, 0x00, 0x00, 0x00, 0x00, 0x00, 
	0x00, 0x00, 0x00, 0x00, 0x00, 0x00, 0x00, 0x00, 
	0x00, 0x00, 0x00, 0x00, 0x00, 0x00, 0x00, 0x00, 
	0x00, 0x00, 0x00, 0x00, 0x00, 0x00, 0x00, 0x00, 
	0x00, 0x00, 0x00, 0x00, 0x00, 0x00, 0x00, 0x00, 
	0x00, 0x00, 0x00, 0x00, 0x00, 0x00, 0x00, 0x00, 
	0x00, 0x00, 0x00, 0x00, 0x00, 0x00, 0x00, 0x00, 
	0x00, 0x00, 0x00, 0x00, 0x00, 0x00, 0x00, 0x00, 
	0x00, 0x00, 0x00, 0x00, 0x00, 0x00, 0x00, 0x00, 
	0x00, 0x00, 0x00, 0x00, 0x00, 0x00, 0x00, 0x00, 
	0x00, 0x00, 0x00, 0x00, 0x00, 0x00, 0x00, 0x00, 
	0x00, 0x00, 0x00, 0x00, 0x00, 0x00, 0x00, 0x00, 
	0x00, 0x00, 0x00, 0x00, 0x00, 0x00, 0x00, 0x00, 
	0x00, 0x00, 0x00, 0x00, 0x00, 0x00, 0x00, 0x00, 
	0x00, 0x00, 0x00, 0x00, 0x00, 0x00, 0x00, 0x00, 
	0x00, 0x00, 0x00, 0x00, 0x00, 0x00, 0x00, 0x00, 
	0x00, 0x00, 0x00, 0x00, 0x00, 0x00, 0x00, 0x00, 
	0x00, 0x00, 0x00, 0x00, 0x00, 0x00, 0x00, 0x00, 
	0x00, 0x00, 0x00, 0x00, 0x00, 0x00, 0x00, 0x00, 
	0x00, 0x00, 0x00, 0x00, 0x00, 0x00, 0x00, 0x00, 
	0x00, 0x00, 0x00, 0x00, 0x00, 0x00, 0x00, 0x00, 
	0x00, 0x00, 0x00, 0x00, 0x00, 0x00, 0x00, 0x00, 
	0x00, 0x00, 0x00, 0x00, 0x00, 0x00, 0x00, 0x00, 
	0x00, 0x00, 0x00, 0x00, 0x00, 0x00, 0x00, 0x00, 
	0x00, 0x00, 0x00, 0x00, 0x00, 0x00, 0x00, 0x00, 
	0x00, 0x00, 0x00, 0x00, 0x00, 0x00, 0x00, 0x00, 
	0x00, 0x00, 0x00, 0x00, 0x00, 0x00, 0x00, 0x00, 
	0x00, 0x00, 0x00, 0x00, 0x00, 0x00, 0x00, 0x00, 
	0x00, 0x00, 0x00, 0x00, 0x00, 0x00, 0x00, 0x00, 
	0x00, 0x00, 0x00, 0x00, 0x00, 0x00, 0x00, 0x00, 
	0x00, 0x00, 0x00, 0x00, 0x00, 0x00, 0x00, 0x00, 
	0x00, 0x00, 0x00, 0x00, 0x00, 0x00, 0x00, 0x00, 
	0x00, 0x00, 0x00, 0x00, 0x00, 0x00, 0x00, 0x00, 
	0x00, 0x00, 0x00, 0x00, 0x00, 0x00, 0x00, 0x00, 
	0x00, 0x00, 0x00, 0x00, 0x00, 0x00, 0x00, 0x00, 
	0x00, 0x00, 0x00, 0x00, 0x00, 0x00, 0x00, 0x00, 
	0x00, 0x00, 0x00, 0x00, 0x00, 0x00, 0x00, 0x00, 
	0x00, 0x00, 0x00, 0x00, 0x00, 0x00, 0x00, 0x00, 
	0x00, 0x00, 0x00, 0x00, 0x00, 0x00, 0x00, 0x00, 
	0x00, 0x00, 0x00, 0x00, 0x00, 0x00, 0x00, 0x00, 
	0x00, 0x00, 0x00, 0x00, 0x00, 0x00, 0x00, 0x00, 
	0x00, 0x00, 0x00, 0x00, 0x00, 0x00, 0x00, 0x00, 
	0x00, 0x00, 0x00, 0x00, 0x00, 0x00, 0x00, 0x00, 
	0x00, 0x00, 0x00, 0x00, 0x00, 0x00, 0x00, 0x00, 
	0x00, 0x00, 0x00, 0x00, 0x00, 0x00, 0x00, 0x00, 
	0x00, 0x00, 0x00, 0x00, 0x00, 0x00, 0x00, 0x00, 
	0x00, 0x00, 0x00, 0x00, 0x00, 0x00, 0x00, 0x00, 
	0x00, 0x00, 0x00, 0x00, 0x00, 0x00, 0x00, 0x00, 
	0x00, 0x00, 0x00, 0x00, 0x00, 0x00, 0x00, 0x00, 
	0x00, 0x00, 0x00, 0x00, 0x00, 0x00, 0x00, 0x00, 
	0x00, 0x00, 0x00, 0x00, 0x00, 0x00, 0x00, 0x00, 
	0x00, 0x00, 0x00, 0x00, 0x00, 0x00, 0x00, 0x00, 
	0x00, 0x00, 0x00, 0x00, 0x00, 0x00, 0x00, 0x00, 
	0x00, 0x00, 0x00, 0x00, 0x00, 0x00, 0x00, 0x00, 
	0x00, 0x00, 0x00, 0x00, 0x00, 0x00, 0x00, 0x00, 
	0x00, 0x00, 0x00, 0x00, 0x00, 0x00, 0x00, 0x00, 
	0x00, 0x00, 0x00, 0x00, 0x00, 0x00, 0x00, 0x00, 
	0x00, 0x00, 0x00, 0x00, 0x00, 0x00, 0x00, 0x00, 
	0x00, 0x00, 0x00, 0x00, 0x00, 0x00, 0x00, 0x00, 
	0x00, 0x00, 0x00, 0x00, 0x00, 0x00, 0x00, 0x00, 
	0x00, 0x00, 0x00, 0x00, 0x00, 0x00, 0x00, 0x00, 
	0x00, 0x00, 0x00, 0x00, 0x00, 0x00, 0x00, 0x00, 
	0x00, 0x00, 0x00, 0x00, 0x00, 0x00, 0x00, 0x00, 
	0x00, 0x00, 0x00, 0x00, 0x00, 0x00, 0x00, 0x00, 
	0x00, 0x00, 0x00, 0x00, 0x00, 0x00, 0x00, 0x00, 
	0x00, 0x00, 0x00, 0x00, 0x00, 0x00, 0x00, 0x00, 
	0x00, 0x00, 0x00, 0x00, 0x00, 0x00, 0x00, 0x00, 
	0x00, 0x00, 0x00, 0x00, 0x00, 0x00, 0x00, 0x00, 
	0x00, 0x00, 0x00, 0x00, 0x00, 0x00, 0x00, 0x00, 
	0x00, 0x00, 0x00, 0x00, 0x00, 0x00, 0x00, 0x00, 
	0x00, 0x00, 0x00, 0x00, 0x00, 0x00, 0x00, 0x00, 
	0x00, 0x00, 0x00, 0x00, 0x00, 0x00, 0x00, 0x00, 
	0x00, 0x00, 0x00, 0x00, 0x00, 0x00, 0x00, 0x00, 
	
};

Texture squishy_eye_1_ia8[] = {
	0x00, 0x00, 0x00, 0x00, 0x00, 0x00, 0x00, 0x00, 
	0x00, 0x00, 0x00, 0x00, 0x00, 0x00, 0x00, 0x00, 
	0x00, 0x00, 0x00, 0x00, 0x00, 0x00, 0x00, 0x00, 
	0x00, 0x00, 0x00, 0x00, 0x00, 0x00, 0x00, 0x00, 
	0x00, 0x00, 0x00, 0x00, 0x00, 0x00, 0x00, 0x00, 
	0x00, 0x00, 0x00, 0x00, 0x00, 0x00, 0x00, 0x00, 
	0x00, 0x00, 0x00, 0x00, 0x00, 0x00, 0x00, 0x00, 
	0x00, 0x00, 0x00, 0x00, 0x00, 0x00, 0x00, 0x00, 
	0x00, 0x00, 0x00, 0x00, 0x00, 0x00, 0x00, 0x00, 
	0x00, 0x00, 0x00, 0x00, 0x00, 0x00, 0x00, 0x00, 
	0x00, 0x00, 0x00, 0x00, 0x00, 0x00, 0x00, 0x00, 
	0x00, 0x00, 0x00, 0x00, 0x00, 0x00, 0x00, 0x00, 
	0x00, 0x00, 0x00, 0x00, 0x00, 0x00, 0x00, 0x00, 
	0x00, 0x00, 0x00, 0x00, 0x00, 0x00, 0x00, 0x00, 
	0x00, 0x00, 0x00, 0x00, 0x00, 0x00, 0x00, 0x00, 
	0x00, 0x00, 0x00, 0x00, 0x00, 0x00, 0x00, 0x00, 
	0x00, 0x00, 0x00, 0x00, 0x00, 0x00, 0x00, 0x00, 
	0x00, 0x00, 0x00, 0x00, 0x00, 0x00, 0x00, 0x00, 
	0x00, 0x00, 0x00, 0x00, 0x00, 0x00, 0x00, 0x00, 
	0x00, 0x00, 0x00, 0x00, 0x00, 0x00, 0x00, 0x00, 
	0x00, 0x00, 0x00, 0x00, 0x00, 0x00, 0x00, 0x00, 
	0x00, 0x00, 0x00, 0x00, 0x00, 0x00, 0x00, 0x00, 
	0x00, 0x00, 0x00, 0x00, 0x00, 0x00, 0x00, 0x00, 
	0x00, 0x00, 0x00, 0x00, 0x00, 0x00, 0x00, 0x00, 
	0x00, 0x00, 0x00, 0x00, 0x00, 0x00, 0x00, 0x00, 
	0x00, 0x00, 0x00, 0x00, 0x00, 0x00, 0x00, 0x00, 
	0x00, 0x00, 0x00, 0x00, 0x00, 0x00, 0x00, 0x00, 
	0x00, 0x00, 0x00, 0x00, 0x00, 0x00, 0x00, 0x00, 
	0x00, 0x00, 0x00, 0x00, 0x00, 0x00, 0x00, 0x00, 
	0x00, 0x00, 0x00, 0x00, 0x00, 0x00, 0x00, 0x00, 
	0x00, 0x00, 0x00, 0x00, 0x00, 0x00, 0x00, 0x00, 
	0x00, 0x00, 0x00, 0x00, 0x00, 0x00, 0x00, 0x00, 
	0x00, 0x00, 0x00, 0x00, 0x00, 0x00, 0x00, 0x00, 
	0x00, 0x00, 0x00, 0x00, 0x00, 0x00, 0x00, 0x00, 
	0x00, 0x00, 0x00, 0x00, 0x00, 0x00, 0x00, 0x00, 
	0x00, 0x00, 0x00, 0x00, 0x00, 0x00, 0x00, 0x00, 
	0x00, 0x00, 0x00, 0x00, 0x00, 0x00, 0x00, 0x00, 
	0x00, 0x00, 0x00, 0x00, 0x00, 0x00, 0x00, 0x00, 
	0x00, 0x00, 0x00, 0x00, 0x00, 0x00, 0x00, 0x00, 
	0x00, 0x00, 0x00, 0x00, 0x00, 0x00, 0x00, 0x00, 
	0x00, 0x00, 0x00, 0x00, 0x00, 0x00, 0x00, 0x00, 
	0x00, 0x00, 0x00, 0x00, 0x00, 0x00, 0x00, 0x00, 
	0x00, 0x00, 0x00, 0x00, 0x00, 0x00, 0x00, 0x00, 
	0x00, 0x00, 0x00, 0x00, 0x00, 0x00, 0x00, 0x00, 
	0x00, 0x00, 0x00, 0x00, 0x00, 0x00, 0x00, 0x00, 
	0x00, 0x00, 0x00, 0x00, 0x00, 0x00, 0x00, 0x00, 
	0x00, 0x00, 0x00, 0x00, 0x00, 0x00, 0x00, 0x00, 
	0x00, 0x00, 0x00, 0x00, 0x00, 0x00, 0x00, 0x00, 
	0x00, 0x00, 0x00, 0x00, 0x00, 0x00, 0x00, 0x00, 
	0x00, 0x00, 0x00, 0x00, 0x00, 0xff, 0xff, 0x00, 
	0x00, 0x00, 0x00, 0x00, 0x00, 0x00, 0x00, 0x00, 
	0x00, 0x00, 0x00, 0x00, 0x00, 0x00, 0x00, 0x00, 
	0x00, 0x00, 0x00, 0x00, 0x00, 0x00, 0x00, 0x00, 
	0x00, 0x00, 0x00, 0x00, 0x00, 0x00, 0x00, 0x00, 
	0x00, 0x00, 0x00, 0x00, 0x00, 0x00, 0x00, 0x00, 
	0x00, 0x00, 0x00, 0x00, 0x00, 0x00, 0x00, 0x00, 
	0x00, 0x00, 0x00, 0x00, 0x00, 0x00, 0x00, 0x00, 
	0x00, 0x00, 0x00, 0x00, 0x00, 0xff, 0xff, 0xff, 
	0xff, 0x00, 0x00, 0x00, 0x00, 0x00, 0x00, 0x00, 
	0x00, 0x00, 0x00, 0x00, 0x00, 0x00, 0x00, 0x00, 
	0x00, 0x00, 0x00, 0x00, 0x00, 0x00, 0x00, 0x00, 
	0x00, 0x00, 0x00, 0x00, 0x00, 0x00, 0x00, 0x00, 
	0x00, 0x00, 0x00, 0x00, 0x00, 0x00, 0x00, 0x00, 
	0x00, 0x00, 0x00, 0x00, 0x00, 0x00, 0x00, 0x00, 
	0x00, 0x00, 0x00, 0x00, 0x00, 0x00, 0x00, 0x00, 
	0x00, 0x00, 0x00, 0x00, 0x00, 0x00, 0xff, 0xff, 
	0xff, 0xff, 0xff, 0x00, 0x00, 0x00, 0x00, 0x00, 
	0x00, 0x00, 0x00, 0x00, 0x00, 0x00, 0x00, 0x00, 
	0x00, 0x00, 0x00, 0x00, 0x00, 0x00, 0x00, 0x00, 
	0x00, 0x00, 0x00, 0x00, 0x00, 0x00, 0x00, 0x00, 
	0x00, 0x00, 0x00, 0x00, 0x00, 0x00, 0x00, 0x00, 
	0x00, 0x00, 0x00, 0x00, 0x00, 0x00, 0x00, 0x00, 
	0x00, 0x00, 0x00, 0x00, 0x00, 0x00, 0x00, 0x00, 
	0x00, 0x00, 0x00, 0x00, 0x00, 0x00, 0x00, 0xff, 
	0xff, 0xff, 0xff, 0xff, 0xff, 0x00, 0x00, 0x00, 
	0x00, 0x00, 0x00, 0x00, 0x00, 0x00, 0x00, 0x00, 
	0x00, 0x00, 0x00, 0x00, 0x00, 0x00, 0x00, 0x00, 
	0x00, 0x00, 0x00, 0x00, 0x00, 0x00, 0x00, 0x00, 
	0x00, 0x00, 0x00, 0x00, 0x00, 0x00, 0x00, 0x00, 
	0x00, 0x00, 0x00, 0x00, 0x00, 0x00, 0x00, 0x00, 
	0x00, 0x00, 0x00, 0x00, 0x00, 0x00, 0x00, 0x00, 
	0x00, 0x00, 0x00, 0x00, 0x00, 0x00, 0x00, 0x00, 
	0xff, 0xff, 0xff, 0xff, 0xff, 0xff, 0x00, 0x00, 
	0x00, 0x00, 0x00, 0x00, 0x00, 0x00, 0x00, 0x00, 
	0x00, 0xff, 0xff, 0xff, 0xff, 0xff, 0xff, 0xff, 
	0xff, 0xff, 0xff, 0xff, 0xff, 0xff, 0x00, 0x00, 
	0x00, 0x00, 0x00, 0x00, 0x00, 0x00, 0x00, 0x00, 
	0x00, 0x00, 0x00, 0x00, 0x00, 0x00, 0x00, 0x00, 
	0x00, 0x00, 0x00, 0x00, 0x00, 0x00, 0x00, 0x00, 
	0x00, 0x00, 0xff, 0x00, 0x00, 0x00, 0x00, 0x00, 
	0xff, 0xff, 0xff, 0xff, 0xff, 0xff, 0xff, 0xff, 
	0x00, 0x00, 0x00, 0x00, 0x00, 0x00, 0x00, 0xff, 
	0xff, 0xff, 0xff, 0xff, 0xff, 0xff, 0xff, 0xff, 
	0xff, 0xff, 0xff, 0xff, 0xff, 0xff, 0xff, 0xff, 
	0x00, 0x00, 0x00, 0x00, 0x00, 0x00, 0x00, 0x00, 
	0x00, 0x00, 0x00, 0x00, 0x00, 0x00, 0x00, 0x00, 
	0x00, 0x00, 0x00, 0x00, 0x00, 0x00, 0x00, 0x00, 
	0x00, 0x00, 0xff, 0xff, 0xff, 0xff, 0x00, 0x00, 
	0x00, 0xff, 0xff, 0xff, 0xff, 0xdf, 0xff, 0xff, 
	0xff, 0xff, 0x00, 0x00, 0xff, 0xff, 0xff, 0xff, 
	0xff, 0xff, 0xff, 0xff, 0xff, 0xff, 0xbf, 0xaf, 
	0xaf, 0xaf, 0xaf, 0xbf, 0xff, 0xff, 0xff, 0xff, 
	0xff, 0xff, 0x00, 0x00, 0x00, 0x00, 0x00, 0x00, 
	0x00, 0x00, 0x00, 0x00, 0x00, 0x00, 0x00, 0x00, 
	0x00, 0x00, 0x00, 0x00, 0x00, 0x00, 0x00, 0x00, 
	0x00, 0x00, 0xff, 0xff, 0xff, 0xff, 0xff, 0xff, 
	0x00, 0xff, 0xff, 0xff, 0xff, 0x2f, 0xcf, 0xff, 
	0xff, 0xff, 0xff, 0xff, 0xff, 0xff, 0xff, 0xff, 
	0xff, 0xff, 0xef, 0x5f, 0x0f, 0x0f, 0x0f, 0x0f, 
	0x0f, 0x0f, 0x0f, 0x0f, 0x0f, 0xbf, 0xff, 0xff, 
	0xff, 0xff, 0xff, 0x00, 0x00, 0x00, 0x00, 0x00, 
	0x00, 0x00, 0x00, 0x00, 0x00, 0x00, 0x00, 0x00, 
	0x00, 0x00, 0x00, 0x00, 0x00, 0x00, 0x00, 0x00, 
	0x00, 0x00, 0xff, 0xff, 0xff, 0xff, 0xff, 0xff, 
	0xff, 0xff, 0xff, 0xff, 0xff, 0xdf, 0x0f, 0x5f, 
	0xff, 0xff, 0xff, 0xff, 0xff, 0xff, 0xff, 0xff, 
	0xef, 0x4f, 0x0f, 0x0f, 0x0f, 0x0f, 0x0f, 0x0f, 
	0x3f, 0xcf, 0xdf, 0xcf, 0x4f, 0x0f, 0x0f, 0xef, 
	0xff, 0xff, 0xff, 0xff, 0x00, 0x00, 0x00, 0x00, 
	0x00, 0x00, 0x00, 0x00, 0x00, 0x00, 0x00, 0x00, 
	0x00, 0x00, 0x00, 0x00, 0x00, 0x00, 0x00, 0x00, 
	0x00, 0x00, 0x00, 0xff, 0xff, 0x5f, 0xef, 0xff, 
	0xff, 0xff, 0xff, 0xff, 0xff, 0xff, 0x4f, 0x0f, 
	0x0f, 0xbf, 0xff, 0xff, 0xff, 0xff, 0xff, 0x3f, 
	0x0f, 0x0f, 0x0f, 0x0f, 0x0f, 0x0f, 0x0f, 0x5f, 
	0xff, 0xff, 0xff, 0xff, 0xff, 0x6f, 0x0f, 0x0f, 
	0xef, 0xff, 0xff, 0xff, 0xff, 0x00, 0x00, 0x00, 
	0x00, 0x00, 0x00, 0x00, 0x00, 0x00, 0x00, 0x00, 
	0x00, 0x00, 0x00, 0x00, 0x00, 0x00, 0x00, 0x00, 
	0x00, 0x00, 0x00, 0xff, 0xff, 0x8f, 0x0f, 0x7f, 
	0xef, 0xff, 0xff, 0xff, 0xff, 0xff, 0xef, 0x0f, 
	0x0f, 0x0f, 0x0f, 0xcf, 0xff, 0xdf, 0x0f, 0x0f, 
	0x0f, 0x0f, 0x0f, 0x0f, 0x0f, 0x0f, 0x1f, 0xef, 
	0xff, 0xff, 0xef, 0xff, 0xff, 0xff, 0x2f, 0x0f, 
	0x0f, 0xef, 0xff, 0xff, 0xff, 0xfc, 0x00, 0x00, 
	0x00, 0x00, 0x00, 0x00, 0x00, 0x00, 0x00, 0x00, 
	0x00, 0x00, 0x00, 0x00, 0x00, 0x00, 0x00, 0x00, 
	0x00, 0x00, 0x00, 0xff, 0xff, 0xcf, 0x0f, 0x0f, 
	0x0f, 0x6f, 0xef, 0xff, 0xff, 0xff, 0xff, 0x0f, 
	0x0f, 0x0f, 0x0f, 0x0f, 0x2f, 0x0f, 0x0f, 0x0f, 
	0x0f, 0x0f, 0x0f, 0x0f, 0x0f, 0x0f, 0x2f, 0xff, 
	0xff, 0xef, 0x2f, 0x8f, 0xff, 0xff, 0x5f, 0x0f, 
	0x0f, 0x0f, 0xff, 0xff, 0xff, 0xff, 0x00, 0x00, 
	0x00, 0x00, 0x00, 0x00, 0x00, 0x00, 0x00, 0x00, 
	0x00, 0x00, 0x00, 0x00, 0x00, 0x00, 0x00, 0x00, 
	0x00, 0x00, 0x00, 0xff, 0xff, 0xff, 0x0f, 0x0f, 
	0x0f, 0x0f, 0x0f, 0x0f, 0x5f, 0xdf, 0xef, 0x8f, 
	0x0f, 0x0f, 0x0f, 0x0f, 0x0f, 0x0f, 0x0f, 0x0f, 
	0x0f, 0x0f, 0x0f, 0x0f, 0x0f, 0x0f, 0x8f, 0xff, 
	0xff, 0x8f, 0x0f, 0x1f, 0xef, 0xff, 0x9f, 0x0f, 
	0x0f, 0x0f, 0x7f, 0xff, 0xff, 0xff, 0x00, 0x00, 
	0x00, 0x00, 0x00, 0x00, 0x00, 0x00, 0x00, 0x00, 
	0x00, 0x00, 0x00, 0x00, 0x00, 0x00, 0x00, 0x00, 
	0x00, 0x00, 0x00, 0x00, 0xff, 0xff, 0x0f, 0x0f, 
	0x0f, 0x0f, 0x0f, 0x0f, 0x0f, 0x0f, 0x0f, 0x0f, 
	0x0f, 0x0f, 0x0f, 0x0f, 0x0f, 0x0f, 0x0f, 0x0f, 
	0x0f, 0x0f, 0x0f, 0x0f, 0x0f, 0x0f, 0xbf, 0xff, 
	0xef, 0x2f, 0x0f, 0x0f, 0xcf, 0xff, 0xcf, 0x0f, 
	0x0f, 0x0f, 0x0f, 0xff, 0xff, 0xff, 0x00, 0x00, 
	0x00, 0x00, 0x00, 0x00, 0x00, 0x00, 0x00, 0x00, 
	0x00, 0x00, 0x00, 0x00, 0x00, 0x00, 0x00, 0x00, 
	0x00, 0x00, 0x00, 0x00, 0xff, 0xff, 0x4f, 0x0f, 
	0x0f, 0x0f, 0x0f, 0x0f, 0x0f, 0x0f, 0x0f, 0x0f, 
	0x0f, 0x0f, 0x0f, 0x0f, 0x0f, 0x0f, 0x0f, 0x0f, 
	0x0f, 0x0f, 0x0f, 0x0f, 0x0f, 0x0f, 0xcf, 0xff, 
	0xcf, 0x0f, 0x0f, 0x0f, 0x8f, 0xff, 0xff, 0x0f, 
	0x0f, 0x0f, 0x0f, 0xdf, 0xff, 0xff, 0x00, 0x00, 
	0x00, 0x00, 0x00, 0x00, 0x00, 0x00, 0x00, 0x00, 
	0x00, 0x00, 0x00, 0x00, 0x00, 0x00, 0x00, 0x00, 
	0x00, 0x00, 0x00, 0x00, 0xff, 0xff, 0xaf, 0x0f, 
	0x0f, 0x0f, 0x0f, 0x0f, 0x0f, 0x0f, 0x0f, 0x0f, 
	0x0f, 0x0f, 0x0f, 0x0f, 0x0f, 0x0f, 0x0f, 0x0f, 
	0x0f, 0x0f, 0x0f, 0x0f, 0x0f, 0x0f, 0xdf, 0xff, 
	0x8f, 0x0f, 0x0f, 0x0f, 0x5f, 0xff, 0xff, 0x0f, 
	0x0f, 0x0f, 0x0f, 0xdf, 0xff, 0xff, 0x00, 0x00, 
	0x00, 0x00, 0x00, 0x00, 0x00, 0x00, 0x00, 0x00, 
	0x00, 0x00, 0x00, 0x00, 0x00, 0x00, 0x00, 0x00, 
	0x00, 0x00, 0x00, 0x00, 0xff, 0xff, 0xcf, 0x0f, 
	0x0f, 0x0f, 0x0f, 0x0f, 0x1f, 0x7f, 0xdf, 0xff, 
	0x0f, 0x0f, 0x0f, 0x0f, 0x0f, 0x0f, 0x0f, 0x0f, 
	0x0f, 0x0f, 0x0f, 0x0f, 0x0f, 0x0f, 0xdf, 0xff, 
	0x5f, 0x0f, 0x0f, 0x0f, 0x4f, 0xff, 0xff, 0x0f, 
	0x0f, 0x0f, 0x0f, 0xdf, 0xff, 0xff, 0x00, 0x00, 
	0x00, 0x00, 0x00, 0x00, 0x00, 0x00, 0x00, 0x00, 
	0x00, 0x00, 0x00, 0x00, 0x00, 0x00, 0x00, 0x00, 
	0x00, 0x00, 0x00, 0x00, 0xff, 0xff, 0xff, 0x1f, 
	0x7f, 0xef, 0xff, 0xff, 0xff, 0xff, 0xff, 0x9f, 
	0x0f, 0x0f, 0x0f, 0x0f, 0x0f, 0x0f, 0x0f, 0x0f, 
	0x0f, 0x0f, 0x0f, 0x0f, 0x0f, 0x0f, 0xef, 0xff, 
	0x3f, 0x0f, 0x0f, 0x0f, 0x4f, 0xff, 0xff, 0x0f, 
	0x0f, 0x0f, 0x0f, 0xff, 0xff, 0xff, 0x00, 0x00, 
	0x00, 0x00, 0x00, 0x00, 0x00, 0x00, 0x00, 0x00, 
	0x00, 0x00, 0x00, 0x00, 0x00, 0x00, 0x00, 0x00, 
	0x00, 0x00, 0x00, 0x00, 0x00, 0xff, 0xff, 0xff, 
	0xff, 0xff, 0xff, 0xff, 0xff, 0xff, 0xff, 0x0f, 
	0x0f, 0x0f, 0x0f, 0x6f, 0x5f, 0x0f, 0x0f, 0x0f, 
	0x0f, 0x0f, 0x0f, 0x0f, 0x0f, 0x0f, 0xcf, 0xff, 
	0xbf, 0x0f, 0x0f, 0x0f, 0xdf, 0xff, 0xdf, 0x0f, 
	0x0f, 0x0f, 0x7f, 0xff, 0xff, 0xff, 0x00, 0x00, 
	0x00, 0x00, 0x00, 0x00, 0x00, 0x00, 0x00, 0x00, 
	0x00, 0x00, 0x00, 0x00, 0x00, 0x00, 0x00, 0x00, 
	0x00, 0x00, 0x00, 0x00, 0x00, 0xff, 0xff, 0xff, 
	0xff, 0xff, 0xff, 0xff, 0xff, 0xff, 0x7f, 0x0f, 
	0x0f, 0x0f, 0x0f, 0xff, 0xff, 0x3f, 0x0f, 0x0f, 
	0x0f, 0x0f, 0x0f, 0x0f, 0x0f, 0x0f, 0x7f, 0xff, 
	0xff, 0x5f, 0x4f, 0xbf, 0xff, 0xff, 0x3f, 0x0f, 
	0x0f, 0x5f, 0xff, 0xff, 0xff, 0xff, 0x00, 0x00, 
	0x00, 0x00, 0x00, 0x00, 0x00, 0x00, 0x00, 0x00, 
	0x00, 0x00, 0x00, 0x00, 0x00, 0x00, 0x00, 0x00, 
	0x00, 0x00, 0x00, 0x00, 0x00, 0xff, 0xff, 0x00, 
	0x00, 0x00, 0xff, 0xff, 0xff, 0xff, 0x0f, 0x0f, 
	0x0f, 0x0f, 0xdf, 0xff, 0xff, 0xff, 0x9f, 0x0f, 
	0x0f, 0x0f, 0x0f, 0x0f, 0x0f, 0x0f, 0x1f, 0xef, 
	0xff, 0xff, 0xff, 0xff, 0xff, 0xaf, 0x0f, 0x0f, 
	0x5f, 0xff, 0xff, 0xff, 0xff, 0x00, 0x00, 0x00, 
	0x00, 0x00, 0x00, 0x00, 0x00, 0x00, 0x00, 0x00, 
	0x00, 0x00, 0x00, 0x00, 0x00, 0x00, 0x00, 0x00, 
	0x00, 0x00, 0x00, 0x00, 0x00, 0x00, 0x00, 0x00, 
	0x00, 0x00, 0xff, 0xff, 0xff, 0x3f, 0x0f, 0x0f, 
	0x0f, 0x2f, 0xff, 0xff, 0xff, 0xff, 0xff, 0xff, 
	0x1f, 0x0f, 0x0f, 0x0f, 0x0f, 0x0f, 0x0f, 0x2f, 
	0xff, 0xff, 0xff, 0xff, 0x7f, 0x0f, 0x0f, 0x5f, 
	0xff, 0xff, 0xff, 0xff, 0x00, 0x00, 0x00, 0x00, 
	0x00, 0x00, 0x00, 0x00, 0x00, 0x00, 0x00, 0x00, 
	0x00, 0x00, 0x00, 0x00, 0x00, 0x00, 0x00, 0x00, 
	0x00, 0x00, 0x00, 0x00, 0x00, 0x00, 0x00, 0x00, 
	0x00, 0xff, 0xff, 0xff, 0xaf, 0x0f, 0x0f, 0x0f, 
	0x0f, 0xcf, 0xff, 0xff, 0xff, 0xff, 0xff, 0xff, 
	0xff, 0xcf, 0x1f, 0x0f, 0x0f, 0x0f, 0x0f, 0x0f, 
	0x0f, 0x0f, 0x0f, 0x0f, 0x0f, 0x0f, 0x8f, 0xff, 
	0xff, 0xff, 0xff, 0x00, 0x00, 0x00, 0x00, 0x00, 
	0x00, 0x00, 0x00, 0x00, 0x00, 0x00, 0x00, 0x00, 
	0x00, 0x00, 0x00, 0x00, 0x00, 0x00, 0x00, 0x00, 
	0x00, 0x00, 0x00, 0x00, 0x00, 0x00, 0x00, 0x00, 
	0xff, 0xff, 0xff, 0xbf, 0x0f, 0x0f, 0x0f, 0x0f, 
	0x0f, 0xcf, 0xff, 0xff, 0x00, 0xff, 0xff, 0xff, 
	0xff, 0xff, 0xff, 0xcf, 0xcf, 0x2f, 0x0f, 0x0f, 
	0x0f, 0x0f, 0x0f, 0x1f, 0xbf, 0xff, 0xff, 0xff, 
	0xff, 0xff, 0x00, 0x00, 0x00, 0x00, 0x00, 0x00, 
	0x00, 0x00, 0x00, 0x00, 0x00, 0x00, 0x00, 0x00, 
	0x00, 0x00, 0x00, 0x00, 0x00, 0x00, 0x00, 0x00, 
	0x00, 0x00, 0x00, 0x00, 0x00, 0x00, 0x00, 0x00, 
	0xff, 0xff, 0xff, 0xff, 0x3f, 0x0f, 0x0f, 0x0f, 
	0x0f, 0xff, 0xff, 0xff, 0x00, 0x00, 0x00, 0xff, 
	0xff, 0xff, 0xff, 0xff, 0xff, 0xff, 0xff, 0xef, 
	0xff, 0xff, 0xff, 0xff, 0xff, 0xff, 0xff, 0xff, 
	0xff, 0x00, 0x00, 0x00, 0x00, 0x00, 0x00, 0x00, 
	0x00, 0x00, 0x00, 0x00, 0x00, 0x00, 0x00, 0x00, 
	0x00, 0x00, 0x00, 0x00, 0x00, 0x00, 0x00, 0x00, 
	0x00, 0x00, 0x00, 0x00, 0x00, 0x00, 0x00, 0x00, 
	0xff, 0xff, 0xff, 0xff, 0xff, 0xdf, 0x4f, 0x0f, 
	0x0f, 0xff, 0xff, 0xff, 0x00, 0x00, 0x00, 0x00, 
	0x00, 0xff, 0xff, 0xff, 0xff, 0xff, 0xff, 0xff, 
	0xff, 0xff, 0xff, 0xff, 0xff, 0xff, 0xff, 0xff, 
	0x00, 0x00, 0x00, 0x00, 0x00, 0x00, 0x00, 0x00, 
	0x00, 0x00, 0x00, 0x00, 0x00, 0x00, 0x00, 0x00, 
	0x00, 0x00, 0x00, 0x00, 0x00, 0x00, 0x00, 0x00, 
	0x00, 0x00, 0x00, 0x00, 0x00, 0x00, 0x00, 0x00, 
	0x00, 0x00, 0xff, 0xff, 0xff, 0xff, 0xff, 0xdf, 
	0x3f, 0xff, 0xff, 0x00, 0x00, 0x00, 0x00, 0x00, 
	0x00, 0x00, 0x00, 0x00, 0xff, 0xff, 0xff, 0xff, 
	0xff, 0xff, 0xff, 0xff, 0xff, 0xff, 0x00, 0x00, 
	0x00, 0x00, 0x00, 0x00, 0x00, 0x00, 0x00, 0x00, 
	0x00, 0x00, 0x00, 0x00, 0x00, 0x00, 0x00, 0x00, 
	0x00, 0x00, 0x00, 0x00, 0x00, 0x00, 0x00, 0x00, 
	0x00, 0x00, 0x00, 0x00, 0x00, 0x00, 0x00, 0x00, 
	0x00, 0x00, 0x00, 0x00, 0xff, 0xff, 0xff, 0xff, 
	0xff, 0xff, 0xff, 0x00, 0x00, 0x00, 0x00, 0x00, 
	0x00, 0x00, 0x00, 0x00, 0x00, 0x00, 0x00, 0x00, 
	0x00, 0x00, 0x00, 0x00, 0x00, 0x00, 0x00, 0x00, 
	0x00, 0x00, 0x00, 0x00, 0x00, 0x00, 0x00, 0x00, 
	0x00, 0x00, 0x00, 0x00, 0x00, 0x00, 0x00, 0x00, 
	0x00, 0x00, 0x00, 0x00, 0x00, 0x00, 0x00, 0x00, 
	0x00, 0x00, 0x00, 0x00, 0x00, 0x00, 0x00, 0x00, 
	0x00, 0x00, 0x00, 0x00, 0x00, 0x00, 0xff, 0xff, 
	0xff, 0xff, 0xff, 0x00, 0x00, 0x00, 0x00, 0x00, 
	0x00, 0x00, 0x00, 0x00, 0x00, 0x00, 0x00, 0x00, 
	0x00, 0x00, 0x00, 0x00, 0x00, 0x00, 0x00, 0x00, 
	0x00, 0x00, 0x00, 0x00, 0x00, 0x00, 0x00, 0x00, 
	0x00, 0x00, 0x00, 0x00, 0x00, 0x00, 0x00, 0x00, 
	0x00, 0x00, 0x00, 0x00, 0x00, 0x00, 0x00, 0x00, 
	0x00, 0x00, 0x00, 0x00, 0x00, 0x00, 0x00, 0x00, 
	0x00, 0x00, 0x00, 0x00, 0x00, 0x00, 0x00, 0x00, 
	0xff, 0xff, 0x00, 0x00, 0x00, 0x00, 0x00, 0x00, 
	0x00, 0x00, 0x00, 0x00, 0x00, 0x00, 0x00, 0x00, 
	0x00, 0x00, 0x00, 0x00, 0x00, 0x00, 0x00, 0x00, 
	0x00, 0x00, 0x00, 0x00, 0x00, 0x00, 0x00, 0x00, 
	0x00, 0x00, 0x00, 0x00, 0x00, 0x00, 0x00, 0x00, 
	0x00, 0x00, 0x00, 0x00, 0x00, 0x00, 0x00, 0x00, 
	0x00, 0x00, 0x00, 0x00, 0x00, 0x00, 0x00, 0x00, 
	0x00, 0x00, 0x00, 0x00, 0x00, 0x00, 0x00, 0x00, 
	0x00, 0x00, 0x00, 0x00, 0x00, 0x00, 0x00, 0x00, 
	0x00, 0x00, 0x00, 0x00, 0x00, 0x00, 0x00, 0x00, 
	0x00, 0x00, 0x00, 0x00, 0x00, 0x00, 0x00, 0x00, 
	0x00, 0x00, 0x00, 0x00, 0x00, 0x00, 0x00, 0x00, 
	0x00, 0x00, 0x00, 0x00, 0x00, 0x00, 0x00, 0x00, 
	0x00, 0x00, 0x00, 0x00, 0x00, 0x00, 0x00, 0x00, 
	0x00, 0x00, 0x00, 0x00, 0x00, 0x00, 0x00, 0x00, 
	0x00, 0x00, 0x00, 0x00, 0x00, 0x00, 0x00, 0x00, 
	0x00, 0x00, 0x00, 0x00, 0x00, 0x00, 0x00, 0x00, 
	0x00, 0x00, 0x00, 0x00, 0x00, 0x00, 0x00, 0x00, 
	0x00, 0x00, 0x00, 0x00, 0x00, 0x00, 0x00, 0x00, 
	0x00, 0x00, 0x00, 0x00, 0x00, 0x00, 0x00, 0x00, 
	0x00, 0x00, 0x00, 0x00, 0x00, 0x00, 0x00, 0x00, 
	0x00, 0x00, 0x00, 0x00, 0x00, 0x00, 0x00, 0x00, 
	0x00, 0x00, 0x00, 0x00, 0x00, 0x00, 0x00, 0x00, 
	0x00, 0x00, 0x00, 0x00, 0x00, 0x00, 0x00, 0x00, 
	0x00, 0x00, 0x00, 0x00, 0x00, 0x00, 0x00, 0x00, 
	0x00, 0x00, 0x00, 0x00, 0x00, 0x00, 0x00, 0x00, 
	0x00, 0x00, 0x00, 0x00, 0x00, 0x00, 0x00, 0x00, 
	0x00, 0x00, 0x00, 0x00, 0x00, 0x00, 0x00, 0x00, 
	0x00, 0x00, 0x00, 0x00, 0x00, 0x00, 0x00, 0x00, 
	0x00, 0x00, 0x00, 0x00, 0x00, 0x00, 0x00, 0x00, 
	0x00, 0x00, 0x00, 0x00, 0x00, 0x00, 0x00, 0x00, 
	0x00, 0x00, 0x00, 0x00, 0x00, 0x00, 0x00, 0x00, 
	0x00, 0x00, 0x00, 0x00, 0x00, 0x00, 0x00, 0x00, 
	0x00, 0x00, 0x00, 0x00, 0x00, 0x00, 0x00, 0x00, 
	0x00, 0x00, 0x00, 0x00, 0x00, 0x00, 0x00, 0x00, 
	0x00, 0x00, 0x00, 0x00, 0x00, 0x00, 0x00, 0x00, 
	0x00, 0x00, 0x00, 0x00, 0x00, 0x00, 0x00, 0x00, 
	0x00, 0x00, 0x00, 0x00, 0x00, 0x00, 0x00, 0x00, 
	0x00, 0x00, 0x00, 0x00, 0x00, 0x00, 0x00, 0x00, 
	0x00, 0x00, 0x00, 0x00, 0x00, 0x00, 0x00, 0x00, 
	0x00, 0x00, 0x00, 0x00, 0x00, 0x00, 0x00, 0x00, 
	0x00, 0x00, 0x00, 0x00, 0x00, 0x00, 0x00, 0x00, 
	0x00, 0x00, 0x00, 0x00, 0x00, 0x00, 0x00, 0x00, 
	0x00, 0x00, 0x00, 0x00, 0x00, 0x00, 0x00, 0x00, 
	0x00, 0x00, 0x00, 0x00, 0x00, 0x00, 0x00, 0x00, 
	0x00, 0x00, 0x00, 0x00, 0x00, 0x00, 0x00, 0x00, 
	0x00, 0x00, 0x00, 0x00, 0x00, 0x00, 0x00, 0x00, 
	0x00, 0x00, 0x00, 0x00, 0x00, 0x00, 0x00, 0x00, 
	0x00, 0x00, 0x00, 0x00, 0x00, 0x00, 0x00, 0x00, 
	0x00, 0x00, 0x00, 0x00, 0x00, 0x00, 0x00, 0x00, 
	0x00, 0x00, 0x00, 0x00, 0x00, 0x00, 0x00, 0x00, 
	0x00, 0x00, 0x00, 0x00, 0x00, 0x00, 0x00, 0x00, 
	0x00, 0x00, 0x00, 0x00, 0x00, 0x00, 0x00, 0x00, 
	0x00, 0x00, 0x00, 0x00, 0x00, 0x00, 0x00, 0x00, 
	0x00, 0x00, 0x00, 0x00, 0x00, 0x00, 0x00, 0x00, 
	0x00, 0x00, 0x00, 0x00, 0x00, 0x00, 0x00, 0x00, 
	0x00, 0x00, 0x00, 0x00, 0x00, 0x00, 0x00, 0x00, 
	0x00, 0x00, 0x00, 0x00, 0x00, 0x00, 0x00, 0x00, 
	0x00, 0x00, 0x00, 0x00, 0x00, 0x00, 0x00, 0x00, 
	0x00, 0x00, 0x00, 0x00, 0x00, 0x00, 0x00, 0x00, 
	0x00, 0x00, 0x00, 0x00, 0x00, 0x00, 0x00, 0x00, 
	0x00, 0x00, 0x00, 0x00, 0x00, 0x00, 0x00, 0x00, 
	0x00, 0x00, 0x00, 0x00, 0x00, 0x00, 0x00, 0x00, 
	0x00, 0x00, 0x00, 0x00, 0x00, 0x00, 0x00, 0x00, 
	0x00, 0x00, 0x00, 0x00, 0x00, 0x00, 0x00, 0x00, 
	0x00, 0x00, 0x00, 0x00, 0x00, 0x00, 0x00, 0x00, 
	0x00, 0x00, 0x00, 0x00, 0x00, 0x00, 0x00, 0x00, 
	0x00, 0x00, 0x00, 0x00, 0x00, 0x00, 0x00, 0x00, 
	0x00, 0x00, 0x00, 0x00, 0x00, 0x00, 0x00, 0x00, 
	0x00, 0x00, 0x00, 0x00, 0x00, 0x00, 0x00, 0x00, 
	0x00, 0x00, 0x00, 0x00, 0x00, 0x00, 0x00, 0x00, 
	0x00, 0x00, 0x00, 0x00, 0x00, 0x00, 0x00, 0x00, 
	0x00, 0x00, 0x00, 0x00, 0x00, 0x00, 0x00, 0x00, 
	0x00, 0x00, 0x00, 0x00, 0x00, 0x00, 0x00, 0x00, 
	0x00, 0x00, 0x00, 0x00, 0x00, 0x00, 0x00, 0x00, 
	0x00, 0x00, 0x00, 0x00, 0x00, 0x00, 0x00, 0x00, 
	0x00, 0x00, 0x00, 0x00, 0x00, 0x00, 0x00, 0x00, 
	0x00, 0x00, 0x00, 0x00, 0x00, 0x00, 0x00, 0x00, 
	0x00, 0x00, 0x00, 0x00, 0x00, 0x00, 0x00, 0x00, 
	0x00, 0x00, 0x00, 0x00, 0x00, 0x00, 0x00, 0x00, 
	0x00, 0x00, 0x00, 0x00, 0x00, 0x00, 0x00, 0x00, 
	0x00, 0x00, 0x00, 0x00, 0x00, 0x00, 0x00, 0x00, 
	0x00, 0x00, 0x00, 0x00, 0x00, 0x00, 0x00, 0x00, 
	0x00, 0x00, 0x00, 0x00, 0x00, 0x00, 0x00, 0x00, 
	0x00, 0x00, 0x00, 0x00, 0x00, 0x00, 0x00, 0x00, 
	0x00, 0x00, 0x00, 0x00, 0x00, 0x00, 0x00, 0x00, 
	0x00, 0x00, 0x00, 0x00, 0x00, 0x00, 0x00, 0x00, 
	0x00, 0x00, 0x00, 0x00, 0x00, 0x00, 0x00, 0x00, 
	0x00, 0x00, 0x00, 0x00, 0x00, 0x00, 0x00, 0x00, 
	0x00, 0x00, 0x00, 0x00, 0x00, 0x00, 0x00, 0x00, 
	0x00, 0x00, 0x00, 0x00, 0x00, 0x00, 0x00, 0x00, 
	0x00, 0x00, 0x00, 0x00, 0x00, 0x00, 0x00, 0x00, 
	0x00, 0x00, 0x00, 0x00, 0x00, 0x00, 0x00, 0x00, 
	0x00, 0x00, 0x00, 0x00, 0x00, 0x00, 0x00, 0x00, 
	0x00, 0x00, 0x00, 0x00, 0x00, 0x00, 0x00, 0x00, 
	0x00, 0x00, 0x00, 0x00, 0x00, 0x0f, 0x0f, 0x00, 
	0x00, 0x00, 0x00, 0x00, 0x00, 0x00, 0x00, 0x0f, 
	0x0f, 0x00, 0x00, 0x00, 0x00, 0x00, 0x00, 0x00, 
	0x00, 0x0f, 0x0f, 0x00, 0x00, 0x00, 0x00, 0x00, 
	0x00, 0x00, 0x00, 0x00, 0x00, 0x00, 0x00, 0x00, 
	0x00, 0x00, 0x00, 0x00, 0x00, 0x00, 0x00, 0x00, 
	0x00, 0x00, 0x00, 0x00, 0x00, 0x00, 0x00, 0x00, 
	0x00, 0x00, 0x00, 0x00, 0x00, 0x00, 0x00, 0x00, 
	0x00, 0x00, 0x00, 0x00, 0x0f, 0x0f, 0x0f, 0x0f, 
	0x00, 0x00, 0x00, 0x00, 0x00, 0x00, 0x0f, 0x0f, 
	0x0f, 0x0f, 0x00, 0x00, 0x00, 0x00, 0x00, 0x00, 
	0x0f, 0x0f, 0x0f, 0x0f, 0x00, 0x00, 0x00, 0x00, 
	0x00, 0x00, 0x00, 0x00, 0x00, 0x00, 0x00, 0x00, 
	0x00, 0x00, 0x00, 0x00, 0x00, 0x00, 0x00, 0x00, 
	0x00, 0x00, 0x00, 0x00, 0x00, 0x00, 0x00, 0x00, 
	0x00, 0x00, 0x00, 0x00, 0x00, 0x00, 0x00, 0x00, 
	0x00, 0x00, 0x00, 0x00, 0x0f, 0x0f, 0x0f, 0x0f, 
	0x00, 0x00, 0x00, 0x00, 0x00, 0x00, 0x0f, 0x0f, 
	0x0f, 0x0f, 0x00, 0x00, 0x00, 0x00, 0x00, 0x00, 
	0x0f, 0x0f, 0x0f, 0x0f, 0x00, 0x00, 0x00, 0x00, 
	0x00, 0x00, 0x00, 0x00, 0x00, 0x00, 0x00, 0x00, 
	0x00, 0x00, 0x00, 0x00, 0x00, 0x00, 0x00, 0x00, 
	0x00, 0x00, 0x00, 0x00, 0x00, 0x00, 0x00, 0x00, 
	0x00, 0x00, 0x00, 0x00, 0x00, 0x00, 0x00, 0x00, 
	0x00, 0x00, 0x00, 0x00, 0x0f, 0x0f, 0x0f, 0x0f, 
	0x00, 0x00, 0x00, 0x00, 0x00, 0x00, 0x0f, 0x0f, 
	0x0f, 0x0f, 0x00, 0x00, 0x00, 0x00, 0x00, 0x00, 
	0x0f, 0x0f, 0x0f, 0x0f, 0x00, 0x00, 0x00, 0x00, 
	0x00, 0x00, 0x00, 0x00, 0x00, 0x00, 0x00, 0x00, 
	0x00, 0x00, 0x00, 0x00, 0x00, 0x00, 0x00, 0x00, 
	0x00, 0x00, 0x00, 0x00, 0x00, 0x00, 0x00, 0x00, 
	0x00, 0x00, 0x00, 0x00, 0x00, 0x00, 0x00, 0x00, 
	0x00, 0x00, 0x00, 0x00, 0x0f, 0x0f, 0x0f, 0x0f, 
	0x00, 0x00, 0x00, 0x00, 0x00, 0x00, 0x0f, 0x0f, 
	0x0f, 0x0f, 0x00, 0x00, 0x00, 0x00, 0x00, 0x00, 
	0x0f, 0x0f, 0x0f, 0x0f, 0x00, 0x00, 0x00, 0x00, 
	0x00, 0x00, 0x00, 0x00, 0x00, 0x00, 0x00, 0x00, 
	0x00, 0x00, 0x00, 0x00, 0x00, 0x00, 0x00, 0x00, 
	0x00, 0x00, 0x00, 0x00, 0x00, 0x00, 0x00, 0x00, 
	0x00, 0x00, 0x00, 0x00, 0x00, 0x00, 0x00, 0x00, 
	0x00, 0x00, 0x00, 0x00, 0x0f, 0x0f, 0x0f, 0x0f, 
	0x00, 0x00, 0x00, 0x00, 0x00, 0x00, 0x0f, 0x0f, 
	0x0f, 0x0f, 0x00, 0x00, 0x00, 0x00, 0x00, 0x00, 
	0x0f, 0x0f, 0x0f, 0x0f, 0x00, 0x00, 0x00, 0x00, 
	0x00, 0x00, 0x00, 0x00, 0x00, 0x00, 0x00, 0x00, 
	0x00, 0x00, 0x00, 0x00, 0x00, 0x00, 0x00, 0x00, 
	0x00, 0x00, 0x00, 0x00, 0x00, 0x00, 0x00, 0x00, 
	0x00, 0x00, 0x00, 0x00, 0x00, 0x00, 0x00, 0x00, 
	0x00, 0x00, 0x00, 0x00, 0x0f, 0x0f, 0x0f, 0x0f, 
	0x00, 0x00, 0x00, 0x00, 0x00, 0x00, 0x0f, 0x0f, 
	0x0f, 0x0f, 0x00, 0x00, 0x00, 0x00, 0x00, 0x00, 
	0x0f, 0x0f, 0x0f, 0x0f, 0x00, 0x00, 0x00, 0x00, 
	0x00, 0x00, 0x00, 0x00, 0x00, 0x00, 0x00, 0x00, 
	0x00, 0x00, 0x00, 0x00, 0x00, 0x00, 0x00, 0x00, 
	0x00, 0x00, 0x00, 0x00, 0x00, 0x00, 0x00, 0x00, 
	0x00, 0x00, 0x00, 0x00, 0x00, 0x00, 0x00, 0x00, 
	0x00, 0x00, 0x00, 0x00, 0x0f, 0x0f, 0x0f, 0x0f, 
	0x00, 0x00, 0x00, 0x00, 0x00, 0x00, 0x0f, 0x0f, 
	0x0f, 0x0f, 0x00, 0x00, 0x00, 0x00, 0x00, 0x00, 
	0x0f, 0x0f, 0x0f, 0x0f, 0x00, 0x00, 0x00, 0x00, 
	0x00, 0x00, 0x00, 0x00, 0x00, 0x00, 0x00, 0x00, 
	0x00, 0x00, 0x00, 0x00, 0x00, 0x00, 0x00, 0x00, 
	0x00, 0x00, 0x00, 0x00, 0x00, 0x00, 0x00, 0x00, 
	0x00, 0x00, 0x00, 0x00, 0x00, 0x00, 0x00, 0x00, 
	0x00, 0x00, 0x00, 0x00, 0x0f, 0x0f, 0x0f, 0x0f, 
	0x00, 0x00, 0x00, 0x00, 0x00, 0x00, 0x0f, 0x0f, 
	0x0f, 0x0f, 0x00, 0x00, 0x00, 0x00, 0x00, 0x00, 
	0x0f, 0x0f, 0x0f, 0x0f, 0x00, 0x00, 0x00, 0x00, 
	0x00, 0x00, 0x00, 0x00, 0x00, 0x00, 0x00, 0x00, 
	0x00, 0x00, 0x00, 0x00, 0x00, 0x00, 0x00, 0x00, 
	0x00, 0x00, 0x00, 0x00, 0x00, 0x00, 0x00, 0x00, 
	0x00, 0x00, 0x00, 0x00, 0x00, 0x00, 0x00, 0x00, 
	0x00, 0x00, 0x00, 0x00, 0x0f, 0x0f, 0x0f, 0x0f, 
	0x00, 0x00, 0x00, 0x00, 0x00, 0x00, 0x0f, 0x0f, 
	0x0f, 0x0f, 0x00, 0x00, 0x00, 0x00, 0x00, 0x00, 
	0x0f, 0x0f, 0x0f, 0x0f, 0x00, 0x00, 0x00, 0x00, 
	0x00, 0x00, 0x00, 0x00, 0x00, 0x00, 0x00, 0x00, 
	0x00, 0x00, 0x00, 0x00, 0x00, 0x00, 0x00, 0x00, 
	0x00, 0x00, 0x00, 0x00, 0x00, 0x00, 0x00, 0x00, 
	0x00, 0x00, 0x00, 0x00, 0x00, 0x00, 0x00, 0x00, 
	0x00, 0x00, 0x00, 0x00, 0x00, 0x0f, 0x0f, 0x00, 
	0x00, 0x00, 0x00, 0x00, 0x00, 0x00, 0x00, 0x0f, 
	0x0f, 0x00, 0x00, 0x00, 0x00, 0x00, 0x00, 0x00, 
	0x00, 0x0f, 0x0f, 0x00, 0x00, 0x00, 0x00, 0x00, 
	0x00, 0x00, 0x00, 0x00, 0x00, 0x00, 0x00, 0x00, 
	0x00, 0x00, 0x00, 0x00, 0x00, 0x00, 0x00, 0x00, 
	0x00, 0x00, 0x00, 0x00, 0x00, 0x00, 0x00, 0x00, 
	0x00, 0x00, 0x00, 0x00, 0x00, 0x00, 0x00, 0x00, 
	0x00, 0x00, 0x00, 0x00, 0x00, 0x00, 0x00, 0x00, 
	0x00, 0x00, 0x00, 0x00, 0x00, 0x00, 0x00, 0x00, 
	0x00, 0x00, 0x00, 0x00, 0x00, 0x00, 0x00, 0x00, 
	0x00, 0x00, 0x00, 0x00, 0x00, 0x00, 0x00, 0x00, 
	0x00, 0x00, 0x00, 0x00, 0x00, 0x00, 0x00, 0x00, 
	0x00, 0x00, 0x00, 0x00, 0x00, 0x00, 0x00, 0x00, 
	0x00, 0x00, 0x00, 0x00, 0x00, 0x00, 0x00, 0x00, 
	0x00, 0x00, 0x00, 0x00, 0x00, 0x00, 0x00, 0x00, 
	0x00, 0x00, 0x00, 0x00, 0x00, 0x00, 0x00, 0x00, 
	0x00, 0x00, 0x00, 0x00, 0x00, 0x00, 0x00, 0x00, 
	0x00, 0x00, 0x00, 0x00, 0x00, 0x00, 0x00, 0x00, 
	0x00, 0x00, 0x00, 0x00, 0x00, 0x00, 0x00, 0x00, 
	0x00, 0x00, 0x00, 0x00, 0x00, 0x00, 0x00, 0x00, 
	0x00, 0x00, 0x00, 0x00, 0x00, 0x00, 0x00, 0x00, 
	0x00, 0x00, 0x00, 0x00, 0x00, 0x00, 0x00, 0x00, 
	0x00, 0x00, 0x00, 0x00, 0x00, 0x00, 0x00, 0x00, 
	0x00, 0x00, 0x00, 0x00, 0x00, 0x00, 0x00, 0x00, 
	0x00, 0x00, 0x00, 0x00, 0x00, 0x00, 0x00, 0x00, 
	0x00, 0x00, 0x00, 0x00, 0x00, 0x00, 0x00, 0x00, 
	0x00, 0x00, 0x00, 0x00, 0x00, 0x00, 0x00, 0x00, 
	0x00, 0x00, 0x00, 0x00, 0x00, 0x00, 0x00, 0x00, 
	0x00, 0x00, 0x00, 0x00, 0x00, 0x00, 0x00, 0x00, 
	0x00, 0x00, 0x00, 0x00, 0x00, 0x00, 0x00, 0x00, 
	0x00, 0x00, 0x00, 0x00, 0x00, 0x00, 0x00, 0x00, 
	0x00, 0x00, 0x00, 0x00, 0x00, 0x00, 0x00, 0x00, 
	0x00, 0x00, 0x00, 0x00, 0x00, 0x00, 0x00, 0x00, 
	0x00, 0x00, 0x00, 0x00, 0x00, 0x00, 0x00, 0x00, 
	0x00, 0x00, 0x00, 0x00, 0x00, 0x00, 0x00, 0x00, 
	0x00, 0x00, 0x00, 0x00, 0x00, 0x00, 0x00, 0x00, 
	0x00, 0x00, 0x00, 0x00, 0x00, 0x00, 0x00, 0x00, 
	0x00, 0x00, 0x00, 0x00, 0x00, 0x00, 0x00, 0x00, 
	0x00, 0x00, 0x00, 0x00, 0x00, 0x00, 0x00, 0x00, 
	0x00, 0x00, 0x00, 0x00, 0x00, 0x00, 0x00, 0x00, 
	0x00, 0x00, 0x00, 0x00, 0x00, 0x00, 0x00, 0x00, 
	0x00, 0x00, 0x00, 0x00, 0x00, 0x00, 0x00, 0x00, 
	0x00, 0x00, 0x00, 0x00, 0x00, 0x00, 0x00, 0x00, 
	0x00, 0x00, 0x00, 0x00, 0x00, 0x00, 0x00, 0x00, 
	0x00, 0x00, 0x00, 0x00, 0x00, 0x00, 0x00, 0x00, 
	0x00, 0x00, 0x00, 0x00, 0x00, 0x00, 0x00, 0x00, 
	0x00, 0x00, 0x00, 0x00, 0x00, 0x00, 0x00, 0x00, 
	0x00, 0x00, 0x00, 0x00, 0x00, 0x00, 0x00, 0x00, 
	0x00, 0x00, 0x00, 0x00, 0x00, 0x00, 0x00, 0x00, 
	0x00, 0x00, 0x00, 0x00, 0x00, 0x00, 0x00, 0x00, 
	0x00, 0x00, 0x00, 0x00, 0x00, 0x00, 0x00, 0x00, 
	0x00, 0x00, 0x00, 0x00, 0x00, 0x00, 0x00, 0x00, 
	0x00, 0x00, 0x00, 0x00, 0x00, 0x00, 0x00, 0x00, 
	
};

Texture squishy_wing_ia8[] = {
	0x00, 0x00, 0x00, 0x00, 0x00, 0x00, 0x00, 0x00, 
	0x00, 0x00, 0x00, 0x00, 0x00, 0x00, 0x00, 0x00, 
	0x00, 0x00, 0x00, 0x00, 0x00, 0x00, 0x00, 0x00, 
	0x00, 0x00, 0x00, 0x00, 0x00, 0x00, 0x00, 0x00, 
	0x00, 0x00, 0x00, 0x00, 0x00, 0x00, 0x00, 0x00, 
	0x00, 0x00, 0x00, 0x00, 0x00, 0x00, 0x00, 0x00, 
	0x00, 0x00, 0x00, 0x00, 0x00, 0x00, 0x00, 0x00, 
	0x00, 0x00, 0x00, 0x00, 0x00, 0x00, 0x00, 0x00, 
	0x00, 0x00, 0x00, 0x00, 0x00, 0x00, 0x00, 0x00, 
	0x00, 0x00, 0x00, 0x00, 0x00, 0x00, 0x00, 0x00, 
	0x00, 0x00, 0x00, 0x00, 0x00, 0x00, 0x00, 0x00, 
	0x00, 0x00, 0x00, 0x00, 0x00, 0x00, 0x00, 0x00, 
	0x00, 0x00, 0x00, 0x00, 0x00, 0x00, 0x00, 0x00, 
	0x00, 0x00, 0x00, 0x00, 0x00, 0x00, 0x00, 0x00, 
	0x00, 0x00, 0x00, 0x00, 0x00, 0x00, 0x00, 0x00, 
	0x00, 0x00, 0x00, 0x00, 0x00, 0x00, 0x00, 0x00, 
	0x00, 0x00, 0x00, 0x00, 0x00, 0x00, 0x00, 0x00, 
	0x00, 0x00, 0x00, 0x00, 0x00, 0x00, 0x00, 0x00, 
	0x00, 0x00, 0x00, 0x00, 0x00, 0x00, 0x00, 0x00, 
	0x00, 0x00, 0x00, 0x00, 0x00, 0x00, 0x00, 0x00, 
	0x00, 0x00, 0x00, 0x00, 0x00, 0x00, 0x00, 0x00, 
	0x00, 0x00, 0x00, 0x00, 0x00, 0x00, 0x00, 0x00, 
	0x00, 0x00, 0x00, 0x00, 0x00, 0x00, 0x00, 0x00, 
	0x00, 0x00, 0x00, 0x00, 0x00, 0x00, 0x00, 0x00, 
	0x00, 0x00, 0x00, 0x00, 0x00, 0x00, 0x00, 0x00, 
	0x00, 0x00, 0x00, 0x00, 0x00, 0x00, 0x00, 0x00, 
	0x00, 0x00, 0x00, 0x00, 0x00, 0x00, 0x00, 0x00, 
	0x00, 0x00, 0x00, 0x00, 0x00, 0x00, 0x00, 0x00, 
	0x00, 0x00, 0x00, 0x00, 0x00, 0x00, 0x00, 0x00, 
	0x00, 0x00, 0x00, 0x00, 0x00, 0x00, 0x00, 0x00, 
	0x00, 0x00, 0x9f, 0x00, 0x00, 0x00, 0x00, 0x00, 
	0x00, 0x00, 0x00, 0x00, 0x00, 0x00, 0x00, 0x00, 
	0x00, 0x00, 0x00, 0x00, 0x00, 0x00, 0x00, 0x00, 
	0x00, 0x00, 0x00, 0x00, 0x00, 0x00, 0x00, 0x00, 
	0x00, 0x00, 0x00, 0x00, 0x00, 0x00, 0x00, 0x00, 
	0x00, 0x00, 0x00, 0x00, 0x00, 0x00, 0x00, 0x00, 
	0x00, 0x00, 0x00, 0x00, 0x00, 0x00, 0x00, 0x00, 
	0x00, 0x00, 0x00, 0x00, 0x00, 0x00, 0x00, 0x00, 
	0x00, 0x8f, 0xcf, 0x00, 0x00, 0x00, 0x00, 0x00, 
	0x00, 0x00, 0x00, 0x00, 0x00, 0x00, 0x00, 0x00, 
	0x00, 0x00, 0x00, 0x00, 0x00, 0x00, 0x00, 0x00, 
	0x00, 0x00, 0x00, 0x00, 0x00, 0x00, 0x00, 0x00, 
	0x00, 0x00, 0x00, 0x00, 0x00, 0x00, 0x00, 0x00, 
	0x00, 0x00, 0x00, 0x00, 0x00, 0x00, 0x00, 0x00, 
	0x00, 0x00, 0x00, 0x00, 0x00, 0x00, 0x00, 0x00, 
	0x00, 0x00, 0x00, 0x00, 0x00, 0x00, 0x00, 0xbf, 
	0xaf, 0xbf, 0xef, 0x00, 0x00, 0x00, 0x00, 0x00, 
	0x00, 0x00, 0x00, 0x00, 0x00, 0x00, 0x00, 0x00, 
	0x00, 0x00, 0x00, 0x00, 0x00, 0x00, 0x00, 0x00, 
	0x00, 0x00, 0x00, 0x00, 0x00, 0x00, 0x00, 0x00, 
	0x00, 0x00, 0x00, 0x00, 0x00, 0x00, 0x00, 0x00, 
	0x00, 0x00, 0x00, 0xaf, 0xaf, 0xaf, 0xbf, 0xbf, 
	0xbf, 0xcf, 0xcf, 0xcf, 0xcf, 0xcf, 0xcf, 0xcf, 
	0xcf, 0xcf, 0xcf, 0xcf, 0xcf, 0xcf, 0xcf, 0xcf, 
	0xdf, 0xef, 0xdf, 0x00, 0x00, 0x00, 0x00, 0x00, 
	0x00, 0x00, 0x00, 0x00, 0x00, 0x00, 0x00, 0x00, 
	0x00, 0x00, 0x00, 0x00, 0x00, 0x00, 0x00, 0x00, 
	0x00, 0x00, 0x00, 0x00, 0x00, 0x00, 0x00, 0x00, 
	0x00, 0x00, 0x00, 0x00, 0x00, 0x00, 0x00, 0x8f, 
	0x9f, 0x9f, 0xaf, 0xbf, 0xbf, 0xcf, 0xcf, 0xcf, 
	0xdf, 0xdf, 0xdf, 0xdf, 0xef, 0xef, 0xef, 0xef, 
	0xef, 0xef, 0xef, 0xef, 0xef, 0xef, 0xef, 0xef, 
	0xff, 0xef, 0xcf, 0x00, 0x00, 0x00, 0x00, 0x00, 
	0x00, 0x00, 0x00, 0x00, 0x00, 0x00, 0x00, 0x00, 
	0x00, 0x00, 0x00, 0x00, 0x00, 0x00, 0x00, 0x00, 
	0x00, 0x00, 0x00, 0x00, 0x00, 0x00, 0x00, 0x00, 
	0x00, 0x00, 0x00, 0x00, 0x00, 0x8f, 0x8f, 0x9f, 
	0xaf, 0xaf, 0xbf, 0xbf, 0xcf, 0xcf, 0xdf, 0xdf, 
	0xdf, 0xef, 0xef, 0xef, 0xef, 0xef, 0xef, 0xef, 
	0xef, 0xef, 0xef, 0xef, 0xef, 0xff, 0xff, 0xff, 
	0xff, 0xdf, 0xbf, 0x00, 0x00, 0x00, 0x00, 0x00, 
	0x00, 0x00, 0x00, 0x00, 0x00, 0x00, 0x00, 0x00, 
	0x00, 0x00, 0x00, 0x00, 0x00, 0x00, 0x00, 0x00, 
	0x00, 0x00, 0x00, 0x00, 0x00, 0x00, 0x00, 0x00, 
	0x00, 0x00, 0x00, 0x7f, 0x8f, 0x8f, 0x9f, 0x9f, 
	0xaf, 0xbf, 0xbf, 0xcf, 0xcf, 0xdf, 0xdf, 0xef, 
	0xef, 0xef, 0xef, 0xff, 0xff, 0xff, 0xff, 0xff, 
	0xff, 0xff, 0xff, 0xff, 0xff, 0xff, 0xff, 0xff, 
	0xef, 0xcf, 0xaf, 0x00, 0x00, 0x00, 0x00, 0x00, 
	0x00, 0x00, 0x00, 0x00, 0x00, 0x00, 0x00, 0x00, 
	0x00, 0x00, 0x00, 0x00, 0x00, 0x00, 0x00, 0x00, 
	0x00, 0x00, 0x00, 0x00, 0x00, 0x00, 0x00, 0x00, 
	0x00, 0x00, 0x7f, 0x7f, 0x8f, 0x8f, 0x9f, 0xaf, 
	0xaf, 0xbf, 0xcf, 0xcf, 0xdf, 0xdf, 0xef, 0xef, 
	0xef, 0xff, 0xff, 0xff, 0xff, 0xff, 0xff, 0xff, 
	0xff, 0xff, 0xff, 0xff, 0xff, 0xff, 0xff, 0xef, 
	0xdf, 0xbf, 0x00, 0x00, 0x00, 0x00, 0x00, 0x00, 
	0x00, 0x00, 0x00, 0x00, 0x00, 0x00, 0x00, 0x00, 
	0x00, 0x00, 0x00, 0x00, 0x00, 0x00, 0x00, 0x00, 
	0x00, 0x00, 0x00, 0x00, 0x00, 0x00, 0x00, 0x00, 
	0x7f, 0x7f, 0x7f, 0x8f, 0x8f, 0x9f, 0xaf, 0xaf, 
	0xbf, 0xcf, 0xcf, 0xdf, 0xdf, 0xef, 0xef, 0xef, 
	0xff, 0xff, 0xff, 0xff, 0xff, 0xff, 0xff, 0xff, 
	0xff, 0xff, 0xff, 0xff, 0xff, 0xff, 0xef, 0xdf, 
	0xcf, 0xaf, 0x00, 0x00, 0x00, 0x00, 0x00, 0x00, 
	0x00, 0x00, 0x00, 0x00, 0x00, 0x00, 0x00, 0x00, 
	0x00, 0x00, 0x00, 0x00, 0x00, 0x00, 0x00, 0x00, 
	0x00, 0x00, 0x00, 0x00, 0x00, 0x00, 0x00, 0x6f, 
	0x6f, 0x7f, 0x7f, 0x8f, 0x8f, 0x9f, 0xaf, 0xbf, 
	0xbf, 0xcf, 0xdf, 0xdf, 0xef, 0xef, 0xef, 0xef, 
	0xef, 0xff, 0xff, 0xff, 0xff, 0xff, 0xff, 0xff, 
	0xff, 0xff, 0xff, 0xff, 0xef, 0xef, 0xdf, 0xcf, 
	0xcf, 0x9f, 0x00, 0x00, 0x00, 0x00, 0x00, 0x00, 
	0x00, 0x00, 0x00, 0x00, 0x00, 0x00, 0x00, 0x00, 
	0x00, 0x00, 0x00, 0x00, 0x00, 0x00, 0x00, 0x00, 
	0x00, 0x00, 0x00, 0x00, 0x00, 0x00, 0x6f, 0x6f, 
	0x6f, 0x7f, 0x7f, 0x8f, 0x9f, 0xaf, 0xbf, 0xbf, 
	0xcf, 0xcf, 0xdf, 0xdf, 0xdf, 0xdf, 0xef, 0xef, 
	0xef, 0xef, 0xef, 0xef, 0xef, 0xef, 0xef, 0xef, 
	0xef, 0xef, 0xef, 0xdf, 0xdf, 0xcf, 0xbf, 0xbf, 
	0xcf, 0x00, 0x00, 0x00, 0x00, 0x00, 0x00, 0x00, 
	0x00, 0x00, 0x00, 0x00, 0x00, 0x00, 0x00, 0x00, 
	0x00, 0x00, 0x00, 0x00, 0x00, 0x00, 0x00, 0x00, 
	0x00, 0x00, 0x00, 0x00, 0x00, 0x00, 0x5f, 0x6f, 
	0x6f, 0x7f, 0x8f, 0x9f, 0xaf, 0xaf, 0xbf, 0xcf, 
	0xcf, 0xcf, 0xdf, 0xdf, 0xdf, 0xdf, 0xdf, 0xcf, 
	0xcf, 0xcf, 0xcf, 0xcf, 0xcf, 0xcf, 0xcf, 0xcf, 
	0xcf, 0xcf, 0xcf, 0xcf, 0xbf, 0xcf, 0xdf, 0xef, 
	0xef, 0xdf, 0xdf, 0x00, 0x00, 0x00, 0x00, 0x00, 
	0x00, 0x00, 0x00, 0xcf, 0x00, 0x00, 0x00, 0x00, 
	0x00, 0x00, 0x00, 0x00, 0x00, 0x00, 0x00, 0x00, 
	0x00, 0x00, 0x00, 0x00, 0x00, 0x5f, 0x5f, 0x6f, 
	0x7f, 0x8f, 0x8f, 0x9f, 0xaf, 0xbf, 0xbf, 0xcf, 
	0xcf, 0xcf, 0xcf, 0xcf, 0xcf, 0xcf, 0xcf, 0xbf, 
	0xbf, 0xbf, 0xbf, 0xbf, 0xbf, 0xbf, 0xcf, 0xcf, 
	0xef, 0xef, 0xef, 0xef, 0xef, 0xff, 0xff, 0xff, 
	0xef, 0xef, 0xef, 0xef, 0xef, 0xef, 0xef, 0xef, 
	0xef, 0xdf, 0xef, 0xdf, 0x00, 0x00, 0x00, 0x00, 
	0x00, 0x00, 0x00, 0x00, 0x00, 0x00, 0x00, 0x00, 
	0x00, 0x00, 0x00, 0x00, 0x4f, 0x5f, 0x6f, 0x6f, 
	0x7f, 0x8f, 0x9f, 0xaf, 0xbf, 0xbf, 0xcf, 0xcf, 
	0xcf, 0xcf, 0xcf, 0xbf, 0xbf, 0xbf, 0xbf, 0xaf, 
	0xaf, 0xaf, 0xcf, 0xcf, 0xef, 0xef, 0xff, 0xff, 
	0xff, 0xff, 0xff, 0xff, 0xff, 0xff, 0xff, 0xff, 
	0xff, 0xff, 0xff, 0xff, 0xff, 0xff, 0xff, 0xff, 
	0xff, 0xff, 0xef, 0xbf, 0x00, 0x00, 0x00, 0x00, 
	0x00, 0x00, 0x00, 0x00, 0x00, 0x00, 0x00, 0x00, 
	0x00, 0x00, 0x00, 0x00, 0x4f, 0x5f, 0x6f, 0x7f, 
	0x8f, 0x9f, 0xaf, 0xaf, 0xbf, 0xbf, 0xcf, 0xcf, 
	0xbf, 0xbf, 0xbf, 0xbf, 0xaf, 0xaf, 0xaf, 0xbf, 
	0xcf, 0xef, 0xef, 0xef, 0xef, 0xff, 0xff, 0xff, 
	0xff, 0xff, 0xff, 0xff, 0xff, 0xff, 0xff, 0xff, 
	0xff, 0xff, 0xff, 0xff, 0xff, 0xff, 0xff, 0xff, 
	0xff, 0xef, 0xcf, 0x00, 0x00, 0x00, 0x00, 0x00, 
	0x00, 0x00, 0x00, 0x00, 0x00, 0x00, 0x00, 0x00, 
	0x00, 0x00, 0x00, 0x3f, 0x4f, 0x5f, 0x6f, 0x7f, 
	0x8f, 0x9f, 0xaf, 0xbf, 0xbf, 0xbf, 0xbf, 0xbf, 
	0xbf, 0xbf, 0xaf, 0xaf, 0xaf, 0xbf, 0xcf, 0xdf, 
	0xdf, 0xef, 0xef, 0xef, 0xef, 0xef, 0xef, 0xff, 
	0xff, 0xff, 0xff, 0xff, 0xff, 0xff, 0xff, 0xff, 
	0xff, 0xff, 0xff, 0xff, 0xff, 0xff, 0xff, 0xff, 
	0xef, 0xdf, 0xaf, 0x00, 0x00, 0x00, 0x00, 0x00, 
	0x00, 0x00, 0x00, 0x00, 0x00, 0x00, 0x00, 0x00, 
	0x00, 0x00, 0x2f, 0x4f, 0x5f, 0x6f, 0x7f, 0x8f, 
	0x9f, 0xaf, 0xbf, 0xbf, 0xbf, 0xbf, 0xbf, 0xbf, 
	0xaf, 0xaf, 0xaf, 0xbf, 0xcf, 0xcf, 0xdf, 0xdf, 
	0xdf, 0xdf, 0xdf, 0xdf, 0xdf, 0xdf, 0xdf, 0xdf, 
	0xef, 0xef, 0xef, 0xef, 0xef, 0xff, 0xff, 0xff, 
	0xff, 0xff, 0xff, 0xff, 0xff, 0xff, 0xff, 0xef, 
	0xcf, 0xbf, 0x8f, 0x00, 0x00, 0x00, 0x00, 0x00, 
	0x00, 0x00, 0x00, 0x00, 0x00, 0x00, 0x00, 0x00, 
	0x00, 0x00, 0x3f, 0x4f, 0x5f, 0x6f, 0x7f, 0x8f, 
	0x9f, 0xaf, 0xbf, 0xbf, 0xbf, 0xbf, 0xbf, 0xaf, 
	0xaf, 0xbf, 0xbf, 0xcf, 0xcf, 0xcf, 0xcf, 0xcf, 
	0xcf, 0xcf, 0xcf, 0xcf, 0xcf, 0xcf, 0xcf, 0xcf, 
	0xcf, 0xcf, 0xcf, 0xdf, 0xdf, 0xdf, 0xdf, 0xef, 
	0xef, 0xef, 0xef, 0xef, 0xef, 0xef, 0xdf, 0xcf, 
	0xbf, 0x9f, 0x00, 0x00, 0x00, 0x00, 0x00, 0x00, 
	0x00, 0x00, 0x00, 0x00, 0x00, 0x00, 0x00, 0x00, 
	0x00, 0x2f, 0x3f, 0x5f, 0x6f, 0x7f, 0x8f, 0x9f, 
	0xaf, 0xbf, 0xbf, 0xbf, 0xbf, 0xbf, 0xaf, 0xaf, 
	0xaf, 0xbf, 0xcf, 0xcf, 0xcf, 0xcf, 0xcf, 0xcf, 
	0xbf, 0xbf, 0xbf, 0xbf, 0xbf, 0xbf, 0xbf, 0xbf, 
	0xbf, 0xbf, 0xbf, 0xbf, 0xbf, 0xbf, 0xcf, 0xcf, 
	0xcf, 0xcf, 0xcf, 0xcf, 0xcf, 0xbf, 0xbf, 0xaf, 
	0x9f, 0x7f, 0x00, 0x00, 0x00, 0x00, 0x00, 0x00, 
	0x00, 0x00, 0x00, 0x00, 0x00, 0x00, 0x00, 0x00, 
	0x00, 0x2f, 0x4f, 0x5f, 0x6f, 0x8f, 0x9f, 0xaf, 
	0xaf, 0xbf, 0xbf, 0xbf, 0xbf, 0xaf, 0xaf, 0xaf, 
	0xbf, 0xcf, 0xcf, 0xcf, 0xcf, 0xbf, 0xbf, 0xbf, 
	0xbf, 0xaf, 0xaf, 0xaf, 0xaf, 0xaf, 0x9f, 0x9f, 
	0x9f, 0x9f, 0x9f, 0x9f, 0x9f, 0xaf, 0xaf, 0xaf, 
	0xaf, 0xaf, 0xaf, 0xaf, 0xaf, 0xaf, 0x9f, 0x9f, 
	0x7f, 0x00, 0x00, 0x00, 0x00, 0x00, 0x00, 0x00, 
	0x00, 0x00, 0x00, 0x00, 0x00, 0x00, 0x00, 0x00, 
	0x1f, 0x3f, 0x5f, 0x6f, 0x7f, 0x8f, 0x9f, 0xaf, 
	0xbf, 0xbf, 0xbf, 0xbf, 0xbf, 0xaf, 0xbf, 0xbf, 
	0xbf, 0xcf, 0xcf, 0xbf, 0xbf, 0xbf, 0xaf, 0xaf, 
	0xaf, 0x9f, 0x9f, 0x9f, 0x9f, 0x8f, 0x8f, 0x8f, 
	0x8f, 0x8f, 0x8f, 0x8f, 0x8f, 0x8f, 0x8f, 0x8f, 
	0x9f, 0x9f, 0x9f, 0x9f, 0x9f, 0x8f, 0x8f, 0x7f, 
	0x5f, 0x00, 0x00, 0x00, 0x00, 0x00, 0x00, 0x00, 
	0x00, 0x00, 0x00, 0x00, 0x00, 0x00, 0x00, 0x00, 
	0x2f, 0x4f, 0x5f, 0x6f, 0x7f, 0x9f, 0xaf, 0xbf, 
	0xbf, 0xbf, 0xbf, 0xbf, 0xaf, 0xaf, 0xbf, 0xbf, 
	0xbf, 0xbf, 0xbf, 0xbf, 0xaf, 0xaf, 0xaf, 0x9f, 
	0x9f, 0x9f, 0x8f, 0x8f, 0x8f, 0x7f, 0x7f, 0x7f, 
	0x7f, 0x7f, 0x7f, 0x7f, 0x7f, 0x7f, 0x7f, 0x7f, 
	0x7f, 0x7f, 0x7f, 0x7f, 0x7f, 0x7f, 0x6f, 0x4f, 
	0x00, 0x00, 0x00, 0x00, 0x00, 0x00, 0x00, 0x00, 
	0x00, 0x00, 0x00, 0x00, 0x00, 0x00, 0x00, 0x00, 
	0x3f, 0x5f, 0x6f, 0x7f, 0x8f, 0x9f, 0xaf, 0xbf, 
	0xbf, 0xbf, 0xbf, 0xbf, 0xaf, 0xbf, 0xbf, 0xbf, 
	0xbf, 0xbf, 0xbf, 0xaf, 0xaf, 0x9f, 0x9f, 0x9f, 
	0x8f, 0x8f, 0x7f, 0x7f, 0x7f, 0x6f, 0x6f, 0x6f, 
	0x5f, 0x5f, 0x5f, 0x5f, 0x5f, 0x5f, 0x5f, 0x5f, 
	0x5f, 0x5f, 0x5f, 0x5f, 0x5f, 0x4f, 0x3f, 0x00, 
	0x00, 0x00, 0x00, 0x00, 0x00, 0x00, 0x00, 0x00, 
	0x00, 0x00, 0x00, 0x00, 0x00, 0x00, 0x00, 0x2f, 
	0x4f, 0x5f, 0x6f, 0x7f, 0x8f, 0xaf, 0xaf, 0xbf, 
	0xbf, 0xbf, 0xbf, 0xaf, 0xaf, 0xbf, 0xbf, 0xbf, 
	0xbf, 0xbf, 0xaf, 0xaf, 0x9f, 0x9f, 0x8f, 0x8f, 
	0x7f, 0x7f, 0x6f, 0x6f, 0x5f, 0x4f, 0x5f, 0x5f, 
	0x5f, 0x5f, 0x5f, 0x5f, 0x5f, 0x5f, 0x5f, 0x5f, 
	0x5f, 0x5f, 0x3f, 0x3f, 0x3f, 0x00, 0x00, 0x00, 
	0x00, 0x00, 0x00, 0x00, 0x00, 0x00, 0x00, 0x00, 
	0x00, 0x00, 0x00, 0x00, 0x00, 0x00, 0x00, 0x2f, 
	0x4f, 0x6f, 0x7f, 0x8f, 0x9f, 0xaf, 0xbf, 0xbf, 
	0xbf, 0xbf, 0xaf, 0xaf, 0xbf, 0xbf, 0xbf, 0xbf, 
	0xbf, 0xaf, 0xaf, 0x9f, 0x9f, 0x8f, 0x7f, 0x7f, 
	0x6f, 0x5f, 0x6f, 0x5f, 0x6f, 0x6f, 0x6f, 0x6f, 
	0x6f, 0x6f, 0x6f, 0x6f, 0x6f, 0x6f, 0x5f, 0x5f, 
	0x5f, 0x4f, 0x00, 0x00, 0x00, 0x00, 0x00, 0x00, 
	0x00, 0x00, 0x00, 0x00, 0x00, 0x00, 0x00, 0x00, 
	0x00, 0x00, 0x00, 0x00, 0x00, 0x00, 0x1f, 0x3f, 
	0x5f, 0x6f, 0x7f, 0x8f, 0x9f, 0xaf, 0xbf, 0xbf, 
	0xbf, 0x9f, 0xaf, 0xaf, 0xbf, 0xbf, 0xbf, 0xbf, 
	0xaf, 0xaf, 0x9f, 0x9f, 0x8f, 0x7f, 0x6f, 0x6f, 
	0x6f, 0x6f, 0x6f, 0x5f, 0x7f, 0x8f, 0x8f, 0xaf, 
	0xaf, 0xaf, 0xbf, 0xbf, 0xbf, 0xbf, 0xbf, 0xaf, 
	0xcf, 0x00, 0x00, 0x00, 0x00, 0x00, 0x00, 0x00, 
	0x00, 0x00, 0x00, 0x00, 0x00, 0x00, 0x00, 0x00, 
	0x00, 0x00, 0x00, 0x00, 0x00, 0x00, 0x2f, 0x4f, 
	0x5f, 0x7f, 0x8f, 0x9f, 0xaf, 0xbf, 0xbf, 0xbf, 
	0xbf, 0x9f, 0xaf, 0xbf, 0xbf, 0xbf, 0xbf, 0xaf, 
	0xaf, 0x9f, 0x9f, 0x8f, 0x7f, 0x6f, 0x7f, 0x6f, 
	0x8f, 0xaf, 0xcf, 0xef, 0xef, 0xef, 0xef, 0xef, 
	0xff, 0xff, 0xff, 0xff, 0xff, 0xff, 0xff, 0xff, 
	0xff, 0xff, 0x00, 0x00, 0x00, 0x00, 0x00, 0x00, 
	0x00, 0x00, 0x00, 0x00, 0x00, 0x00, 0x00, 0x00, 
	0x00, 0x00, 0x00, 0x00, 0x00, 0x00, 0x3f, 0x5f, 
	0x6f, 0x7f, 0x8f, 0x9f, 0xaf, 0xbf, 0xbf, 0xbf, 
	0xaf, 0xaf, 0xaf, 0xbf, 0xbf, 0xbf, 0xaf, 0xaf, 
	0x9f, 0x9f, 0x8f, 0x7f, 0x7f, 0x7f, 0x9f, 0xcf, 
	0xdf, 0xef, 0xef, 0xef, 0xef, 0xef, 0xef, 0xef, 
	0xef, 0xef, 0xef, 0xef, 0xff, 0xff, 0xff, 0xff, 
	0xff, 0xff, 0xff, 0x00, 0x00, 0x00, 0x00, 0x00, 
	0x00, 0x00, 0x00, 0x00, 0x00, 0x00, 0x00, 0x00, 
	0x00, 0x00, 0x00, 0x00, 0x00, 0x1f, 0x3f, 0x5f, 
	0x6f, 0x7f, 0x8f, 0xaf, 0xbf, 0xbf, 0xcf, 0xaf, 
	0x9f, 0xaf, 0xbf, 0xbf, 0xbf, 0xbf, 0xaf, 0x9f, 
	0x9f, 0x8f, 0x8f, 0x7f, 0x9f, 0xcf, 0xdf, 0xdf, 
	0xdf, 0xdf, 0xdf, 0xdf, 0xdf, 0xdf, 0xdf, 0xef, 
	0xef, 0xef, 0xef, 0xef, 0xef, 0xef, 0xef, 0xef, 
	0xff, 0xff, 0xff, 0xef, 0x00, 0x00, 0x00, 0x00, 
	0x00, 0x00, 0x00, 0x00, 0x00, 0x00, 0x00, 0x00, 
	0x00, 0x00, 0x00, 0x00, 0x00, 0x2f, 0x4f, 0x6f, 
	0x7f, 0x8f, 0x9f, 0xaf, 0xbf, 0xbf, 0xbf, 0x9f, 
	0xaf, 0xaf, 0xbf, 0xbf, 0xbf, 0xaf, 0xaf, 0x9f, 
	0x8f, 0x8f, 0x7f, 0xbf, 0xcf, 0xcf, 0xcf, 0xcf, 
	0xcf, 0xcf, 0xdf, 0xdf, 0xdf, 0xdf, 0xdf, 0xdf, 
	0xdf, 0xdf, 0xdf, 0xdf, 0xdf, 0xdf, 0xef, 0xef, 
	0xef, 0xef, 0xef, 0xdf, 0x00, 0x00, 0x00, 0x00, 
	0x00, 0x00, 0x00, 0x00, 0x00, 0x00, 0x00, 0x00, 
	0x00, 0x00, 0x00, 0x00, 0x00, 0x2f, 0x5f, 0x6f, 
	0x7f, 0x8f, 0x9f, 0xaf, 0xbf, 0xcf, 0x9f, 0xaf, 
	0xaf, 0xbf, 0xbf, 0xbf, 0xaf, 0xaf, 0x9f, 0x9f, 
	0x8f, 0x9f, 0xbf, 0xbf, 0xbf, 0xbf, 0xbf, 0xcf, 
	0xcf, 0xcf, 0xcf, 0xcf, 0xcf, 0xcf, 0xcf, 0xcf, 
	0xcf, 0xcf, 0xcf, 0xcf, 0xcf, 0xdf, 0xdf, 0xdf, 
	0xdf, 0xdf, 0xcf, 0xaf, 0x00, 0x00, 0x00, 0x00, 
	0x00, 0x00, 0x00, 0x00, 0x00, 0x00, 0x00, 0x00, 
	0x00, 0x00, 0x00, 0x00, 0x1f, 0x3f, 0x5f, 0x6f, 
	0x7f, 0x9f, 0xaf, 0xbf, 0xbf, 0xaf, 0x9f, 0xaf, 
	0xaf, 0xbf, 0xbf, 0xaf, 0xaf, 0x9f, 0xaf, 0x9f, 
	0x8f, 0x9f, 0xaf, 0xaf, 0xaf, 0xbf, 0xbf, 0xbf, 
	0xbf, 0xbf, 0xbf, 0xbf, 0xbf, 0xbf, 0xcf, 0xcf, 
	0xcf, 0xcf, 0xcf, 0xcf, 0xcf, 0xcf, 0xcf, 0xbf, 
	0xbf, 0xbf, 0x9f, 0x00, 0x00, 0x00, 0x00, 0x00, 
	0x00, 0x00, 0x00, 0x00, 0x00, 0x00, 0x00, 0x00, 
	0x00, 0x00, 0x00, 0x00, 0x2f, 0x4f, 0x5f, 0x7f, 
	0x8f, 0x9f, 0xaf, 0xbf, 0xbf, 0x9f, 0x9f, 0xaf, 
	0xbf, 0xbf, 0xbf, 0xaf, 0xaf, 0xbf, 0xdf, 0xef, 
	0xef, 0xdf, 0xcf, 0xaf, 0xaf, 0xaf, 0xaf, 0xaf, 
	0xaf, 0xaf, 0xaf, 0xbf, 0xbf, 0xbf, 0xbf, 0xbf, 
	0xbf, 0xbf, 0xbf, 0xbf, 0xbf, 0xaf, 0xaf, 0xaf, 
	0x9f, 0x8f, 0x00, 0x00, 0x00, 0x00, 0x00, 0x00, 
	0x00, 0x00, 0x00, 0x00, 0x00, 0x00, 0x00, 0x00, 
	0x00, 0x00, 0x00, 0x00, 0x2f, 0x4f, 0x6f, 0x7f, 
	0x8f, 0x9f, 0xaf, 0xbf, 0xbf, 0x9f, 0xaf, 0xaf, 
	0xbf, 0xbf, 0xaf, 0xaf, 0xbf, 0xef, 0xff, 0xff, 
	0xff, 0xff, 0xff, 0xef, 0xcf, 0x9f, 0x8f, 0x9f, 
	0x9f, 0x9f, 0x9f, 0xaf, 0xaf, 0xaf, 0xaf, 0xaf, 
	0xaf, 0xaf, 0xaf, 0x9f, 0x9f, 0x9f, 0x8f, 0x7f, 
	0x5f, 0x00, 0x00, 0x00, 0x00, 0x00, 0x00, 0x00, 
	0x00, 0x00, 0x00, 0x00, 0x00, 0x00, 0x00, 0x00, 
	0x00, 0x00, 0x00, 0x00, 0x2f, 0x5f, 0x6f, 0x7f, 
	0x8f, 0x9f, 0xaf, 0xbf, 0x9f, 0x9f, 0xaf, 0xaf, 
	0xbf, 0xbf, 0xaf, 0xaf, 0xdf, 0xef, 0xef, 0xef, 
	0xef, 0xff, 0xff, 0xff, 0xff, 0xbf, 0x7f, 0x7f, 
	0x7f, 0x8f, 0x8f, 0x8f, 0x8f, 0x8f, 0x8f, 0x8f, 
	0x8f, 0x8f, 0x8f, 0x7f, 0x6f, 0x5f, 0x5f, 0x00, 
	0x00, 0x00, 0x00, 0x00, 0x00, 0x00, 0x00, 0x00, 
	0x00, 0x00, 0x00, 0x00, 0x00, 0x00, 0x00, 0x00, 
	0x00, 0x00, 0x00, 0x00, 0x3f, 0x5f, 0x7f, 0x8f, 
	0x9f, 0xaf, 0xbf, 0xbf, 0x9f, 0xaf, 0xaf, 0xbf, 
	0xbf, 0xaf, 0xaf, 0xcf, 0xdf, 0xdf, 0xdf, 0xdf, 
	0xef, 0xef, 0xef, 0xef, 0xff, 0xff, 0xaf, 0x8f, 
	0x7f, 0x6f, 0x5f, 0x5f, 0x5f, 0x5f, 0x5f, 0x5f, 
	0x5f, 0x5f, 0x4f, 0x3f, 0x00, 0x00, 0x00, 0x00, 
	0x00, 0x00, 0x00, 0x00, 0x00, 0x00, 0x00, 0x00, 
	0x00, 0x00, 0x00, 0x00, 0x00, 0x00, 0x00, 0x00, 
	0x00, 0x00, 0x00, 0x2f, 0x4f, 0x6f, 0x7f, 0x8f, 
	0x9f, 0xaf, 0xbf, 0xaf, 0x9f, 0xaf, 0xaf, 0xbf, 
	0xaf, 0xaf, 0xbf, 0xbf, 0xcf, 0xcf, 0xcf, 0xcf, 
	0xdf, 0xdf, 0xdf, 0xdf, 0xef, 0xef, 0xef, 0xef, 
	0xef, 0xef, 0xef, 0xdf, 0xcf, 0xbf, 0xaf, 0xaf, 
	0x8f, 0x7f, 0x6f, 0x00, 0x00, 0x00, 0x00, 0x00, 
	0x00, 0x00, 0x00, 0x00, 0x00, 0x00, 0x00, 0x00, 
	0x00, 0x00, 0x00, 0x00, 0x00, 0x00, 0x00, 0x00, 
	0x00, 0x00, 0x00, 0x2f, 0x4f, 0x6f, 0x7f, 0x8f, 
	0x9f, 0xaf, 0xaf, 0x9f, 0xaf, 0xaf, 0xaf, 0xbf, 
	0xaf, 0xaf, 0xaf, 0xaf, 0xbf, 0xbf, 0xbf, 0xbf, 
	0xcf, 0xcf, 0xcf, 0xcf, 0xcf, 0xaf, 0xdf, 0xdf, 
	0xdf, 0xef, 0xef, 0xef, 0xef, 0xef, 0xef, 0xef, 
	0xff, 0xff, 0xff, 0xcf, 0x00, 0x00, 0x00, 0x00, 
	0x00, 0x00, 0x00, 0x00, 0x00, 0x00, 0x00, 0x00, 
	0x00, 0x00, 0x00, 0x00, 0x00, 0x00, 0x00, 0x00, 
	0x00, 0x00, 0x00, 0x2f, 0x5f, 0x6f, 0x7f, 0x9f, 
	0x9f, 0xaf, 0xaf, 0x9f, 0xaf, 0xaf, 0xbf, 0xaf, 
	0xaf, 0x7f, 0x8f, 0x9f, 0x9f, 0xaf, 0xaf, 0xaf, 
	0xaf, 0xaf, 0xaf, 0x9f, 0x7f, 0xbf, 0xcf, 0xcf, 
	0xcf, 0xdf, 0xdf, 0xdf, 0xdf, 0xdf, 0xdf, 0xdf, 
	0xdf, 0xdf, 0xdf, 0xbf, 0x00, 0x00, 0x00, 0x00, 
	0x00, 0x00, 0x00, 0x00, 0x00, 0x00, 0x00, 0x00, 
	0x00, 0x00, 0x00, 0x00, 0x00, 0x00, 0x00, 0x00, 
	0x00, 0x00, 0x00, 0x3f, 0x5f, 0x7f, 0x8f, 0x9f, 
	0xaf, 0xbf, 0x9f, 0x9f, 0xaf, 0xaf, 0xbf, 0xaf, 
	0x8f, 0x4f, 0x5f, 0x6f, 0x6f, 0x7f, 0x7f, 0x7f, 
	0x6f, 0x6f, 0x5f, 0x5f, 0xbf, 0xbf, 0xbf, 0xbf, 
	0xbf, 0xcf, 0xcf, 0xcf, 0xcf, 0xcf, 0xcf, 0xcf, 
	0xcf, 0xbf, 0xaf, 0x00, 0x00, 0x00, 0x00, 0x00, 
	0x00, 0x00, 0x00, 0x00, 0x00, 0x00, 0x00, 0x00, 
	0x00, 0x00, 0x00, 0x00, 0x00, 0x00, 0x00, 0x00, 
	0x00, 0x00, 0x00, 0x3f, 0x5f, 0x7f, 0x8f, 0x9f, 
	0xaf, 0xaf, 0x9f, 0xaf, 0xaf, 0xaf, 0xaf, 0xaf, 
	0x7f, 0x5f, 0x4f, 0x4f, 0x4f, 0x4f, 0x4f, 0x4f, 
	0x4f, 0x4f, 0x6f, 0x9f, 0xaf, 0xaf, 0xaf, 0xaf, 
	0xaf, 0xaf, 0xaf, 0xaf, 0xaf, 0xaf, 0xaf, 0xaf, 
	0x9f, 0x8f, 0x00, 0x00, 0x00, 0x00, 0x00, 0x00, 
	0x00, 0x00, 0x00, 0x00, 0x00, 0x00, 0x00, 0x00, 
	0x00, 0x00, 0x00, 0x00, 0x00, 0x00, 0x00, 0x00, 
	0x00, 0x00, 0x1f, 0x3f, 0x6f, 0x7f, 0x8f, 0x9f, 
	0xaf, 0x9f, 0x9f, 0xaf, 0xaf, 0xaf, 0xaf, 0xbf, 
	0x9f, 0x8f, 0x7f, 0x6f, 0x5f, 0x4f, 0x4f, 0x4f, 
	0x4f, 0x7f, 0x8f, 0x8f, 0x8f, 0x8f, 0x9f, 0x9f, 
	0x9f, 0x9f, 0x9f, 0x9f, 0x8f, 0x8f, 0x8f, 0x7f, 
	0x5f, 0x00, 0x00, 0x00, 0x00, 0x00, 0x00, 0x00, 
	0x00, 0x00, 0x00, 0x00, 0x00, 0x00, 0x00, 0x00, 
	0x00, 0x00, 0x00, 0x00, 0x00, 0x00, 0x00, 0x00, 
	0x00, 0x00, 0x2f, 0x4f, 0x6f, 0x7f, 0x8f, 0x9f, 
	0xaf, 0x9f, 0x9f, 0xaf, 0xaf, 0xaf, 0xbf, 0xdf, 
	0xdf, 0xef, 0xef, 0xef, 0xff, 0xef, 0xdf, 0x8f, 
	0x4f, 0x5f, 0x6f, 0x6f, 0x6f, 0x6f, 0x7f, 0x7f, 
	0x7f, 0x6f, 0x6f, 0x6f, 0x5f, 0x4f, 0x4f, 0x00, 
	0x00, 0x00, 0x00, 0x00, 0x00, 0x00, 0x00, 0x00, 
	0x00, 0x00, 0x00, 0x00, 0x00, 0x00, 0x00, 0x00, 
	0x00, 0x00, 0x00, 0x00, 0x00, 0x00, 0x00, 0x00, 
	0x00, 0x00, 0x2f, 0x4f, 0x6f, 0x7f, 0x9f, 0x9f, 
	0x9f, 0x9f, 0xaf, 0xaf, 0xaf, 0xaf, 0xaf, 0xcf, 
	0xcf, 0xdf, 0xdf, 0xdf, 0xef, 0xef, 0xff, 0xdf, 
	0x4f, 0x4f, 0x3f, 0x4f, 0x4f, 0x4f, 0x4f, 0x4f, 
	0x4f, 0x4f, 0x4f, 0x4f, 0x4f, 0x00, 0x00, 0x00, 
	0x00, 0x00, 0x00, 0x00, 0x00, 0x00, 0x00, 0x00, 
	0x00, 0x00, 0x00, 0x00, 0x00, 0x00, 0x00, 0x00, 
	0x00, 0x00, 0x00, 0x00, 0x00, 0x00, 0x00, 0x00, 
	0x00, 0x00, 0x2f, 0x5f, 0x6f, 0x8f, 0x9f, 0xaf, 
	0x9f, 0x9f, 0xaf, 0xaf, 0xaf, 0xaf, 0xaf, 0xbf, 
	0xbf, 0xbf, 0xcf, 0xcf, 0xdf, 0xdf, 0xdf, 0xdf, 
	0xcf, 0xbf, 0xaf, 0x8f, 0x8f, 0x7f, 0x7f, 0x6f, 
	0x6f, 0x6f, 0x7f, 0x7f, 0x7f, 0x00, 0x00, 0x00, 
	0x00, 0x00, 0x00, 0x00, 0x00, 0x00, 0x00, 0x00, 
	0x00, 0x00, 0x00, 0x00, 0x00, 0x00, 0x00, 0x00, 
	0x00, 0x00, 0x00, 0x00, 0x00, 0x00, 0x00, 0x00, 
	0x00, 0x00, 0x2f, 0x5f, 0x7f, 0x8f, 0x9f, 0x9f, 
	0x9f, 0x9f, 0xaf, 0xaf, 0xaf, 0x9f, 0x8f, 0x9f, 
	0xaf, 0xaf, 0xbf, 0xbf, 0xbf, 0xbf, 0xbf, 0xbf, 
	0xbf, 0xcf, 0xcf, 0xcf, 0xcf, 0xcf, 0xcf, 0xcf, 
	0xcf, 0xcf, 0xcf, 0xcf, 0xbf, 0x00, 0x00, 0x00, 
	0x00, 0x00, 0x00, 0x00, 0x00, 0x00, 0x00, 0x00, 
	0x00, 0x00, 0x00, 0x00, 0x00, 0x00, 0x00, 0x00, 
	0x00, 0x00, 0x00, 0x00, 0x00, 0x00, 0x00, 0x00, 
	0x00, 0x00, 0x2f, 0x5f, 0x7f, 0x8f, 0x9f, 0x9f, 
	0x9f, 0x9f, 0xaf, 0xaf, 0xaf, 0x5f, 0x5f, 0x7f, 
	0x8f, 0x8f, 0x9f, 0x9f, 0x9f, 0x7f, 0xaf, 0xaf, 
	0xaf, 0xaf, 0xbf, 0xbf, 0xbf, 0xbf, 0xbf, 0xbf, 
	0xbf, 0xbf, 0xaf, 0x9f, 0x7f, 0x00, 0x00, 0x00, 
	0x00, 0x00, 0x00, 0x00, 0x00, 0x00, 0x00, 0x00, 
	0x00, 0x00, 0x00, 0x00, 0x00, 0x00, 0x00, 0x00, 
	0x00, 0x00, 0x00, 0x00, 0x00, 0x00, 0x00, 0x00, 
	0x00, 0x00, 0x2f, 0x5f, 0x7f, 0x8f, 0x9f, 0x9f, 
	0x9f, 0xaf, 0xaf, 0xaf, 0x8f, 0x4f, 0x4f, 0x4f, 
	0x4f, 0x4f, 0x4f, 0x5f, 0x4f, 0x5f, 0x9f, 0x9f, 
	0x9f, 0x9f, 0x9f, 0x9f, 0x9f, 0x9f, 0x9f, 0x9f, 
	0x9f, 0x8f, 0x7f, 0x00, 0x00, 0x00, 0x00, 0x00, 
	0x00, 0x00, 0x00, 0x00, 0x00, 0x00, 0x00, 0x00, 
	0x00, 0x00, 0x00, 0x00, 0x00, 0x00, 0x00, 0x00, 
	0x00, 0x00, 0x00, 0x00, 0x00, 0x00, 0x00, 0x00, 
	0x00, 0x00, 0x3f, 0x5f, 0x7f, 0x8f, 0x9f, 0x9f, 
	0x9f, 0xaf, 0xaf, 0xaf, 0x5f, 0x4f, 0x4f, 0x4f, 
	0x4f, 0x3f, 0x3f, 0x3f, 0x4f, 0x7f, 0x7f, 0x7f, 
	0x7f, 0x7f, 0x7f, 0x7f, 0x7f, 0x7f, 0x7f, 0x6f, 
	0x5f, 0x4f, 0x00, 0x00, 0x00, 0x00, 0x00, 0x00, 
	0x00, 0x00, 0x00, 0x00, 0x00, 0x00, 0x00, 0x00, 
	0x00, 0x00, 0x00, 0x00, 0x00, 0x00, 0x00, 0x00, 
	0x00, 0x00, 0x00, 0x00, 0x00, 0x00, 0x00, 0x00, 
	0x00, 0x00, 0x3f, 0x5f, 0x7f, 0x8f, 0x9f, 0x9f, 
	0x9f, 0xaf, 0xaf, 0xbf, 0xaf, 0x7f, 0x6f, 0x4f, 
	0x4f, 0x4f, 0x4f, 0x3f, 0x4f, 0x4f, 0x4f, 0x4f, 
	0x4f, 0x4f, 0x4f, 0x4f, 0x3f, 0x3f, 0x3f, 0x00, 
	0x00, 0x00, 0x00, 0x00, 0x00, 0x00, 0x00, 0x00, 
	0x00, 0x00, 0x00, 0x00, 0x00, 0x00, 0x00, 0x00, 
	0x00, 0x00, 0x00, 0x00, 0x00, 0x00, 0x00, 0x00, 
	0x00, 0x00, 0x00, 0x00, 0x00, 0x00, 0x00, 0x00, 
	0x00, 0x00, 0x3f, 0x6f, 0x7f, 0x8f, 0x9f, 0x9f, 
	0x9f, 0xaf, 0xaf, 0xaf, 0xbf, 0xbf, 0xbf, 0xbf, 
	0xaf, 0x7f, 0x7f, 0x7f, 0x5f, 0x5f, 0x4f, 0x4f, 
	0x4f, 0x4f, 0x4f, 0x4f, 0x00, 0x00, 0x00, 0x00, 
	0x00, 0x00, 0x00, 0x00, 0x00, 0x00, 0x00, 0x00, 
	0x00, 0x00, 0x00, 0x00, 0x00, 0x00, 0x00, 0x00, 
	0x00, 0x00, 0x00, 0x00, 0x00, 0x00, 0x00, 0x00, 
	0x00, 0x00, 0x00, 0x00, 0x00, 0x00, 0x00, 0x00, 
	0x00, 0x00, 0x3f, 0x6f, 0x7f, 0x8f, 0x8f, 0x9f, 
	0x9f, 0xaf, 0x9f, 0x9f, 0x9f, 0xaf, 0xaf, 0xaf, 
	0x9f, 0xcf, 0xcf, 0xdf, 0xdf, 0xdf, 0xcf, 0xbf, 
	0xaf, 0x9f, 0x9f, 0x7f, 0x00, 0x00, 0x00, 0x00, 
	0x00, 0x00, 0x00, 0x00, 0x00, 0x00, 0x00, 0x00, 
	0x00, 0x00, 0x00, 0x00, 0x00, 0x00, 0x00, 0x00, 
	0x00, 0x00, 0x00, 0x00, 0x00, 0x00, 0x00, 0x00, 
	0x00, 0x00, 0x00, 0x00, 0x00, 0x00, 0x00, 0x00, 
	0x00, 0x00, 0x3f, 0x6f, 0x7f, 0x8f, 0x8f, 0x9f, 
	0xaf, 0xaf, 0x5f, 0x6f, 0x6f, 0x6f, 0x5f, 0x5f, 
	0xaf, 0xbf, 0xbf, 0xbf, 0xbf, 0xcf, 0xcf, 0xcf, 
	0xcf, 0xcf, 0xcf, 0xbf, 0x00, 0x00, 0x00, 0x00, 
	0x00, 0x00, 0x00, 0x00, 0x00, 0x00, 0x00, 0x00, 
	0x00, 0x00, 0x00, 0x00, 0x00, 0x00, 0x00, 0x00, 
	0x00, 0x00, 0x00, 0x00, 0x00, 0x00, 0x00, 0x00, 
	0x00, 0x00, 0x00, 0x00, 0x00, 0x00, 0x00, 0x00, 
	0x00, 0x00, 0x3f, 0x6f, 0x7f, 0x8f, 0x9f, 0x9f, 
	0xaf, 0x6f, 0x3f, 0x3f, 0x3f, 0x3f, 0x5f, 0x8f, 
	0x9f, 0x9f, 0x9f, 0x9f, 0xaf, 0xaf, 0xaf, 0xaf, 
	0xaf, 0x9f, 0x8f, 0x00, 0x00, 0x00, 0x00, 0x00, 
	0x00, 0x00, 0x00, 0x00, 0x00, 0x00, 0x00, 0x00, 
	0x00, 0x00, 0x00, 0x00, 0x00, 0x00, 0x00, 0x00, 
	0x00, 0x00, 0x00, 0x00, 0x00, 0x00, 0x00, 0x00, 
	0x00, 0x00, 0x00, 0x00, 0x00, 0x00, 0x00, 0x00, 
	0x00, 0x00, 0x2f, 0x5f, 0x7f, 0x8f, 0x9f, 0x9f, 
	0x9f, 0x3f, 0x2f, 0x2f, 0x3f, 0x3f, 0x6f, 0x6f, 
	0x7f, 0x7f, 0x7f, 0x7f, 0x7f, 0x7f, 0x7f, 0x7f, 
	0x6f, 0x4f, 0x00, 0x00, 0x00, 0x00, 0x00, 0x00, 
	0x00, 0x00, 0x00, 0x00, 0x00, 0x00, 0x00, 0x00, 
	0x00, 0x00, 0x00, 0x00, 0x00, 0x00, 0x00, 0x00, 
	0x00, 0x00, 0x00, 0x00, 0x00, 0x00, 0x00, 0x00, 
	0x00, 0x00, 0x00, 0x00, 0x00, 0x00, 0x00, 0x00, 
	0x00, 0x00, 0x00, 0x5f, 0x7f, 0x8f, 0x9f, 0x9f, 
	0x8f, 0x00, 0x00, 0x00, 0x2f, 0x2f, 0x3f, 0x3f, 
	0x3f, 0x3f, 0x3f, 0x4f, 0x3f, 0x3f, 0x3f, 0x2f, 
	0x00, 0x00, 0x00, 0x00, 0x00, 0x00, 0x00, 0x00, 
	0x00, 0x00, 0x00, 0x00, 0x00, 0x00, 0x00, 0x00, 
	0x00, 0x00, 0x00, 0x00, 0x00, 0x00, 0x00, 0x00, 
	0x00, 0x00, 0x00, 0x00, 0x00, 0x00, 0x00, 0x00, 
	0x00, 0x00, 0x00, 0x00, 0x00, 0x00, 0x00, 0x00, 
	0x00, 0x00, 0x00, 0x5f, 0x7f, 0x8f, 0x9f, 0x8f, 
	0x00, 0x00, 0x00, 0x00, 0x00, 0x00, 0x00, 0x00, 
	0x00, 0x00, 0x00, 0x00, 0x00, 0x00, 0x00, 0x00, 
	0x00, 0x00, 0x00, 0x00, 0x00, 0x00, 0x00, 0x00, 
	0x00, 0x00, 0x00, 0x00, 0x00, 0x00, 0x00, 0x00, 
	0x00, 0x00, 0x00, 0x00, 0x00, 0x00, 0x00, 0x00, 
	0x00, 0x00, 0x00, 0x00, 0x00, 0x00, 0x00, 0x00, 
	0x00, 0x00, 0x00, 0x00, 0x00, 0x00, 0x00, 0x00, 
	0x00, 0x00, 0x00, 0x5f, 0x8f, 0x8f, 0x8f, 0x00, 
	0x00, 0x00, 0x00, 0x00, 0x00, 0x00, 0x00, 0x00, 
	0x00, 0x00, 0x00, 0x00, 0x00, 0x00, 0x00, 0x00, 
	0x00, 0x00, 0x00, 0x00, 0x00, 0x00, 0x00, 0x00, 
	0x00, 0x00, 0x00, 0x00, 0x00, 0x00, 0x00, 0x00, 
	0x00, 0x00, 0x00, 0x00, 0x00, 0x00, 0x00, 0x00, 
	0x00, 0x00, 0x00, 0x00, 0x00, 0x00, 0x00, 0x00, 
	0x00, 0x00, 0x00, 0x00, 0x00, 0x00, 0x00, 0x00, 
	0x00, 0x00, 0x00, 0x00, 0x8f, 0x7f, 0x00, 0x00, 
	0x00, 0x00, 0x00, 0x00, 0x00, 0x00, 0x00, 0x00, 
	0x00, 0x00, 0x00, 0x00, 0x00, 0x00, 0x00, 0x00, 
	0x00, 0x00, 0x00, 0x00, 0x00, 0x00, 0x00, 0x00, 
	0x00, 0x00, 0x00, 0x00, 0x00, 0x00, 0x00, 0x00, 
	0x00, 0x00, 0x00, 0x00, 0x00, 0x00, 0x00, 0x00, 
	0x00, 0x00, 0x00, 0x00, 0x00, 0x00, 0x00, 0x00, 
	0x00, 0x00, 0x00, 0x00, 0x00, 0x00, 0x00, 0x00, 
	0x00, 0x00, 0x00, 0x00, 0x00, 0x00, 0x00, 0x00, 
	0x00, 0x00, 0x00, 0x00, 0x00, 0x00, 0x00, 0x00, 
	0x00, 0x00, 0x00, 0x00, 0x00, 0x00, 0x00, 0x00, 
	0x00, 0x00, 0x00, 0x00, 0x00, 0x00, 0x00, 0x00, 
	0x00, 0x00, 0x00, 0x00, 0x00, 0x00, 0x00, 0x00, 
	0x00, 0x00, 0x00, 0x00, 0x00, 0x00, 0x00, 0x00, 
	0x00, 0x00, 0x00, 0x00, 0x00, 0x00, 0x00, 0x00, 
	0x00, 0x00, 0x00, 0x00, 0x00, 0x00, 0x00, 0x00, 
	0x00, 0x00, 0x00, 0x00, 0x00, 0x00, 0x00, 0x00, 
	0x00, 0x00, 0x00, 0x00, 0x00, 0x00, 0x00, 0x00, 
	0x00, 0x00, 0x00, 0x00, 0x00, 0x00, 0x00, 0x00, 
	0x00, 0x00, 0x00, 0x00, 0x00, 0x00, 0x00, 0x00, 
	0x00, 0x00, 0x00, 0x00, 0x00, 0x00, 0x00, 0x00, 
	0x00, 0x00, 0x00, 0x00, 0x00, 0x00, 0x00, 0x00, 
	0x00, 0x00, 0x00, 0x00, 0x00, 0x00, 0x00, 0x00, 
	0x00, 0x00, 0x00, 0x00, 0x00, 0x00, 0x00, 0x00, 
	
};

Texture squishy_shoe_ia8[] = {
	0x05, 0x05, 0x05, 0x05, 0x00, 0x00, 0x00, 0x00, 
	0x05, 0x05, 0x05, 0x05, 0x00, 0x00, 0x00, 0x00, 
	0x05, 0x05, 0x05, 0x05, 0x00, 0x00, 0x00, 0x00, 
	0x05, 0x05, 0x05, 0x05, 0x00, 0x00, 0x00, 0x00, 
	0x05, 0x05, 0x05, 0x05, 0x00, 0x00, 0x00, 0x00, 
	0x05, 0x05, 0x05, 0x05, 0x00, 0x00, 0x00, 0x00, 
	0x05, 0x05, 0x05, 0x05, 0x00, 0x00, 0x00, 0x00, 
	0x05, 0x05, 0x05, 0x05, 0x00, 0x00, 0x00, 0x00, 
	0x00, 0x00, 0x00, 0x00, 0x05, 0x05, 0x05, 0x05, 
	0x00, 0x00, 0x00, 0x00, 0x05, 0x05, 0x05, 0x05, 
	0x00, 0x00, 0x00, 0x00, 0x05, 0x05, 0x05, 0x05, 
	0x00, 0x00, 0x00, 0x00, 0x05, 0x05, 0x05, 0x05, 
	0x00, 0x00, 0x00, 0x00, 0x05, 0x05, 0x05, 0x05, 
	0x00, 0x00, 0x00, 0x00, 0x05, 0x05, 0x05, 0x05, 
	0x00, 0x00, 0x00, 0x00, 0x05, 0x05, 0x05, 0x05, 
	0x00, 0x00, 0x00, 0x00, 0x05, 0x05, 0x05, 0x05, 
	0x05, 0x05, 0x05, 0x05, 0x00, 0x00, 0x00, 0x00, 
	0x05, 0x05, 0x05, 0x05, 0x00, 0x00, 0x00, 0x00, 
	0x05, 0x05, 0x05, 0x05, 0x00, 0x00, 0x00, 0x00, 
	0x05, 0x05, 0x05, 0x05, 0x00, 0x00, 0x00, 0x00, 
	0x05, 0x05, 0x05, 0x05, 0x00, 0x00, 0x00, 0x00, 
	0x05, 0x05, 0x05, 0x05, 0x00, 0x00, 0x00, 0x00, 
	0x05, 0x05, 0x05, 0x05, 0x00, 0x00, 0x00, 0x00, 
	0x05, 0x05, 0x05, 0x05, 0x00, 0x00, 0x00, 0x00, 
	0x00, 0x00, 0x00, 0x00, 0x05, 0x05, 0x05, 0x05, 
	0x00, 0x00, 0x00, 0x00, 0x05, 0x05, 0x05, 0x05, 
	0x00, 0x00, 0x00, 0x00, 0x05, 0x05, 0x05, 0x05, 
	0x00, 0x00, 0x00, 0x00, 0x05, 0x05, 0x05, 0x05, 
	0x00, 0x00, 0x00, 0x00, 0x05, 0x05, 0x05, 0x05, 
	0x00, 0x00, 0x00, 0x00, 0x05, 0x05, 0x05, 0x05, 
	0x00, 0x00, 0x00, 0x00, 0x05, 0x05, 0x05, 0x05, 
	0x00, 0x00, 0x00, 0x00, 0x05, 0x05, 0x05, 0x05, 
	
};

Texture squishy_sole_ci8[] = {
	0x00, 0x00, 0x00, 0x01, 0x00, 0x00, 0x00, 0x01, 
	0x00, 0x00, 0x00, 0x01, 0x00, 0x00, 0x00, 0x01, 
	0x00, 0x00, 0x00, 0x01, 0x00, 0x00, 0x00, 0x01, 
	0x00, 0x00, 0x00, 0x01, 0x00, 0x00, 0x00, 0x01, 
	0x00, 0x00, 0x00, 0x01, 0x00, 0x00, 0x00, 0x01, 
	0x00, 0x00, 0x00, 0x01, 0x00, 0x00, 0x00, 0x01, 
	0x01, 0x01, 0x01, 0x01, 0x01, 0x01, 0x01, 0x01, 
	0x01, 0x01, 0x01, 0x01, 0x01, 0x01, 0x01, 0x01, 
	0x00, 0x00, 0x00, 0x01, 0x00, 0x00, 0x00, 0x01, 
	0x00, 0x00, 0x00, 0x01, 0x00, 0x00, 0x00, 0x01, 
	0x00, 0x00, 0x00, 0x01, 0x00, 0x00, 0x00, 0x01, 
	0x00, 0x00, 0x00, 0x01, 0x00, 0x00, 0x00, 0x01, 
	0x00, 0x00, 0x00, 0x01, 0x00, 0x00, 0x00, 0x01, 
	0x00, 0x00, 0x00, 0x01, 0x00, 0x00, 0x00, 0x01, 
	0x01, 0x01, 0x01, 0x01, 0x01, 0x01, 0x01, 0x01, 
	0x01, 0x01, 0x01, 0x01, 0x01, 0x01, 0x01, 0x01, 
	0x00, 0x00, 0x00, 0x01, 0x00, 0x00, 0x00, 0x01, 
	0x00, 0x00, 0x00, 0x01, 0x00, 0x00, 0x00, 0x01, 
	0x00, 0x00, 0x00, 0x01, 0x00, 0x00, 0x00, 0x01, 
	0x00, 0x00, 0x00, 0x01, 0x00, 0x00, 0x00, 0x01, 
	0x00, 0x00, 0x00, 0x01, 0x00, 0x00, 0x00, 0x01, 
	0x00, 0x00, 0x00, 0x01, 0x00, 0x00, 0x00, 0x01, 
	0x01, 0x01, 0x01, 0x01, 0x01, 0x01, 0x01, 0x01, 
	0x01, 0x01, 0x01, 0x01, 0x01, 0x01, 0x01, 0x01, 
	0x00, 0x00, 0x00, 0x01, 0x00, 0x00, 0x00, 0x01, 
	0x00, 0x00, 0x00, 0x01, 0x00, 0x00, 0x00, 0x01, 
	0x00, 0x00, 0x00, 0x01, 0x00, 0x00, 0x00, 0x01, 
	0x00, 0x00, 0x00, 0x01, 0x00, 0x00, 0x00, 0x01, 
	0x00, 0x00, 0x00, 0x01, 0x00, 0x00, 0x00, 0x01, 
	0x00, 0x00, 0x00, 0x01, 0x00, 0x00, 0x00, 0x01, 
	0x01, 0x01, 0x01, 0x01, 0x01, 0x01, 0x01, 0x01, 
	0x01, 0x01, 0x01, 0x01, 0x01, 0x01, 0x01, 0x01, 
	
};

Texture squishy_sole_pal_rgba16[] = {
	0xd4, 0x57, 0xfd, 0xe5, 
};

Texture squishy_Metal_Shade_rgba16_rgba16[] = {
	0x00, 0x01, 0x00, 0x01, 0x00, 0x01, 0x00, 0x01, 
	0x00, 0x01, 0x00, 0x01, 0x00, 0x01, 0x00, 0x01, 
	0x00, 0x01, 0x00, 0x01, 0x00, 0x01, 0x00, 0x01, 
	0x00, 0x01, 0x00, 0x01, 0x00, 0x01, 0x00, 0x01, 
	0x00, 0x01, 0x00, 0x01, 0x00, 0x01, 0x00, 0x01, 
	0x00, 0x01, 0x00, 0x01, 0x00, 0x01, 0x00, 0x01, 
	0x00, 0x01, 0x00, 0x01, 0x00, 0x01, 0x00, 0x01, 
	0x10, 0x01, 0x10, 0x85, 0x20, 0x85, 0x10, 0x85, 
	0x10, 0x85, 0x10, 0x85, 0x31, 0x09, 0x21, 0x05, 
	0x10, 0x85, 0x10, 0x01, 0x00, 0x05, 0x10, 0x01, 
	0x00, 0x01, 0x00, 0x01, 0x00, 0x01, 0x00, 0x01, 
	0x00, 0x01, 0x00, 0x01, 0x00, 0x01, 0x00, 0x01, 
	0x00, 0x01, 0x00, 0x01, 0x00, 0x01, 0x00, 0x01, 
	0x00, 0x01, 0x00, 0x01, 0x00, 0x01, 0x00, 0x01, 
	0x00, 0x01, 0x00, 0x01, 0x00, 0x01, 0x00, 0x01, 
	0x00, 0x01, 0x00, 0x01, 0x00, 0x01, 0x00, 0x01, 
	0x00, 0x01, 0x00, 0x01, 0x00, 0x01, 0x00, 0x01, 
	0x00, 0x01, 0x00, 0x01, 0x00, 0x01, 0x00, 0x01, 
	0x00, 0x01, 0x00, 0x01, 0x00, 0x01, 0x00, 0x01, 
	0x00, 0x01, 0x00, 0x01, 0x00, 0x01, 0x00, 0x01, 
	0x00, 0x01, 0x00, 0x01, 0x00, 0x01, 0x00, 0x01, 
	0x00, 0x01, 0x00, 0x05, 0x10, 0x81, 0x10, 0x85, 
	0x10, 0x85, 0x10, 0x85, 0x10, 0x85, 0x20, 0x85, 
	0x21, 0x09, 0x20, 0x85, 0x31, 0x09, 0x21, 0x09, 
	0x20, 0x85, 0x20, 0x85, 0x21, 0x09, 0x42, 0x0d, 
	0x62, 0x91, 0x62, 0x95, 0x62, 0x8d, 0x62, 0x91, 
	0x52, 0x0d, 0x41, 0x8d, 0x31, 0x05, 0x20, 0x85, 
	0x10, 0x81, 0x00, 0x01, 0x00, 0x01, 0x00, 0x01, 
	0x00, 0x01, 0x00, 0x01, 0x00, 0x01, 0x00, 0x01, 
	0x00, 0x01, 0x00, 0x01, 0x00, 0x01, 0x00, 0x01, 
	0x00, 0x01, 0x00, 0x01, 0x00, 0x01, 0x00, 0x01, 
	0x00, 0x01, 0x00, 0x01, 0x00, 0x01, 0x00, 0x01, 
	0x00, 0x01, 0x00, 0x01, 0x00, 0x01, 0x00, 0x01, 
	0x00, 0x01, 0x00, 0x01, 0x00, 0x01, 0x00, 0x01, 
	0x00, 0x01, 0x00, 0x01, 0x00, 0x01, 0x00, 0x01, 
	0x00, 0x01, 0x00, 0x01, 0x00, 0x01, 0x00, 0x01, 
	0x00, 0x01, 0x10, 0x85, 0x21, 0x09, 0x31, 0x8d, 
	0x42, 0x0d, 0x31, 0x8d, 0x21, 0x05, 0x31, 0x09, 
	0x31, 0x09, 0x31, 0x0d, 0x31, 0x0d, 0x21, 0x0d, 
	0x10, 0x89, 0x21, 0x0d, 0x21, 0x0d, 0x20, 0x85, 
	0x00, 0x05, 0x10, 0x85, 0x00, 0x05, 0x10, 0x85, 
	0x00, 0x01, 0x20, 0x85, 0x10, 0x85, 0x21, 0x89, 
	0x41, 0x09, 0x32, 0x0d, 0x41, 0x89, 0x52, 0x0d, 
	0x52, 0x09, 0x41, 0x89, 0x20, 0x85, 0x20, 0x85, 
	0x10, 0x01, 0x00, 0x01, 0x00, 0x01, 0x00, 0x01, 
	0x00, 0x01, 0x00, 0x01, 0x00, 0x01, 0x00, 0x01, 
	0x00, 0x01, 0x00, 0x01, 0x00, 0x01, 0x00, 0x01, 
	0x00, 0x01, 0x00, 0x01, 0x00, 0x01, 0x00, 0x01, 
	0x00, 0x01, 0x00, 0x01, 0x00, 0x01, 0x00, 0x01, 
	0x00, 0x01, 0x00, 0x01, 0x00, 0x01, 0x00, 0x01, 
	0x00, 0x01, 0x00, 0x01, 0x00, 0x01, 0x00, 0x01, 
	0x00, 0x01, 0x10, 0x85, 0x20, 0x89, 0x42, 0x91, 
	0x73, 0x19, 0x63, 0x15, 0x62, 0x95, 0x52, 0x91, 
	0x31, 0x0d, 0x21, 0x05, 0x10, 0x85, 0x10, 0x01, 
	0x10, 0x05, 0x10, 0x05, 0x10, 0x05, 0x00, 0x81, 
	0x00, 0x01, 0x10, 0x05, 0x20, 0x05, 0x10, 0x05, 
	0x00, 0x01, 0x10, 0x85, 0x00, 0x81, 0x00, 0x05, 
	0x00, 0x01, 0x00, 0x01, 0x10, 0x01, 0x00, 0x01, 
	0x00, 0x01, 0x00, 0x01, 0x00, 0x01, 0x10, 0x81, 
	0x00, 0x01, 0x21, 0x05, 0x20, 0x85, 0x21, 0x05, 
	0x41, 0x09, 0x41, 0x09, 0x21, 0x05, 0x10, 0x01, 
	0x00, 0x01, 0x00, 0x01, 0x00, 0x01, 0x00, 0x01, 
	0x00, 0x01, 0x00, 0x01, 0x00, 0x01, 0x00, 0x01, 
	0x00, 0x01, 0x00, 0x01, 0x00, 0x01, 0x00, 0x01, 
	0x00, 0x01, 0x00, 0x01, 0x00, 0x01, 0x00, 0x01, 
	0x00, 0x01, 0x00, 0x01, 0x00, 0x01, 0x00, 0x01, 
	0x00, 0x01, 0x00, 0x01, 0x00, 0x01, 0x10, 0x85, 
	0x52, 0x95, 0xc6, 0x31, 0xc5, 0x29, 0x83, 0x99, 
	0x51, 0x8d, 0x51, 0x91, 0x31, 0x05, 0x10, 0x85, 
	0x10, 0x85, 0x20, 0x81, 0x10, 0x05, 0x20, 0x01, 
	0x10, 0x01, 0x10, 0x01, 0x10, 0x85, 0x20, 0x05, 
	0x30, 0x05, 0x41, 0x09, 0x20, 0x01, 0x10, 0x01, 
	0x10, 0x01, 0x10, 0x05, 0x40, 0x85, 0x20, 0x85, 
	0x20, 0x05, 0x10, 0x01, 0x00, 0x01, 0x10, 0x01, 
	0x00, 0x01, 0x00, 0x01, 0x00, 0x01, 0x00, 0x01, 
	0x00, 0x01, 0x00, 0x01, 0x10, 0x85, 0x10, 0x85, 
	0x00, 0x01, 0x20, 0x85, 0x51, 0x89, 0x62, 0x11, 
	0x41, 0x09, 0x10, 0x85, 0x00, 0x01, 0x00, 0x01, 
	0x00, 0x01, 0x00, 0x01, 0x00, 0x01, 0x00, 0x01, 
	0x00, 0x01, 0x00, 0x01, 0x00, 0x01, 0x00, 0x01, 
	0x00, 0x01, 0x00, 0x01, 0x00, 0x01, 0x00, 0x01, 
	0x00, 0x01, 0x00, 0x01, 0x00, 0x01, 0x00, 0x01, 
	0x00, 0x01, 0x10, 0x85, 0x42, 0x11, 0x94, 0xa1, 
	0xc5, 0xa5, 0xe5, 0xad, 0xb4, 0x25, 0xd3, 0xa5, 
	0x92, 0x9d, 0x51, 0x0d, 0x20, 0x81, 0x10, 0x01, 
	0x10, 0x01, 0x10, 0x01, 0x10, 0x01, 0x10, 0x01, 
	0x20, 0x01, 0x10, 0x05, 0x20, 0x01, 0x30, 0x05, 
	0x40, 0x89, 0x91, 0x11, 0x50, 0x85, 0x10, 0x01, 
	0x20, 0x05, 0x20, 0x81, 0x30, 0x05, 0x20, 0x05, 
	0x20, 0x01, 0x10, 0x01, 0x20, 0x01, 0x10, 0x01, 
	0x20, 0x01, 0x10, 0x01, 0x00, 0x01, 0x00, 0x01, 
	0x00, 0x01, 0x20, 0x81, 0x10, 0x81, 0x10, 0x85, 
	0x10, 0x81, 0x10, 0x01, 0x10, 0x85, 0x41, 0x05, 
	0x62, 0x11, 0x71, 0x91, 0x41, 0x0d, 0x00, 0x81, 
	0x00, 0x01, 0x00, 0x01, 0x00, 0x01, 0x00, 0x01, 
	0x00, 0x01, 0x00, 0x01, 0x00, 0x01, 0x00, 0x01, 
	0x00, 0x01, 0x00, 0x01, 0x00, 0x01, 0x00, 0x01, 
	0x00, 0x01, 0x00, 0x01, 0x00, 0x01, 0x00, 0x01, 
	0x31, 0x09, 0xa5, 0x29, 0xfe, 0xb5, 0xfd, 0x2d, 
	0xf4, 0xad, 0xfe, 0xbf, 0xff, 0x3f, 0xff, 0x3f, 
	0xd4, 0x2d, 0x81, 0x95, 0x20, 0x85, 0x10, 0x01, 
	0x10, 0x01, 0x00, 0x01, 0x10, 0x01, 0x10, 0x01, 
	0x10, 0x01, 0x20, 0x05, 0x20, 0x01, 0x10, 0x05, 
	0x20, 0x85, 0x40, 0x05, 0x10, 0x85, 0x10, 0x01, 
	0x10, 0x01, 0x10, 0x85, 0x30, 0x05, 0x20, 0x85, 
	0x10, 0x01, 0x20, 0x01, 0x10, 0x01, 0x10, 0x01, 
	0x20, 0x01, 0x20, 0x05, 0x20, 0x81, 0x00, 0x01, 
	0x10, 0x05, 0x31, 0x01, 0x31, 0x05, 0x42, 0x05, 
	0x62, 0x09, 0x31, 0x01, 0x10, 0x85, 0x31, 0x85, 
	0x62, 0x11, 0x73, 0x15, 0x62, 0x0d, 0x72, 0x15, 
	0x31, 0x09, 0x00, 0x01, 0x00, 0x01, 0x00, 0x01, 
	0x00, 0x01, 0x00, 0x01, 0x00, 0x01, 0x00, 0x01, 
	0x00, 0x01, 0x00, 0x01, 0x00, 0x01, 0x00, 0x01, 
	0x00, 0x01, 0x00, 0x01, 0x00, 0x01, 0x51, 0x8d, 
	0xc4, 0x25, 0xfc, 0xad, 0xfc, 0xb1, 0xfb, 0xa5, 
	0xff, 0xff, 0xff, 0xff, 0xff, 0xff, 0xff, 0xff, 
	0x92, 0xa1, 0x20, 0x01, 0x00, 0x05, 0x10, 0x01, 
	0x10, 0x81, 0x10, 0x01, 0x00, 0x01, 0x10, 0x01, 
	0x10, 0x01, 0x10, 0x01, 0x10, 0x01, 0x10, 0x05, 
	0x10, 0x01, 0x00, 0x01, 0x10, 0x05, 0x10, 0x05, 
	0x10, 0x01, 0x00, 0x81, 0x00, 0x05, 0x00, 0x01, 
	0x10, 0x01, 0x00, 0x01, 0x00, 0x01, 0x00, 0x01, 
	0x10, 0x01, 0x00, 0x01, 0x10, 0x81, 0x10, 0x01, 
	0x51, 0x8d, 0xd5, 0xa1, 0xa4, 0x15, 0x73, 0x0d, 
	0x62, 0x05, 0x72, 0x89, 0x83, 0x91, 0x63, 0x09, 
	0x83, 0x91, 0xb5, 0x19, 0x83, 0x15, 0x42, 0x0d, 
	0xa3, 0x1d, 0x72, 0x15, 0x00, 0x01, 0x00, 0x01, 
	0x00, 0x01, 0x00, 0x01, 0x00, 0x01, 0x00, 0x01, 
	0x00, 0x01, 0x00, 0x01, 0x00, 0x01, 0x00, 0x01, 
	0x00, 0x01, 0x10, 0x01, 0x72, 0x99, 0xf3, 0xad, 
	0xfc, 0x25, 0xfe, 0x25, 0xff, 0x25, 0xff, 0xbd, 
	0xff, 0xff, 0xff, 0xff, 0xd5, 0x39, 0x72, 0x99, 
	0x30, 0x89, 0x41, 0x0d, 0x72, 0x19, 0x51, 0x0d, 
	0x82, 0x9d, 0x41, 0x09, 0x20, 0x05, 0x00, 0x01, 
	0x10, 0x01, 0x20, 0x81, 0x00, 0x05, 0x10, 0x01, 
	0x00, 0x01, 0x00, 0x85, 0x10, 0x05, 0x20, 0x05, 
	0x00, 0x81, 0x00, 0x05, 0x10, 0x01, 0x00, 0x01, 
	0x00, 0x01, 0x00, 0x01, 0x00, 0x01, 0x00, 0x01, 
	0x00, 0x01, 0x10, 0x01, 0x21, 0x01, 0x31, 0x85, 
	0x41, 0x85, 0x93, 0x91, 0xa4, 0x95, 0xa4, 0x95, 
	0xb5, 0x19, 0xf6, 0xa5, 0xff, 0xe9, 0xff, 0x29, 
	0x83, 0x0d, 0x94, 0x8d, 0x94, 0x8d, 0x41, 0x09, 
	0x31, 0x09, 0x92, 0x99, 0x82, 0x11, 0x10, 0x85, 
	0x00, 0x01, 0x00, 0x01, 0x00, 0x01, 0x00, 0x01, 
	0x00, 0x01, 0x00, 0x01, 0x00, 0x01, 0x00, 0x01, 
	0x10, 0x85, 0x82, 0x15, 0xfc, 0x2d, 0xfc, 0xb5, 
	0xff, 0xf1, 0xff, 0xf9, 0xff, 0x3f, 0xff, 0x3f, 
	0x93, 0x21, 0x51, 0x11, 0x10, 0x85, 0x10, 0x01, 
	0x41, 0x0d, 0xfd, 0xbf, 0xff, 0xff, 0xff, 0x3f, 
	0xfe, 0xbf, 0xfd, 0xb9, 0x71, 0x0d, 0x62, 0x15, 
	0x41, 0x0d, 0x21, 0x05, 0x10, 0x01, 0x10, 0x85, 
	0x40, 0x8d, 0x41, 0x95, 0x21, 0x11, 0x21, 0x0d, 
	0x10, 0x89, 0x10, 0x05, 0x00, 0x01, 0x00, 0x01, 
	0x00, 0x01, 0x00, 0x01, 0x00, 0x01, 0x00, 0x01, 
	0x00, 0x01, 0x10, 0x81, 0x41, 0x85, 0x51, 0x85, 
	0x62, 0x09, 0x83, 0x8d, 0xc5, 0x99, 0xff, 0xa9, 
	0xd6, 0x21, 0xb5, 0x19, 0xff, 0xe5, 0xff, 0xa9, 
	0xf6, 0xa5, 0xa4, 0x11, 0x73, 0x8d, 0x31, 0x85, 
	0x10, 0x81, 0x42, 0x11, 0xd4, 0x21, 0xa3, 0x15, 
	0x10, 0x01, 0x00, 0x01, 0x00, 0x01, 0x00, 0x01, 
	0x00, 0x01, 0x00, 0x01, 0x00, 0x01, 0x10, 0x85, 
	0x92, 0x15, 0xfb, 0xb1, 0xfc, 0x31, 0xff, 0xff, 
	0xff, 0xff, 0xfe, 0xbf, 0xfd, 0x3f, 0xe5, 0x35, 
	0xb4, 0x25, 0x93, 0xa5, 0x62, 0x19, 0x30, 0x85, 
	0xb3, 0xad, 0xff, 0xff, 0xff, 0xff, 0xff, 0xff, 
	0xff, 0xff, 0xfe, 0xbf, 0xfd, 0xb9, 0xc3, 0xa5, 
	0x31, 0x09, 0x20, 0x01, 0x10, 0x85, 0x21, 0x05, 
	0x31, 0x0d, 0x31, 0x09, 0x21, 0x09, 0x10, 0x89, 
	0x10, 0x81, 0x10, 0x05, 0x10, 0x85, 0x00, 0x01, 
	0x00, 0x01, 0x10, 0x85, 0x00, 0x01, 0x10, 0x85, 
	0x00, 0x01, 0x00, 0x01, 0x31, 0x01, 0x41, 0x89, 
	0x52, 0x85, 0xa4, 0x15, 0xff, 0xad, 0xff, 0xed, 
	0xff, 0xe9, 0xff, 0xa5, 0xf7, 0x21, 0xff, 0xed, 
	0xff, 0xed, 0xe6, 0x19, 0x42, 0x89, 0x21, 0x05, 
	0x00, 0x05, 0x10, 0x81, 0x62, 0x95, 0xd4, 0x21, 
	0x82, 0x91, 0x00, 0x01, 0x00, 0x01, 0x00, 0x01, 
	0x00, 0x01, 0x00, 0x01, 0x00, 0x01, 0x61, 0x91, 
	0xfb, 0xad, 0xfc, 0xbd, 0xfe, 0x3f, 0xff, 0xbf, 
	0xfd, 0x3f, 0xfd, 0x3f, 0xff, 0xff, 0xff, 0xff, 
	0xff, 0xff, 0xff, 0x3f, 0xe5, 0x35, 0xf4, 0x31, 
	0xfd, 0xbd, 0xff, 0xff, 0xff, 0xfd, 0xfe, 0x99, 
	0xfe, 0x31, 0xfd, 0x3d, 0xf3, 0x25, 0x81, 0x8d, 
	0x94, 0x19, 0x73, 0x19, 0x83, 0x99, 0xa5, 0x25, 
	0x63, 0x19, 0x31, 0x09, 0x21, 0x05, 0x21, 0x05, 
	0x10, 0x01, 0x42, 0x0d, 0x52, 0x0d, 0x42, 0x0d, 
	0x10, 0x85, 0x00, 0x01, 0x10, 0x01, 0x10, 0x85, 
	0x31, 0x89, 0x31, 0x05, 0x62, 0x8d, 0xb5, 0x15, 
	0x84, 0x0d, 0x83, 0x89, 0x73, 0x0d, 0xb4, 0x95, 
	0xff, 0xa9, 0xff, 0xe5, 0xff, 0xe5, 0xff, 0xf5, 
	0xff, 0xed, 0xff, 0xe5, 0xa5, 0x19, 0x20, 0x85, 
	0x21, 0x05, 0x00, 0x81, 0x10, 0x05, 0x52, 0x0d, 
	0xd4, 0x29, 0x41, 0x8d, 0x00, 0x01, 0x00, 0x01, 
	0x00, 0x01, 0x00, 0x01, 0x20, 0x85, 0xc2, 0x1d, 
	0xfc, 0xbd, 0xff, 0x3f, 0xfe, 0x3d, 0xfe, 0x21, 
	0xfe, 0x3f, 0xff, 0xff, 0xff, 0xff, 0xff, 0xff, 
	0xff, 0xff, 0xff, 0xff, 0xff, 0x3f, 0xfc, 0xbd, 
	0xfc, 0xbf, 0xff, 0xff, 0xff, 0xf9, 0xff, 0xe5, 
	0xff, 0xbd, 0xfc, 0x31, 0xf2, 0x9d, 0xf3, 0x1d, 
	0xff, 0xff, 0xf7, 0xb5, 0xe6, 0x31, 0xc6, 0x2d, 
	0x84, 0x21, 0x21, 0x05, 0x21, 0x09, 0x30, 0x85, 
	0x62, 0x95, 0xa5, 0x21, 0x83, 0x99, 0x32, 0x09, 
	0x10, 0x85, 0x30, 0x85, 0x40, 0x85, 0x31, 0x09, 
	0x84, 0x1d, 0xa3, 0x95, 0x41, 0x89, 0x62, 0x89, 
	0x42, 0x85, 0x41, 0x85, 0x32, 0x09, 0x21, 0x05, 
	0x42, 0x05, 0xc5, 0x9d, 0xff, 0xe9, 0xff, 0xf5, 
	0xff, 0xff, 0xff, 0xf9, 0xff, 0xed, 0x73, 0x11, 
	0x72, 0x11, 0x61, 0x0d, 0x10, 0x85, 0x20, 0x85, 
	0x83, 0x1d, 0xb3, 0x21, 0x00, 0x85, 0x00, 0x01, 
	0x00, 0x01, 0x00, 0x01, 0x51, 0x0d, 0xf2, 0x1d, 
	0xfd, 0x3f, 0xfe, 0xbf, 0xfd, 0x3d, 0xfd, 0x3d, 
	0xff, 0xbf, 0xff, 0xff, 0xff, 0xff, 0xff, 0xff, 
	0xff, 0xff, 0xff, 0xff, 0xfe, 0xbf, 0xfc, 0x31, 
	0xfe, 0xad, 0xff, 0x3f, 0xff, 0xff, 0xff, 0xbf, 
	0xfc, 0xbf, 0xfa, 0xa5, 0xfb, 0x25, 0xfd, 0xbd, 
	0xfe, 0xbf, 0xe6, 0xb1, 0xb5, 0x25, 0xe6, 0xb5, 
	0x73, 0x9d, 0x21, 0x05, 0x10, 0x85, 0x10, 0x85, 
	0x73, 0x15, 0x83, 0x95, 0x73, 0x11, 0x31, 0x09, 
	0x62, 0x91, 0x52, 0x0d, 0x51, 0x0d, 0x10, 0x81, 
	0x41, 0x8d, 0x51, 0x8d, 0x11, 0x05, 0x00, 0x05, 
	0x00, 0x01, 0x00, 0x01, 0x21, 0x05, 0x51, 0x0d, 
	0x72, 0x0d, 0x62, 0x8d, 0xff, 0x25, 0xff, 0xf1, 
	0xff, 0xfd, 0xff, 0xfd, 0xff, 0xf1, 0xc5, 0x9d, 
	0xa3, 0x11, 0x72, 0x11, 0x10, 0x05, 0x10, 0x85, 
	0x21, 0x05, 0xa3, 0x21, 0x30, 0x8d, 0x00, 0x01, 
	0x00, 0x01, 0x10, 0x05, 0x91, 0x0d, 0xfa, 0x9d, 
	0xfb, 0xb5, 0xfc, 0xb9, 0xfc, 0xbd, 0xe4, 0xb5, 
	0xff, 0xbf, 0xff, 0xff, 0xff, 0xff, 0xff, 0xff, 
	0xff, 0xff, 0xff, 0xff, 0xfc, 0xbf, 0xfc, 0xb9, 
	0xfd, 0xb5, 0xfd, 0x3d, 0xff, 0x3f, 0xff, 0x3f, 
	0xfe, 0xbf, 0xfb, 0xb5, 0xfb, 0x31, 0xfd, 0xbf, 
	0xf3, 0x29, 0x92, 0x15, 0x51, 0x89, 0x31, 0x8d, 
	0x21, 0x05, 0x00, 0x01, 0x10, 0x05, 0x31, 0x0d, 
	0xb3, 0x15, 0xfd, 0x1d, 0xfd, 0x21, 0xe4, 0x25, 
	0xf5, 0x29, 0xfe, 0xb5, 0xfe, 0x39, 0x82, 0x99, 
	0x41, 0x89, 0x52, 0x0d, 0x21, 0x09, 0x10, 0x01, 
	0x00, 0x85, 0x00, 0x01, 0x20, 0x85, 0x61, 0x91, 
	0x82, 0x11, 0xa4, 0x0d, 0xd6, 0x19, 0xff, 0xed, 
	0xff, 0xf5, 0xff, 0xf9, 0xff, 0xf5, 0xff, 0xa5, 
	0xf6, 0x99, 0x93, 0x91, 0x11, 0x05, 0x10, 0x01, 
	0x10, 0x85, 0x51, 0x0d, 0x41, 0x0d, 0x00, 0x01, 
	0x00, 0x01, 0x10, 0x05, 0xb1, 0x91, 0xfb, 0xa5, 
	0xd3, 0x25, 0x51, 0x11, 0x61, 0x91, 0x31, 0x0d, 
	0x93, 0x21, 0x94, 0x2d, 0x63, 0xa5, 0x73, 0xa9, 
	0xb4, 0xb1, 0x72, 0xa1, 0x51, 0x91, 0xa2, 0xa1, 
	0xa2, 0x21, 0xd3, 0xa9, 0xc3, 0x29, 0xfc, 0xb5, 
	0xfd, 0xbf, 0xfb, 0x2d, 0xfa, 0x19, 0xe1, 0x91, 
	0xe1, 0x99, 0xd1, 0x9d, 0x82, 0x11, 0x31, 0x09, 
	0x10, 0x85, 0x10, 0x05, 0x00, 0x85, 0x20, 0x89, 
	0x71, 0x11, 0xc2, 0x99, 0xc2, 0x99, 0xc2, 0xa1, 
	0xfc, 0xb1, 0xfe, 0xb5, 0xfd, 0xb5, 0x62, 0x11, 
	0x00, 0x01, 0x10, 0x85, 0x20, 0x85, 0x10, 0x85, 
	0x11, 0x05, 0x30, 0x89, 0x41, 0x0d, 0x52, 0x0d, 
	0xd5, 0x21, 0xff, 0xf1, 0xff, 0xf1, 0xff, 0xf9, 
	0xff, 0xff, 0xff, 0xff, 0xff, 0xff, 0xff, 0xff, 
	0xff, 0xf9, 0xff, 0xf9, 0x82, 0x91, 0x41, 0x8d, 
	0x10, 0x89, 0x41, 0x05, 0x20, 0x85, 0x00, 0x01, 
	0x00, 0x01, 0x10, 0x05, 0xa1, 0x0d, 0xfc, 0x2d, 
	0xa3, 0x25, 0x10, 0x01, 0x10, 0x85, 0x10, 0x05, 
	0x20, 0x89, 0x20, 0x89, 0x32, 0x15, 0x20, 0x89, 
	0x30, 0x89, 0x10, 0x89, 0x10, 0x85, 0x10, 0x85, 
	0x20, 0x89, 0x10, 0x05, 0x20, 0x89, 0x82, 0x19, 
	0xfe, 0x3f, 0xfc, 0x35, 0xfa, 0x99, 0xe1, 0x91, 
	0xf1, 0x9d, 0xf2, 0x21, 0xc2, 0x21, 0x41, 0x09, 
	0x20, 0x09, 0x00, 0x81, 0x10, 0x05, 0x10, 0x01, 
	0x10, 0x05, 0x62, 0x09, 0x82, 0x89, 0x62, 0x0d, 
	0x41, 0x09, 0x51, 0x8d, 0x41, 0x8d, 0x20, 0x85, 
	0x10, 0x01, 0x00, 0x81, 0x31, 0x0d, 0x21, 0x05, 
	0x41, 0x0d, 0xb3, 0x1d, 0xff, 0xbf, 0xfe, 0xb9, 
	0xfe, 0xb5, 0xff, 0xff, 0xff, 0xff, 0xff, 0xff, 
	0xff, 0xff, 0xff, 0xff, 0xff, 0xff, 0xff, 0xff, 
	0xff, 0xff, 0xff, 0xff, 0xfd, 0xb1, 0xa3, 0x1d, 
	0x11, 0x05, 0x41, 0x09, 0x10, 0x05, 0x00, 0x01, 
	0x00, 0x01, 0x10, 0x05, 0x90, 0x89, 0xfa, 0xa5, 
	0x92, 0x9d, 0x21, 0x09, 0x10, 0x89, 0x10, 0x85, 
	0x20, 0x89, 0x51, 0x11, 0x41, 0x91, 0x62, 0x11, 
	0x51, 0x11, 0x31, 0x09, 0x20, 0x89, 0x10, 0x89, 
	0x21, 0x11, 0x11, 0x09, 0x10, 0x05, 0x20, 0x85, 
	0x62, 0x11, 0xfc, 0xb1, 0xfd, 0x3d, 0xf4, 0x31, 
	0xc2, 0xa1, 0x92, 0x15, 0x81, 0x91, 0x51, 0x91, 
	0x30, 0x89, 0x10, 0x85, 0x40, 0x85, 0x40, 0x85, 
	0x31, 0x8d, 0x93, 0x19, 0x83, 0x8d, 0x62, 0x0d, 
	0x21, 0x05, 0x20, 0x85, 0x20, 0x85, 0x00, 0x81, 
	0x10, 0x01, 0x10, 0x89, 0x52, 0x0d, 0x42, 0x91, 
	0x82, 0x95, 0xff, 0xbf, 0xff, 0xff, 0xff, 0xff, 
	0xff, 0xff, 0xff, 0xff, 0xff, 0xff, 0xff, 0xff, 
	0xff, 0xff, 0xff, 0xff, 0xff, 0xff, 0xff, 0xff, 
	0xff, 0xff, 0xff, 0xff, 0xff, 0xff, 0xa3, 0xa1, 
	0x20, 0x85, 0x20, 0x85, 0x10, 0x85, 0x00, 0x01, 
	0x00, 0x01, 0x00, 0x01, 0x70, 0x91, 0xfa, 0xa5, 
	0x92, 0x19, 0x10, 0x89, 0x21, 0x0d, 0x20, 0x8d, 
	0x41, 0x0d, 0x72, 0x15, 0x73, 0x9d, 0x73, 0x19, 
	0x63, 0x19, 0x62, 0x1d, 0x51, 0x95, 0x21, 0x0d, 
	0x20, 0x8d, 0x21, 0x09, 0x00, 0x05, 0x10, 0x85, 
	0x73, 0x15, 0xb5, 0x1d, 0xb4, 0x9d, 0x62, 0x91, 
	0x41, 0x8d, 0x61, 0x8d, 0x51, 0x8d, 0x31, 0x09, 
	0x31, 0x0d, 0x41, 0x09, 0x51, 0x8d, 0x82, 0x8d, 
	0xa4, 0x21, 0xc5, 0x25, 0x63, 0x95, 0x73, 0x15, 
	0x31, 0x89, 0x41, 0x09, 0x21, 0x05, 0x10, 0x85, 
	0x00, 0x01, 0x10, 0x85, 0x41, 0x89, 0x83, 0x99, 
	0xa4, 0xa5, 0xff, 0xff, 0xff, 0xff, 0xff, 0xff, 
	0xff, 0xff, 0xff, 0xff, 0xff, 0xff, 0xff, 0xff, 
	0xff, 0xff, 0xff, 0xff, 0xff, 0xff, 0xff, 0xff, 
	0xff, 0xff, 0xff, 0xff, 0xff, 0xff, 0xb3, 0x9d, 
	0x31, 0x0d, 0x20, 0x81, 0x10, 0x85, 0x00, 0x01, 
	0x00, 0x01, 0x00, 0x01, 0x40, 0x8d, 0xfb, 0xb1, 
	0xf4, 0x31, 0x31, 0x0d, 0x10, 0x85, 0x10, 0x89, 
	0x41, 0x11, 0x63, 0x21, 0x62, 0x9d, 0x42, 0x99, 
	0x42, 0x1d, 0x63, 0xa5, 0x52, 0xa1, 0x62, 0xa5, 
	0x52, 0x19, 0x21, 0x0d, 0x10, 0x89, 0x31, 0x91, 
	0x73, 0x21, 0xa4, 0xa1, 0xb5, 0xa5, 0x73, 0x15, 
	0x42, 0x11, 0x72, 0x11, 0x72, 0x91, 0x72, 0x95, 
	0x52, 0x9d, 0x41, 0x0d, 0x31, 0x89, 0x62, 0x15, 
	0xd6, 0x2d, 0xf6, 0xb5, 0xc5, 0xa5, 0x94, 0x99, 
	0x31, 0x8d, 0x41, 0x89, 0x41, 0x8d, 0x31, 0x89, 
	0x31, 0x89, 0x41, 0x09, 0x61, 0x0d, 0x93, 0x9d, 
	0xff, 0xbf, 0xff, 0xff, 0xff, 0xff, 0xff, 0xff, 
	0xff, 0xff, 0xff, 0xff, 0xff, 0xff, 0xff, 0xff, 
	0xff, 0xff, 0xff, 0xff, 0xff, 0xff, 0xff, 0xff, 
	0xff, 0xff, 0xff, 0xff, 0xff, 0xbd, 0x62, 0x11, 
	0x10, 0x85, 0x20, 0x85, 0x00, 0x81, 0x00, 0x01, 
	0x00, 0x01, 0x00, 0x01, 0x10, 0x05, 0xa2, 0xa1, 
	0xfd, 0x39, 0x82, 0x95, 0x10, 0x81, 0x20, 0x89, 
	0x42, 0x19, 0x52, 0xa1, 0x63, 0x29, 0x43, 0x21, 
	0x31, 0x99, 0x43, 0x25, 0x53, 0x21, 0x63, 0x29, 
	0x62, 0xa5, 0x52, 0x19, 0x31, 0x99, 0x52, 0x9d, 
	0x53, 0x25, 0x52, 0xa1, 0xb5, 0x25, 0xa4, 0xa1, 
	0x62, 0x99, 0x72, 0x95, 0x62, 0x11, 0x52, 0x99, 
	0x42, 0x15, 0x31, 0x8d, 0x20, 0x85, 0x62, 0x11, 
	0xd5, 0x2d, 0xfd, 0xa9, 0xb4, 0x1d, 0x83, 0x15, 
	0x52, 0x91, 0x52, 0x11, 0x84, 0x9d, 0x62, 0x95, 
	0x52, 0x11, 0x41, 0x8d, 0x62, 0x99, 0xe5, 0xb9, 
	0xff, 0xff, 0xff, 0xff, 0xff, 0xff, 0xff, 0xff, 
	0xff, 0xff, 0xff, 0xff, 0xff, 0xff, 0xff, 0xff, 
	0xff, 0xff, 0xff, 0xff, 0xff, 0xff, 0xff, 0xff, 
	0xff, 0xff, 0xff, 0xff, 0x73, 0x15, 0x30, 0x89, 
	0x10, 0x81, 0x10, 0x85, 0x00, 0x01, 0x00, 0x01, 
	0x00, 0x01, 0x00, 0x01, 0x00, 0x01, 0x30, 0x89, 
	0x92, 0x9d, 0xb3, 0x9d, 0x62, 0x91, 0x21, 0x09, 
	0x31, 0x0d, 0x51, 0x9d, 0x53, 0x25, 0x63, 0x25, 
	0x52, 0xa1, 0x53, 0x1d, 0x52, 0x9d, 0x32, 0x19, 
	0x52, 0xa1, 0x42, 0xa1, 0x53, 0x29, 0x63, 0x25, 
	0x63, 0xad, 0x74, 0x31, 0xa5, 0x2d, 0x84, 0x19, 
	0x62, 0x91, 0x52, 0x8d, 0x41, 0x09, 0x42, 0x15, 
	0xa5, 0x2d, 0x62, 0x99, 0x52, 0x11, 0x51, 0x91, 
	0xe3, 0xa9, 0xfb, 0xa5, 0xc3, 0xa5, 0xe4, 0x2d, 
	0xb3, 0xa5, 0x72, 0x15, 0x93, 0x99, 0x84, 0x1d, 
	0xa4, 0x25, 0x72, 0x9d, 0xa5, 0x31, 0xff, 0xff, 
	0xff, 0xff, 0xff, 0xff, 0xff, 0xff, 0xff, 0xff, 
	0xff, 0xff, 0xff, 0xff, 0xff, 0xff, 0xff, 0xff, 
	0xff, 0xff, 0xff, 0xff, 0xff, 0xff, 0xff, 0xff, 
	0xff, 0xff, 0xa5, 0x25, 0x31, 0x09, 0x10, 0x85, 
	0x10, 0x81, 0x00, 0x01, 0x00, 0x01, 0x00, 0x01, 
	0x00, 0x01, 0x00, 0x01, 0x00, 0x01, 0x00, 0x01, 
	0x31, 0x09, 0x51, 0x0d, 0x83, 0x11, 0x94, 0x99, 
	0x42, 0x15, 0x31, 0x11, 0x51, 0x99, 0x53, 0x25, 
	0x42, 0xa1, 0x41, 0x95, 0x42, 0x15, 0x53, 0x21, 
	0x73, 0xad, 0x84, 0xb1, 0x84, 0x35, 0x85, 0x35, 
	0x94, 0xb5, 0x95, 0x39, 0xd6, 0x3f, 0xfe, 0xbd, 
	0xfe, 0xbd, 0xd4, 0xa9, 0x83, 0x19, 0x94, 0x2d, 
	0x94, 0xa5, 0x93, 0x9d, 0xa3, 0xa1, 0xc3, 0xa5, 
	0xc3, 0xa5, 0xc3, 0xa5, 0xc4, 0xb1, 0xff, 0x3f, 
	0xff, 0xff, 0xff, 0xbf, 0xfd, 0xb9, 0xf5, 0x35, 
	0xfd, 0x3f, 0xe6, 0x3f, 0xff, 0xff, 0xff, 0xff, 
	0xff, 0xff, 0xff, 0xff, 0xff, 0xff, 0xff, 0xff, 
	0xff, 0xff, 0xff, 0xff, 0xff, 0xff, 0xff, 0xff, 
	0xff, 0xff, 0xff, 0xff, 0xff, 0xff, 0xff, 0xff, 
	0x84, 0x21, 0x31, 0x09, 0x21, 0x05, 0x31, 0x09, 
	0x00, 0x01, 0x00, 0x01, 0x00, 0x01, 0x00, 0x01, 
	0x00, 0x01, 0x00, 0x01, 0x00, 0x01, 0x00, 0x01, 
	0x00, 0x01, 0x10, 0x85, 0x41, 0x09, 0x73, 0x15, 
	0x94, 0x1d, 0x63, 0x21, 0x52, 0xa5, 0x52, 0xa1, 
	0x42, 0xa1, 0x52, 0xa5, 0x63, 0xa9, 0xc6, 0xbf, 
	0xff, 0xff, 0xff, 0xff, 0xff, 0xff, 0xff, 0xff, 
	0xff, 0xff, 0xff, 0xff, 0xff, 0xff, 0xff, 0xff, 
	0xff, 0xff, 0xff, 0xff, 0xff, 0xff, 0xff, 0xbf, 
	0x84, 0x21, 0xb3, 0xad, 0xfe, 0x3d, 0xfd, 0xbf, 
	0xfe, 0xbf, 0xfe, 0xbf, 0xff, 0xbf, 0xff, 0xff, 
	0xe7, 0xff, 0xe7, 0xff, 0xe7, 0xff, 0xd7, 0xff, 
	0xd7, 0xff, 0xc7, 0xff, 0xb7, 0xff, 0xb7, 0xff, 
	0xa7, 0xff, 0xa7, 0xff, 0x97, 0xff, 0xa7, 0xff, 
	0xb7, 0xff, 0xff, 0xff, 0xff, 0xff, 0xff, 0xff, 
	0xff, 0xff, 0xff, 0xff, 0xff, 0xbf, 0x83, 0x1d, 
	0x30, 0x85, 0x11, 0x05, 0x31, 0x09, 0x10, 0x85, 
	0x00, 0x01, 0x00, 0x01, 0x00, 0x01, 0x00, 0x01, 
	0x00, 0x01, 0x00, 0x01, 0x00, 0x01, 0x00, 0x01, 
	0x00, 0x01, 0x00, 0x01, 0x10, 0x05, 0x31, 0x05, 
	0x42, 0x0d, 0x83, 0x9d, 0x73, 0xa1, 0x52, 0x9d, 
	0x42, 0x9d, 0x74, 0x35, 0x63, 0xad, 0xa5, 0x39, 
	0xff, 0xff, 0xff, 0xff, 0xff, 0xff, 0xff, 0xff, 
	0xff, 0xff, 0xff, 0xff, 0xff, 0xff, 0xff, 0xff, 
	0xff, 0xff, 0xff, 0xff, 0xff, 0xff, 0xff, 0xff, 
	0xff, 0xff, 0xe7, 0x3f, 0xff, 0xff, 0xe7, 0xff, 
	0xe7, 0xff, 0xd7, 0xff, 0xc7, 0xff, 0xb7, 0xff, 
	0xb7, 0xff, 0x97, 0xff, 0xa7, 0xff, 0x97, 0xff, 
	0x87, 0xbf, 0x87, 0xbf, 0x77, 0x3f, 0x77, 0x3f, 
	0x76, 0xbf, 0x67, 0x3f, 0x87, 0x3f, 0x97, 0xff, 
	0xd7, 0xff, 0xff, 0xff, 0xff, 0xff, 0xff, 0xff, 
	0xff, 0xff, 0x93, 0xa5, 0x51, 0x91, 0x20, 0x81, 
	0x20, 0x85, 0x20, 0x85, 0x00, 0x81, 0x00, 0x01, 
	0x00, 0x01, 0x00, 0x01, 0x00, 0x01, 0x00, 0x01, 
	0x00, 0x01, 0x00, 0x01, 0x00, 0x01, 0x00, 0x01, 
	0x00, 0x01, 0x00, 0x01, 0x00, 0x01, 0x00, 0x01, 
	0x30, 0x89, 0x41, 0x8d, 0x62, 0x91, 0x73, 0x99, 
	0x94, 0x29, 0x84, 0xb5, 0x74, 0x2d, 0x73, 0xad, 
	0xff, 0xff, 0xff, 0xff, 0xff, 0xff, 0xff, 0xff, 
	0xff, 0xff, 0xff, 0xff, 0xff, 0xff, 0xff, 0xff, 
	0xff, 0xff, 0xff, 0xff, 0xff, 0xff, 0xff, 0xff, 
	0xff, 0xff, 0xff, 0xff, 0xff, 0xff, 0xf7, 0xff, 
	0xc7, 0xff, 0xb7, 0xff, 0xa7, 0xff, 0x97, 0xff, 
	0x97, 0xbf, 0x87, 0x3f, 0x87, 0xbf, 0x76, 0xbf, 
	0x77, 0x3f, 0x86, 0xbf, 0x76, 0xbf, 0x66, 0xbf, 
	0x77, 0x3f, 0x77, 0xbf, 0xa7, 0xff, 0xc7, 0xff, 
	0xff, 0xff, 0xf7, 0xff, 0xc6, 0xbf, 0xa5, 0x2d, 
	0x62, 0x95, 0x41, 0x91, 0x31, 0x05, 0x21, 0x05, 
	0x20, 0x81, 0x00, 0x01, 0x00, 0x01, 0x00, 0x01, 
	0x00, 0x01, 0x00, 0x01, 0x00, 0x01, 0x00, 0x01, 
	0x00, 0x01, 0x00, 0x01, 0x00, 0x01, 0x00, 0x01, 
	0x00, 0x01, 0x00, 0x01, 0x00, 0x01, 0x00, 0x01, 
	0x00, 0x01, 0x10, 0x01, 0x10, 0x85, 0x51, 0x8d, 
	0x72, 0x95, 0x84, 0x21, 0x83, 0xa1, 0x84, 0xa1, 
	0xb4, 0xad, 0xff, 0xff, 0xff, 0xff, 0xff, 0xff, 
	0xff, 0xff, 0xff, 0xff, 0xff, 0xff, 0xff, 0xff, 
	0xff, 0xff, 0xff, 0xff, 0xff, 0xff, 0xff, 0xff, 
	0xff, 0xff, 0xff, 0xff, 0xff, 0xff, 0xff, 0xff, 
	0xe7, 0xff, 0xc7, 0xff, 0xc7, 0xff, 0xb7, 0xff, 
	0xa7, 0xff, 0x97, 0xbf, 0x87, 0x3f, 0x86, 0xbf, 
	0x76, 0xbf, 0x77, 0x3f, 0x87, 0xbf, 0x87, 0xbf, 
	0x97, 0xff, 0xd7, 0xff, 0xe7, 0xff, 0xe6, 0xbf, 
	0xd5, 0xb9, 0x83, 0x1d, 0x52, 0x91, 0x31, 0x8d, 
	0x72, 0x91, 0x52, 0x91, 0x20, 0x85, 0x00, 0x01, 
	0x00, 0x01, 0x00, 0x01, 0x00, 0x01, 0x00, 0x01, 
	0x00, 0x01, 0x00, 0x01, 0x00, 0x01, 0x00, 0x01, 
	0x00, 0x01, 0x00, 0x01, 0x00, 0x01, 0x00, 0x01, 
	0x00, 0x01, 0x00, 0x01, 0x00, 0x01, 0x00, 0x01, 
	0x00, 0x01, 0x00, 0x01, 0x00, 0x01, 0x10, 0x05, 
	0x20, 0x85, 0x41, 0x89, 0x62, 0x91, 0x62, 0x11, 
	0x72, 0x91, 0x93, 0x9d, 0xe6, 0x39, 0xff, 0xff, 
	0xff, 0xff, 0xff, 0xff, 0xff, 0xff, 0xff, 0xff, 
	0xff, 0xff, 0xff, 0xff, 0xff, 0xff, 0xff, 0xff, 
	0xff, 0xff, 0xff, 0xff, 0xff, 0xff, 0xff, 0xff, 
	0xd7, 0xff, 0xc7, 0xff, 0xb7, 0xff, 0xa7, 0xff, 
	0x97, 0xff, 0x87, 0xbf, 0x97, 0xbf, 0x97, 0xbf, 
	0x97, 0xff, 0xa7, 0xff, 0xb7, 0xff, 0xd7, 0xff, 
	0xf7, 0xbf, 0xe5, 0x39, 0xc4, 0x25, 0x93, 0xa5, 
	0x94, 0x1d, 0x63, 0x15, 0x41, 0x8d, 0x41, 0x85, 
	0x21, 0x05, 0x10, 0x05, 0x00, 0x01, 0x00, 0x01, 
	0x00, 0x01, 0x00, 0x01, 0x00, 0x01, 0x00, 0x01, 
	0x00, 0x01, 0x00, 0x01, 0x00, 0x01, 0x00, 0x01, 
	0x00, 0x01, 0x00, 0x01, 0x00, 0x01, 0x00, 0x01, 
	0x00, 0x01, 0x00, 0x01, 0x00, 0x01, 0x00, 0x01, 
	0x00, 0x01, 0x00, 0x01, 0x00, 0x01, 0x00, 0x01, 
	0x00, 0x01, 0x00, 0x01, 0x20, 0x85, 0x41, 0x8d, 
	0x51, 0x91, 0x52, 0x95, 0x52, 0x15, 0x62, 0x95, 
	0x62, 0x99, 0xa4, 0x25, 0xf7, 0x3f, 0xff, 0xff, 
	0xff, 0xff, 0xe6, 0xbd, 0xe6, 0x3f, 0xf7, 0x3f, 
	0xff, 0xff, 0xff, 0xff, 0xff, 0xff, 0xe7, 0xff, 
	0xe7, 0xff, 0xc7, 0xff, 0xc7, 0xff, 0xc7, 0xff, 
	0xc7, 0xff, 0xc7, 0xff, 0xd7, 0xff, 0xd7, 0xff, 
	0xf7, 0xff, 0xff, 0xff, 0xff, 0xbf, 0xc4, 0x29, 
	0x93, 0x1d, 0x73, 0x15, 0x52, 0x91, 0x31, 0x89, 
	0x52, 0x0d, 0x31, 0x8d, 0x10, 0x81, 0x10, 0x05, 
	0x00, 0x01, 0x00, 0x01, 0x00, 0x01, 0x00, 0x01, 
	0x00, 0x01, 0x00, 0x01, 0x00, 0x01, 0x00, 0x01, 
	0x00, 0x01, 0x00, 0x01, 0x00, 0x01, 0x00, 0x01, 
	0x00, 0x01, 0x00, 0x01, 0x00, 0x01, 0x00, 0x01, 
	0x00, 0x01, 0x00, 0x01, 0x00, 0x01, 0x00, 0x01, 
	0x00, 0x01, 0x00, 0x01, 0x00, 0x01, 0x00, 0x01, 
	0x00, 0x01, 0x00, 0x01, 0x00, 0x01, 0x00, 0x01, 
	0x10, 0x85, 0x20, 0x89, 0x31, 0x8d, 0x41, 0x11, 
	0x41, 0x8d, 0x41, 0x91, 0x63, 0x9d, 0xa4, 0xad, 
	0x94, 0xa9, 0x83, 0xa1, 0x73, 0x15, 0x93, 0xa5, 
	0xc4, 0xad, 0xe5, 0x31, 0xe4, 0xb5, 0xf5, 0x39, 
	0xf5, 0x3f, 0xfe, 0xbf, 0xe5, 0x3d, 0xd5, 0x31, 
	0xe5, 0x39, 0xd5, 0xb9, 0xd5, 0xb9, 0xfe, 0xbf, 
	0xf6, 0x3d, 0xc4, 0x2d, 0x93, 0x9d, 0x83, 0x19, 
	0x83, 0x99, 0x52, 0x8d, 0x31, 0x09, 0x10, 0x85, 
	0x00, 0x81, 0x10, 0x01, 0x00, 0x01, 0x00, 0x01, 
	0x00, 0x01, 0x00, 0x01, 0x00, 0x01, 0x00, 0x01, 
	0x00, 0x01, 0x00, 0x01, 0x00, 0x01, 0x00, 0x01, 
	0x00, 0x01, 0x00, 0x01, 0x00, 0x01, 0x00, 0x01, 
	0x00, 0x01, 0x00, 0x01, 0x00, 0x01, 0x00, 0x01, 
	0x00, 0x01, 0x00, 0x01, 0x00, 0x01, 0x00, 0x01, 
	0x00, 0x01, 0x00, 0x01, 0x00, 0x01, 0x00, 0x01, 
	0x00, 0x01, 0x00, 0x01, 0x00, 0x01, 0x00, 0x01, 
	0x00, 0x01, 0x00, 0x01, 0x00, 0x01, 0x00, 0x01, 
	0x10, 0x01, 0x20, 0x85, 0x20, 0x85, 0x21, 0x09, 
	0x30, 0x89, 0x41, 0x89, 0x41, 0x8d, 0x52, 0x11, 
	0x51, 0x8d, 0x31, 0x09, 0x51, 0x91, 0x93, 0x1d, 
	0xc3, 0xa5, 0xd4, 0xad, 0xe4, 0xa9, 0xe4, 0xa9, 
	0xd4, 0xa5, 0xc4, 0xa1, 0xb4, 0xa1, 0x93, 0xa1, 
	0x83, 0x95, 0x42, 0x0d, 0x31, 0x09, 0x11, 0x09, 
	0x10, 0x01, 0x10, 0x85, 0x00, 0x01, 0x00, 0x01, 
	0x00, 0x01, 0x00, 0x01, 0x00, 0x01, 0x00, 0x01, 
	0x00, 0x01, 0x00, 0x01, 0x00, 0x01, 0x00, 0x01, 
	0x00, 0x01, 0x00, 0x01, 0x00, 0x01, 0x00, 0x01, 
	0x00, 0x01, 0x00, 0x01, 0x00, 0x01, 0x00, 0x01, 
	0x00, 0x01, 0x00, 0x01, 0x00, 0x01, 0x00, 0x01, 
	0x00, 0x01, 0x00, 0x01, 0x00, 0x01, 0x00, 0x01, 
	0x00, 0x01, 0x00, 0x01, 0x00, 0x01, 0x00, 0x01, 
	0x00, 0x01, 0x00, 0x01, 0x00, 0x01, 0x00, 0x01, 
	0x00, 0x01, 0x00, 0x01, 0x00, 0x01, 0x00, 0x01, 
	0x00, 0x01, 0x00, 0x01, 0x00, 0x01, 0x00, 0x01, 
	0x10, 0x01, 0x00, 0x85, 0x10, 0x01, 0x10, 0x85, 
	0x20, 0x81, 0x10, 0x05, 0x10, 0x85, 0x31, 0x09, 
	0x31, 0x09, 0x31, 0x8d, 0x41, 0x8d, 0x31, 0x8d, 
	0x21, 0x09, 0x21, 0x05, 0x10, 0x85, 0x10, 0x01, 
	0x00, 0x85, 0x00, 0x01, 0x00, 0x01, 0x00, 0x01, 
	0x00, 0x01, 0x00, 0x01, 0x00, 0x01, 0x00, 0x01, 
	0x00, 0x01, 0x00, 0x01, 0x00, 0x01, 0x00, 0x01, 
	0x00, 0x01, 0x00, 0x01, 0x00, 0x01, 0x00, 0x01, 
	0x00, 0x01, 0x00, 0x01, 0x00, 0x01, 0x00, 0x01, 
	0x00, 0x01, 0x00, 0x01, 0x00, 0x01, 0x00, 0x01, 
	
};

Texture squishy_wing_metal_rgba16[] = {
	0x00, 0x00, 0x00, 0x00, 0x00, 0x00, 0x00, 0x00, 
	0x00, 0x00, 0x00, 0x00, 0x00, 0x00, 0x00, 0x00, 
	0x00, 0x00, 0x00, 0x00, 0x00, 0x00, 0x00, 0x00, 
	0x00, 0x00, 0x00, 0x00, 0x00, 0x00, 0x00, 0x00, 
	0x00, 0x00, 0x00, 0x00, 0x00, 0x00, 0x00, 0x00, 
	0x00, 0x00, 0x00, 0x00, 0x00, 0x00, 0x00, 0x00, 
	0x00, 0x00, 0x00, 0x00, 0x00, 0x00, 0x00, 0x00, 
	0x00, 0x00, 0x00, 0x00, 0x00, 0x00, 0x00, 0x00, 
	0x00, 0x00, 0x00, 0x00, 0x00, 0x00, 0x00, 0x00, 
	0x00, 0x00, 0x00, 0x00, 0x00, 0x00, 0x00, 0x00, 
	0x00, 0x00, 0x00, 0x00, 0x00, 0x00, 0x00, 0x00, 
	0x00, 0x00, 0x00, 0x00, 0x00, 0x00, 0x00, 0x00, 
	0x00, 0x00, 0x00, 0x00, 0x00, 0x00, 0x00, 0x00, 
	0x00, 0x00, 0x00, 0x00, 0x00, 0x00, 0x00, 0x00, 
	0x00, 0x00, 0x00, 0x00, 0x00, 0x00, 0x00, 0x00, 
	0x00, 0x00, 0x00, 0x00, 0x00, 0x00, 0x00, 0x00, 
	0x00, 0x00, 0x00, 0x00, 0x00, 0x00, 0x00, 0x00, 
	0x00, 0x00, 0x00, 0x00, 0x00, 0x00, 0x00, 0x00, 
	0x00, 0x00, 0x00, 0x00, 0x00, 0x00, 0x00, 0x00, 
	0x00, 0x00, 0x00, 0x00, 0x00, 0x00, 0x00, 0x00, 
	0x00, 0x00, 0x00, 0x00, 0x00, 0x00, 0x00, 0x00, 
	0x00, 0x00, 0x00, 0x00, 0x00, 0x00, 0x00, 0x00, 
	0x00, 0x00, 0x00, 0x00, 0x00, 0x00, 0x00, 0x00, 
	0x00, 0x00, 0x00, 0x00, 0x00, 0x00, 0x00, 0x00, 
	0x00, 0x00, 0x00, 0x00, 0x00, 0x00, 0x00, 0x00, 
	0x00, 0x00, 0x00, 0x00, 0x00, 0x00, 0x00, 0x00, 
	0x00, 0x00, 0x00, 0x00, 0x00, 0x00, 0x00, 0x00, 
	0x00, 0x00, 0x00, 0x00, 0x00, 0x00, 0x00, 0x00, 
	0x00, 0x00, 0x00, 0x00, 0x00, 0x00, 0x00, 0x00, 
	0x00, 0x00, 0x00, 0x00, 0x00, 0x00, 0x00, 0x00, 
	0x00, 0x00, 0x00, 0x00, 0x00, 0x00, 0x00, 0x00, 
	0x00, 0x00, 0x00, 0x00, 0x00, 0x00, 0x00, 0x00, 
	0x00, 0x00, 0x00, 0x00, 0x00, 0x00, 0x00, 0x00, 
	0x00, 0x00, 0x00, 0x00, 0x00, 0x00, 0x00, 0x00, 
	0x00, 0x00, 0x00, 0x00, 0x00, 0x00, 0x00, 0x00, 
	0x00, 0x00, 0x00, 0x00, 0x00, 0x00, 0x00, 0x00, 
	0x00, 0x00, 0x00, 0x00, 0x00, 0x00, 0x00, 0x00, 
	0x00, 0x00, 0x00, 0x00, 0x00, 0x00, 0x00, 0x00, 
	0x00, 0x00, 0x00, 0x00, 0x00, 0x00, 0x00, 0x00, 
	0x00, 0x00, 0x00, 0x00, 0x00, 0x00, 0x00, 0x00, 
	0x00, 0x00, 0x00, 0x00, 0x00, 0x00, 0x00, 0x00, 
	0x00, 0x00, 0x00, 0x00, 0x00, 0x00, 0x00, 0x00, 
	0x00, 0x00, 0x00, 0x00, 0x00, 0x00, 0x00, 0x00, 
	0x00, 0x00, 0x00, 0x00, 0x00, 0x00, 0x00, 0x00, 
	0x00, 0x00, 0x00, 0x00, 0x00, 0x00, 0x00, 0x00, 
	0x00, 0x00, 0x00, 0x00, 0x00, 0x00, 0x00, 0x00, 
	0x00, 0x00, 0x00, 0x00, 0x00, 0x00, 0x00, 0x00, 
	0x00, 0x00, 0x00, 0x00, 0x00, 0x00, 0x00, 0x00, 
	0x00, 0x00, 0x00, 0x00, 0x00, 0x00, 0x00, 0x00, 
	0x00, 0x00, 0x00, 0x00, 0x00, 0x00, 0x00, 0x00, 
	0x00, 0x00, 0x00, 0x00, 0x00, 0x00, 0x00, 0x00, 
	0x00, 0x00, 0x00, 0x00, 0x00, 0x00, 0x00, 0x00, 
	0x00, 0x00, 0x00, 0x00, 0x00, 0x00, 0x00, 0x00, 
	0x00, 0x00, 0x00, 0x00, 0x00, 0x00, 0x00, 0x00, 
	0x00, 0x00, 0x00, 0x00, 0x00, 0x00, 0x00, 0x00, 
	0x00, 0x00, 0x00, 0x00, 0x00, 0x00, 0x00, 0x00, 
	0x00, 0x00, 0x00, 0x00, 0x00, 0x00, 0x00, 0x00, 
	0x00, 0x00, 0x00, 0x00, 0x00, 0x00, 0x00, 0x00, 
	0x00, 0x00, 0x00, 0x00, 0x00, 0x00, 0x00, 0x00, 
	0x00, 0x00, 0x00, 0x00, 0x00, 0x00, 0x00, 0x00, 
	0x00, 0x00, 0x00, 0x00, 0x84, 0x23, 0x00, 0x00, 
	0x00, 0x00, 0x00, 0x00, 0x00, 0x00, 0x00, 0x00, 
	0x00, 0x00, 0x00, 0x00, 0x00, 0x00, 0x00, 0x00, 
	0x00, 0x00, 0x00, 0x00, 0x00, 0x00, 0x00, 0x00, 
	0x00, 0x00, 0x00, 0x00, 0x00, 0x00, 0x00, 0x00, 
	0x00, 0x00, 0x00, 0x00, 0x00, 0x00, 0x00, 0x00, 
	0x00, 0x00, 0x00, 0x00, 0x00, 0x00, 0x00, 0x00, 
	0x00, 0x00, 0x00, 0x00, 0x00, 0x00, 0x00, 0x00, 
	0x00, 0x00, 0x00, 0x00, 0x00, 0x00, 0x00, 0x00, 
	0x00, 0x00, 0x00, 0x00, 0x00, 0x00, 0x00, 0x00, 
	0x00, 0x00, 0x00, 0x00, 0x00, 0x00, 0x00, 0x00, 
	0x00, 0x00, 0x00, 0x00, 0x00, 0x00, 0x00, 0x00, 
	0x00, 0x00, 0x00, 0x00, 0x00, 0x00, 0x00, 0x00, 
	0x00, 0x00, 0x00, 0x00, 0x00, 0x00, 0x00, 0x00, 
	0x00, 0x00, 0x00, 0x00, 0x00, 0x00, 0x00, 0x00, 
	0x00, 0x00, 0x00, 0x00, 0x00, 0x00, 0x00, 0x00, 
	0x00, 0x00, 0x94, 0xe7, 0xc6, 0x31, 0x00, 0x00, 
	0x00, 0x00, 0x00, 0x00, 0x00, 0x00, 0x00, 0x00, 
	0x00, 0x00, 0x00, 0x00, 0x00, 0x00, 0x00, 0x00, 
	0x00, 0x00, 0x00, 0x00, 0x00, 0x00, 0x00, 0x00, 
	0x00, 0x00, 0x00, 0x00, 0x00, 0x00, 0x00, 0x00, 
	0x00, 0x00, 0x00, 0x00, 0x00, 0x00, 0x00, 0x00, 
	0x00, 0x00, 0x00, 0x00, 0x00, 0x00, 0x00, 0x00, 
	0x00, 0x00, 0x00, 0x00, 0x00, 0x00, 0x00, 0x00, 
	0x00, 0x00, 0x00, 0x00, 0x00, 0x00, 0x00, 0x00, 
	0x00, 0x00, 0x00, 0x00, 0x00, 0x00, 0x00, 0x00, 
	0x00, 0x00, 0x00, 0x00, 0x00, 0x00, 0x00, 0x00, 
	0x00, 0x00, 0x00, 0x00, 0x00, 0x00, 0x00, 0x00, 
	0x00, 0x00, 0x00, 0x00, 0x00, 0x00, 0x00, 0x00, 
	0x00, 0x00, 0x00, 0x00, 0x00, 0x00, 0x00, 0x00, 
	0x00, 0x00, 0x00, 0x00, 0x00, 0x00, 0x00, 0x00, 
	0x00, 0x00, 0x00, 0x00, 0x00, 0x00, 0xb5, 0xad, 
	0xbd, 0xf1, 0xde, 0xf7, 0xc6, 0x31, 0x00, 0x00, 
	0x00, 0x00, 0x00, 0x00, 0x00, 0x00, 0x00, 0x00, 
	0x00, 0x00, 0x00, 0x00, 0x00, 0x00, 0x00, 0x00, 
	0x00, 0x00, 0x00, 0x00, 0x00, 0x00, 0x00, 0x00, 
	0x00, 0x00, 0x00, 0x00, 0x00, 0x00, 0x00, 0x00, 
	0x00, 0x00, 0x00, 0x00, 0x00, 0x00, 0x00, 0x00, 
	0x00, 0x00, 0x00, 0x00, 0x00, 0x00, 0x00, 0x00, 
	0x00, 0x00, 0x00, 0x00, 0x00, 0x00, 0x00, 0x00, 
	0x00, 0x00, 0x00, 0x00, 0x00, 0x00, 0x00, 0x00, 
	0x00, 0x00, 0x00, 0x00, 0x00, 0x00, 0x00, 0x00, 
	0x00, 0x00, 0x00, 0x00, 0x00, 0x00, 0x6b, 0x5b, 
	0x73, 0x9d, 0x8c, 0x63, 0x94, 0xa5, 0xad, 0x6b, 
	0xb5, 0xad, 0xce, 0x73, 0xde, 0xf7, 0xde, 0xf7, 
	0xde, 0xf7, 0xde, 0xf7, 0xde, 0xf7, 0xde, 0xf7, 
	0xde, 0xf7, 0xde, 0xf7, 0xde, 0xf7, 0xde, 0xf7, 
	0xde, 0xf7, 0xde, 0xf7, 0xe7, 0x39, 0xe7, 0x39, 
	0xef, 0x7b, 0xdf, 0x39, 0xce, 0x73, 0x00, 0x00, 
	0x00, 0x00, 0x00, 0x00, 0x00, 0x00, 0x00, 0x00, 
	0x00, 0x00, 0x00, 0x00, 0x00, 0x00, 0x00, 0x00, 
	0x00, 0x00, 0x00, 0x00, 0x00, 0x00, 0x00, 0x00, 
	0x00, 0x00, 0x00, 0x00, 0x00, 0x00, 0x00, 0x00, 
	0x00, 0x00, 0x00, 0x00, 0x00, 0x00, 0x00, 0x00, 
	0x00, 0x00, 0x00, 0x00, 0x00, 0x00, 0x00, 0x00, 
	0x00, 0x00, 0x00, 0x00, 0x00, 0x00, 0x00, 0x00, 
	0x00, 0x00, 0x00, 0x00, 0x00, 0x00, 0x00, 0x00, 
	0x00, 0x00, 0x00, 0x00, 0x00, 0x00, 0xa5, 0x29, 
	0xad, 0x6b, 0xb5, 0xad, 0xb5, 0xad, 0xbd, 0xef, 
	0xc6, 0x31, 0xd6, 0xb5, 0xd6, 0x75, 0xce, 0x73, 
	0xce, 0x73, 0xde, 0xb7, 0xde, 0xf7, 0xde, 0xf7, 
	0xde, 0xf7, 0xde, 0xf7, 0xde, 0xf7, 0xde, 0xf7, 
	0xde, 0xf7, 0xde, 0xf7, 0xde, 0xf7, 0xde, 0xf7, 
	0xe7, 0x39, 0xef, 0x7b, 0xf7, 0xbd, 0xf7, 0xbd, 
	0xf7, 0xbd, 0xe7, 0x39, 0xc6, 0x31, 0x00, 0x00, 
	0x00, 0x00, 0x00, 0x00, 0x00, 0x00, 0x00, 0x00, 
	0x00, 0x00, 0x00, 0x00, 0x00, 0x00, 0x00, 0x00, 
	0x00, 0x00, 0x00, 0x00, 0x00, 0x00, 0x00, 0x00, 
	0x00, 0x00, 0x00, 0x00, 0x00, 0x00, 0x00, 0x00, 
	0x00, 0x00, 0x00, 0x00, 0x00, 0x00, 0x00, 0x00, 
	0x00, 0x00, 0x00, 0x00, 0x00, 0x00, 0x00, 0x00, 
	0x00, 0x00, 0x00, 0x00, 0x00, 0x00, 0x00, 0x00, 
	0x00, 0x00, 0x00, 0x00, 0x00, 0x00, 0x00, 0x00, 
	0x00, 0x00, 0x9c, 0xe7, 0x9c, 0xe7, 0xa5, 0x29, 
	0xad, 0xab, 0xce, 0x73, 0xde, 0xf7, 0xde, 0xf7, 
	0xde, 0xf7, 0xde, 0xf9, 0xe7, 0x39, 0xe7, 0x39, 
	0xe7, 0x39, 0xde, 0xf7, 0xde, 0xf7, 0xde, 0xf7, 
	0xe7, 0x39, 0xe7, 0x39, 0xe7, 0x39, 0xef, 0x7b, 
	0xef, 0x7b, 0xef, 0x7b, 0xef, 0x7b, 0xf7, 0xbd, 
	0xf7, 0xbd, 0xf7, 0xbd, 0xf7, 0xbd, 0xf7, 0xbd, 
	0xf7, 0xbd, 0xde, 0xf7, 0xb5, 0xab, 0x00, 0x00, 
	0x00, 0x00, 0x00, 0x00, 0x00, 0x00, 0x00, 0x00, 
	0x00, 0x00, 0x00, 0x00, 0x00, 0x00, 0x00, 0x00, 
	0x00, 0x00, 0x00, 0x00, 0x00, 0x00, 0x00, 0x00, 
	0x00, 0x00, 0x00, 0x00, 0x00, 0x00, 0x00, 0x00, 
	0x00, 0x00, 0x00, 0x00, 0x00, 0x00, 0x00, 0x00, 
	0x00, 0x00, 0x00, 0x00, 0x00, 0x00, 0x00, 0x00, 
	0x00, 0x00, 0x00, 0x00, 0x00, 0x00, 0x00, 0x00, 
	0x00, 0x00, 0x00, 0x00, 0x00, 0x00, 0x63, 0x17, 
	0x84, 0x21, 0x94, 0xa5, 0x9c, 0xe7, 0xa5, 0x29, 
	0xb5, 0xad, 0xce, 0x73, 0xde, 0xf5, 0xe6, 0xf7, 
	0xe7, 0x39, 0xef, 0x7b, 0xf7, 0xbd, 0xf7, 0xbd, 
	0xef, 0x7d, 0xe7, 0x39, 0xe7, 0x39, 0xef, 0xbd, 
	0xf7, 0xbd, 0xf7, 0xbd, 0xf7, 0xbd, 0xf7, 0xbd, 
	0xf7, 0xbd, 0xf7, 0xbd, 0xf7, 0xbd, 0xf7, 0xbd, 
	0xf7, 0xbd, 0xf7, 0xbd, 0xf7, 0xbd, 0xf7, 0xbd, 
	0xf7, 0xbd, 0xe7, 0x39, 0xd6, 0xb5, 0x00, 0x00, 
	0x00, 0x00, 0x00, 0x00, 0x00, 0x00, 0x00, 0x00, 
	0x00, 0x00, 0x00, 0x00, 0x00, 0x00, 0x00, 0x00, 
	0x00, 0x00, 0x00, 0x00, 0x00, 0x00, 0x00, 0x00, 
	0x00, 0x00, 0x00, 0x00, 0x00, 0x00, 0x00, 0x00, 
	0x00, 0x00, 0x00, 0x00, 0x00, 0x00, 0x00, 0x00, 
	0x00, 0x00, 0x00, 0x00, 0x00, 0x00, 0x00, 0x00, 
	0x00, 0x00, 0x00, 0x00, 0x00, 0x00, 0x00, 0x00, 
	0x00, 0x00, 0x00, 0x00, 0x63, 0x19, 0x7b, 0xdd, 
	0x8c, 0x63, 0x94, 0xa5, 0xa5, 0x29, 0xad, 0x2b, 
	0xb5, 0xad, 0xbd, 0xef, 0xc6, 0x31, 0xce, 0x73, 
	0xde, 0xf7, 0xe7, 0x39, 0xef, 0x7b, 0xf7, 0xbd, 
	0xf7, 0xbd, 0xef, 0x7b, 0xef, 0x7b, 0xf7, 0xbd, 
	0xf7, 0xbd, 0xf7, 0xbd, 0xf7, 0xbd, 0xf7, 0xbd, 
	0xf7, 0xbd, 0xf7, 0xbd, 0xf7, 0xbd, 0xf7, 0xbd, 
	0xf7, 0xbd, 0xf7, 0xbd, 0xf7, 0xbd, 0xf7, 0xbd, 
	0xf7, 0xbd, 0xef, 0x3b, 0x00, 0x00, 0x00, 0x00, 
	0x00, 0x00, 0x00, 0x00, 0x00, 0x00, 0x00, 0x00, 
	0x00, 0x00, 0x00, 0x00, 0x00, 0x00, 0x00, 0x00, 
	0x00, 0x00, 0x00, 0x00, 0x00, 0x00, 0x00, 0x00, 
	0x00, 0x00, 0x00, 0x00, 0x00, 0x00, 0x00, 0x00, 
	0x00, 0x00, 0x00, 0x00, 0x00, 0x00, 0x00, 0x00, 
	0x00, 0x00, 0x00, 0x00, 0x00, 0x00, 0x00, 0x00, 
	0x00, 0x00, 0x00, 0x00, 0x00, 0x00, 0x00, 0x00, 
	0x63, 0x1b, 0x7b, 0xdf, 0x8c, 0x63, 0x94, 0xa5, 
	0x9c, 0xe7, 0xa5, 0x29, 0xad, 0x6b, 0xb5, 0xab, 
	0xb5, 0xad, 0xbd, 0xef, 0xbe, 0x2f, 0xc6, 0x31, 
	0xce, 0x73, 0xce, 0xb5, 0xde, 0xf7, 0xe7, 0x39, 
	0xef, 0x7b, 0xe7, 0x79, 0xef, 0x7b, 0xef, 0x7b, 
	0xef, 0x7b, 0xef, 0x7b, 0xef, 0xbd, 0xf7, 0xbd, 
	0xf7, 0xbd, 0xf7, 0xbd, 0xf7, 0xbd, 0xf7, 0xbd, 
	0xf7, 0xbd, 0xf7, 0xbd, 0xf7, 0xbd, 0xf7, 0xbd, 
	0xef, 0x7b, 0xce, 0x73, 0x00, 0x00, 0x00, 0x00, 
	0x00, 0x00, 0x00, 0x00, 0x00, 0x00, 0x00, 0x00, 
	0x00, 0x00, 0x00, 0x00, 0x00, 0x00, 0x00, 0x00, 
	0x00, 0x00, 0x00, 0x00, 0x00, 0x00, 0x00, 0x00, 
	0x00, 0x00, 0x00, 0x00, 0x00, 0x00, 0x00, 0x00, 
	0x00, 0x00, 0x00, 0x00, 0x00, 0x00, 0x00, 0x00, 
	0x00, 0x00, 0x00, 0x00, 0x00, 0x00, 0x00, 0x00, 
	0x00, 0x00, 0x00, 0x00, 0x00, 0x00, 0x63, 0x19, 
	0x73, 0x9d, 0x7b, 0xe1, 0x8c, 0x23, 0x94, 0xa5, 
	0x9c, 0xe7, 0xa5, 0x29, 0xad, 0x6b, 0xb5, 0x6b, 
	0xb5, 0xad, 0xbd, 0xef, 0xbd, 0xef, 0xc6, 0x31, 
	0xc6, 0x31, 0xce, 0x73, 0xd6, 0xf7, 0xdf, 0x39, 
	0xe7, 0x39, 0xdf, 0x39, 0xdf, 0x39, 0xe7, 0x39, 
	0xe7, 0x39, 0xe7, 0x39, 0xe7, 0x3b, 0xe7, 0x7b, 
	0xef, 0xbb, 0xf7, 0xbd, 0xf7, 0xbd, 0xf7, 0xbd, 
	0xf7, 0xbd, 0xf7, 0xbd, 0xf7, 0xbd, 0xf7, 0xbd, 
	0xd6, 0xf5, 0xa5, 0x29, 0x00, 0x00, 0x00, 0x00, 
	0x00, 0x00, 0x00, 0x00, 0x00, 0x00, 0x00, 0x00, 
	0x00, 0x00, 0x00, 0x00, 0x00, 0x00, 0x00, 0x00, 
	0x00, 0x00, 0x00, 0x00, 0x00, 0x00, 0x00, 0x00, 
	0x00, 0x00, 0x00, 0x00, 0x00, 0x00, 0x00, 0x00, 
	0x00, 0x00, 0x00, 0x00, 0x00, 0x00, 0x00, 0x00, 
	0x00, 0x00, 0x00, 0x00, 0x00, 0x00, 0x00, 0x00, 
	0x00, 0x00, 0x00, 0x00, 0x5a, 0xd9, 0x6b, 0x5b, 
	0x73, 0x5d, 0x73, 0x9d, 0x73, 0x9d, 0x73, 0x9d, 
	0x84, 0x21, 0x8c, 0x63, 0x94, 0xa5, 0x94, 0xa5, 
	0xa5, 0x29, 0xb5, 0xab, 0xbd, 0xef, 0xbd, 0xef, 
	0xc6, 0x31, 0xce, 0xb5, 0xd6, 0xf7, 0xde, 0xf7, 
	0xd6, 0xb7, 0xd6, 0xb7, 0xd6, 0xb5, 0xd6, 0xb7, 
	0xd6, 0xb7, 0xd6, 0xf7, 0xd6, 0xf7, 0xdf, 0x39, 
	0xe7, 0x3b, 0xef, 0x7d, 0xf7, 0xbd, 0xf7, 0xbd, 
	0xf7, 0xbd, 0xf7, 0xbd, 0xf7, 0xbd, 0xe7, 0x39, 
	0xbd, 0xef, 0x00, 0x00, 0x00, 0x00, 0x00, 0x00, 
	0x00, 0x00, 0x00, 0x00, 0x00, 0x00, 0x00, 0x00, 
	0x00, 0x00, 0x00, 0x00, 0x00, 0x00, 0x00, 0x00, 
	0x00, 0x00, 0x00, 0x00, 0x00, 0x00, 0x00, 0x00, 
	0x00, 0x00, 0x00, 0x00, 0x00, 0x00, 0x00, 0x00, 
	0x00, 0x00, 0x00, 0x00, 0x00, 0x00, 0x00, 0x00, 
	0x00, 0x00, 0x00, 0x00, 0x00, 0x00, 0x00, 0x00, 
	0x00, 0x00, 0x00, 0x00, 0x63, 0x19, 0x6b, 0x5b, 
	0x6b, 0x5d, 0x73, 0x9d, 0x73, 0x9d, 0x7b, 0xe1, 
	0x8c, 0x63, 0x94, 0xa5, 0x94, 0xa5, 0x9c, 0xe7, 
	0x9c, 0xe7, 0xa5, 0x29, 0xa5, 0x6b, 0xb5, 0xad, 
	0xc6, 0x31, 0xce, 0xb5, 0xd6, 0xb7, 0xce, 0xb5, 
	0xc6, 0x73, 0xc6, 0x73, 0xc6, 0x73, 0xc6, 0x73, 
	0xc6, 0x75, 0xc6, 0x75, 0xc6, 0xb5, 0xce, 0xf7, 
	0xd7, 0x39, 0xe7, 0x3b, 0xe7, 0x7b, 0xef, 0x7b, 
	0xf7, 0xbd, 0xf7, 0xbd, 0xf7, 0xbd, 0xde, 0xf7, 
	0xbd, 0xef, 0x94, 0xa5, 0x7b, 0xdf, 0x00, 0x00, 
	0x00, 0x00, 0x00, 0x00, 0x00, 0x00, 0x00, 0x00, 
	0x00, 0x00, 0x00, 0x00, 0x00, 0x00, 0x73, 0x5d, 
	0x00, 0x00, 0x00, 0x00, 0x00, 0x00, 0x00, 0x00, 
	0x00, 0x00, 0x00, 0x00, 0x00, 0x00, 0x00, 0x00, 
	0x00, 0x00, 0x00, 0x00, 0x00, 0x00, 0x00, 0x00, 
	0x00, 0x00, 0x00, 0x00, 0x00, 0x00, 0x00, 0x00, 
	0x00, 0x00, 0x5b, 0x19, 0x63, 0x5b, 0x6b, 0x5d, 
	0x73, 0x9f, 0x7c, 0x21, 0x94, 0xa5, 0x9c, 0xe7, 
	0xad, 0x6b, 0xad, 0x6b, 0xad, 0xad, 0xb5, 0xad, 
	0xad, 0xad, 0xad, 0x6b, 0xad, 0x6b, 0xb5, 0xad, 
	0xbe, 0x31, 0xce, 0x73, 0xce, 0x75, 0xc6, 0x33, 
	0xbe, 0x31, 0xbe, 0x31, 0xb6, 0x33, 0xb6, 0x33, 
	0xb6, 0x33, 0xb6, 0x33, 0xb6, 0x35, 0xbe, 0x75, 
	0xc6, 0xb7, 0xce, 0xf7, 0xd6, 0xf7, 0xde, 0xf9, 
	0xef, 0x7d, 0xef, 0xbd, 0xef, 0xbd, 0xe7, 0x39, 
	0xd6, 0xb7, 0xbe, 0x31, 0xa5, 0x29, 0x9c, 0xe7, 
	0xa5, 0x29, 0xb5, 0xad, 0xc6, 0x31, 0xd6, 0xb5, 
	0xde, 0xf7, 0xd6, 0xb5, 0xb5, 0x6b, 0x73, 0x9d, 
	0x00, 0x00, 0x00, 0x00, 0x00, 0x00, 0x00, 0x00, 
	0x00, 0x00, 0x00, 0x00, 0x00, 0x00, 0x00, 0x00, 
	0x00, 0x00, 0x00, 0x00, 0x00, 0x00, 0x00, 0x00, 
	0x00, 0x00, 0x00, 0x00, 0x00, 0x00, 0x00, 0x00, 
	0x5a, 0xd7, 0x63, 0x19, 0x6b, 0x5d, 0x73, 0xdf, 
	0x84, 0x23, 0x94, 0xa5, 0x9d, 0x29, 0xa5, 0x6b, 
	0xb5, 0xad, 0xb5, 0xaf, 0xbd, 0xef, 0xbd, 0xef, 
	0xbd, 0xef, 0xbd, 0xef, 0xbd, 0xef, 0xb5, 0xaf, 
	0xbe, 0x31, 0xc6, 0x33, 0xbe, 0x31, 0xbe, 0x31, 
	0xb5, 0xf1, 0xad, 0xf1, 0xad, 0xf3, 0xa5, 0xf1, 
	0x9d, 0xf3, 0xa6, 0x35, 0xae, 0x35, 0xae, 0x33, 
	0xad, 0xf1, 0xae, 0x33, 0xb6, 0x33, 0xce, 0xb7, 
	0xe7, 0x7b, 0xef, 0xbd, 0xef, 0x7b, 0xe7, 0x39, 
	0xe7, 0x39, 0xe7, 0x39, 0xde, 0xf7, 0xce, 0x73, 
	0xe6, 0xf7, 0xf7, 0xbd, 0xf7, 0xbd, 0xf7, 0xbd, 
	0xf7, 0xbd, 0xe7, 0x39, 0xb5, 0xad, 0x73, 0xdf, 
	0x00, 0x00, 0x00, 0x00, 0x00, 0x00, 0x00, 0x00, 
	0x00, 0x00, 0x00, 0x00, 0x00, 0x00, 0x00, 0x00, 
	0x00, 0x00, 0x00, 0x00, 0x00, 0x00, 0x00, 0x00, 
	0x00, 0x00, 0x00, 0x00, 0x00, 0x00, 0x00, 0x00, 
	0x5b, 0x19, 0x63, 0x5b, 0x6b, 0x9f, 0x7c, 0x23, 
	0x84, 0xa5, 0x8c, 0xa5, 0x94, 0xe7, 0x9d, 0x2b, 
	0xa5, 0xad, 0xb5, 0xef, 0xb5, 0xf1, 0xbd, 0xef, 
	0xbe, 0x2f, 0xbe, 0x31, 0xbe, 0x31, 0xbe, 0x31, 
	0xbe, 0x31, 0xc6, 0x31, 0xb6, 0x31, 0xad, 0xf1, 
	0xad, 0xf1, 0xa5, 0xf1, 0x9d, 0xb1, 0x95, 0x6f, 
	0x95, 0x71, 0x95, 0xb1, 0x95, 0xb1, 0x95, 0x6f, 
	0x95, 0x2d, 0x95, 0x2d, 0xa5, 0xf1, 0xc6, 0xb7, 
	0xdf, 0x3b, 0xe7, 0x7b, 0xe7, 0x7b, 0xdf, 0x39, 
	0xdf, 0x39, 0xe7, 0x39, 0xe7, 0x39, 0xf7, 0xbd, 
	0xf7, 0xbd, 0xf7, 0xbd, 0xf7, 0xbd, 0xf7, 0xbd, 
	0xf7, 0xbd, 0xd6, 0xb5, 0x8c, 0x63, 0x00, 0x00, 
	0x00, 0x00, 0x00, 0x00, 0x00, 0x00, 0x00, 0x00, 
	0x00, 0x00, 0x00, 0x00, 0x00, 0x00, 0x00, 0x00, 
	0x00, 0x00, 0x00, 0x00, 0x00, 0x00, 0x00, 0x00, 
	0x00, 0x00, 0x00, 0x00, 0x00, 0x00, 0x52, 0x95, 
	0x52, 0xd9, 0x5b, 0x1b, 0x6b, 0x9f, 0x74, 0x23, 
	0x74, 0x25, 0x7c, 0x65, 0x84, 0xa5, 0x94, 0xe9, 
	0x9d, 0x6d, 0xad, 0xaf, 0xb5, 0xef, 0xbe, 0x31, 
	0xc6, 0x31, 0xc6, 0x31, 0xc6, 0x31, 0xbe, 0x31, 
	0xbe, 0x31, 0xbe, 0x31, 0xb5, 0xf1, 0xad, 0xef, 
	0xa5, 0xb1, 0x95, 0xb1, 0x8d, 0x6f, 0x7c, 0xed, 
	0x74, 0xab, 0x74, 0xab, 0x74, 0xab, 0x7c, 0xeb, 
	0x7c, 0xeb, 0x8d, 0x2d, 0xa5, 0xf3, 0xb6, 0xb7, 
	0xce, 0xf9, 0xdf, 0x3b, 0xdf, 0x3b, 0xdf, 0x39, 
	0xe7, 0x39, 0xe7, 0x7b, 0xf7, 0xbd, 0xf7, 0xbd, 
	0xf7, 0xbd, 0xf7, 0xbd, 0xf7, 0xbd, 0xf7, 0xbd, 
	0xf7, 0xbd, 0xc6, 0x31, 0x84, 0x21, 0x00, 0x00, 
	0x00, 0x00, 0x00, 0x00, 0x00, 0x00, 0x00, 0x00, 
	0x00, 0x00, 0x00, 0x00, 0x00, 0x00, 0x00, 0x00, 
	0x00, 0x00, 0x00, 0x00, 0x00, 0x00, 0x00, 0x00, 
	0x00, 0x00, 0x00, 0x00, 0x4a, 0x53, 0x52, 0xd7, 
	0x52, 0xd9, 0x5b, 0x1b, 0x5b, 0x9f, 0x63, 0xa1, 
	0x63, 0xe3, 0x6c, 0x23, 0x74, 0x65, 0x84, 0xa7, 
	0x94, 0xeb, 0x9d, 0x6d, 0xa5, 0xaf, 0xb5, 0xef, 
	0xbe, 0x31, 0xc6, 0x31, 0xbe, 0x31, 0xbe, 0x31, 
	0xbe, 0x31, 0xbd, 0xef, 0xb5, 0xf1, 0xad, 0xef, 
	0x9d, 0xaf, 0x95, 0x6d, 0x7c, 0xab, 0x6c, 0xa9, 
	0x64, 0x67, 0x5c, 0x67, 0x5c, 0x67, 0x64, 0x67, 
	0x74, 0xad, 0x8d, 0x71, 0x95, 0xf5, 0xa6, 0x35, 
	0xb6, 0x77, 0xc6, 0xf9, 0xd7, 0x39, 0xd6, 0xf9, 
	0xde, 0xf7, 0xdf, 0x39, 0xf7, 0xbd, 0xf7, 0xbd, 
	0xf7, 0xbd, 0xf7, 0xbd, 0xf7, 0xbd, 0xf7, 0xbd, 
	0xf7, 0xbd, 0xbd, 0xef, 0x84, 0x21, 0x00, 0x00, 
	0x00, 0x00, 0x00, 0x00, 0x00, 0x00, 0x00, 0x00, 
	0x00, 0x00, 0x00, 0x00, 0x00, 0x00, 0x00, 0x00, 
	0x00, 0x00, 0x00, 0x00, 0x00, 0x00, 0x00, 0x00, 
	0x00, 0x00, 0x00, 0x00, 0x4a, 0x95, 0x52, 0xd9, 
	0x53, 0x1b, 0x53, 0x1d, 0x53, 0x5d, 0x53, 0x61, 
	0x53, 0x61, 0x53, 0xa1, 0x5b, 0xe3, 0x64, 0x23, 
	0x6c, 0x25, 0x7c, 0xa5, 0x8c, 0xa7, 0x95, 0x29, 
	0xad, 0x6d, 0xb5, 0xef, 0xbd, 0xf1, 0xbd, 0xef, 
	0xbd, 0xef, 0xb5, 0xef, 0xad, 0xef, 0xa5, 0xaf, 
	0x95, 0x6f, 0x84, 0xeb, 0x74, 0xa9, 0x64, 0x67, 
	0x5c, 0x25, 0x54, 0x25, 0x54, 0x25, 0x5c, 0x69, 
	0x6c, 0xad, 0x7d, 0x31, 0x85, 0x2f, 0x95, 0xb1, 
	0xa6, 0x33, 0xae, 0x35, 0xbe, 0x75, 0xc6, 0xb7, 
	0xd6, 0xf7, 0xd6, 0xf7, 0xdf, 0x39, 0xf7, 0xbd, 
	0xf7, 0xbd, 0xf7, 0xbd, 0xf7, 0xbd, 0xef, 0xbb, 
	0xde, 0xf7, 0xb5, 0xad, 0x00, 0x00, 0x00, 0x00, 
	0x00, 0x00, 0x00, 0x00, 0x00, 0x00, 0x00, 0x00, 
	0x00, 0x00, 0x00, 0x00, 0x00, 0x00, 0x00, 0x00, 
	0x00, 0x00, 0x00, 0x00, 0x00, 0x00, 0x00, 0x00, 
	0x00, 0x00, 0x4a, 0x53, 0x52, 0xd7, 0x53, 0x19, 
	0x4a, 0xdb, 0x4a, 0xdb, 0x42, 0xdb, 0x3a, 0xdb, 
	0x3a, 0xdb, 0x3a, 0xdb, 0x42, 0xdb, 0x43, 0x1b, 
	0x4b, 0x1d, 0x53, 0x5d, 0x63, 0x9f, 0x74, 0x21, 
	0x94, 0xa5, 0xa5, 0x2b, 0xad, 0xad, 0xb5, 0xef, 
	0xb5, 0xaf, 0xad, 0xad, 0xad, 0xad, 0x9d, 0x6d, 
	0x95, 0x2b, 0x84, 0xa9, 0x74, 0xa7, 0x64, 0x67, 
	0x54, 0x25, 0x53, 0xe5, 0x4b, 0xe5, 0x54, 0x27, 
	0x5c, 0xa9, 0x5c, 0x67, 0x5c, 0x25, 0x64, 0x65, 
	0x84, 0xeb, 0x95, 0x2d, 0x9d, 0xaf, 0xb6, 0x33, 
	0xc6, 0xb7, 0xce, 0xf7, 0xdf, 0x39, 0xe7, 0x7b, 
	0xef, 0xbd, 0xe7, 0x3b, 0xde, 0xf7, 0xce, 0xb5, 
	0xce, 0x73, 0x9c, 0xe7, 0x00, 0x00, 0x00, 0x00, 
	0x00, 0x00, 0x00, 0x00, 0x00, 0x00, 0x00, 0x00, 
	0x00, 0x00, 0x00, 0x00, 0x00, 0x00, 0x00, 0x00, 
	0x00, 0x00, 0x00, 0x00, 0x00, 0x00, 0x00, 0x00, 
	0x00, 0x00, 0x52, 0x97, 0x52, 0xd7, 0x4a, 0xd7, 
	0x42, 0xd9, 0x42, 0x99, 0x3a, 0x99, 0x32, 0x99, 
	0x32, 0x99, 0x32, 0x99, 0x32, 0x99, 0x3a, 0xdb, 
	0x42, 0xdb, 0x53, 0x5d, 0x63, 0x9f, 0x7c, 0x23, 
	0x94, 0xa5, 0x9d, 0x29, 0xad, 0x6b, 0xad, 0xad, 
	0xb5, 0xad, 0xa5, 0x6b, 0x94, 0xe7, 0x94, 0xa7, 
	0x84, 0xa5, 0x74, 0x65, 0x74, 0xa7, 0x64, 0x67, 
	0x5c, 0x25, 0x53, 0xe5, 0x4b, 0xe5, 0x4b, 0xe5, 
	0x4b, 0xa3, 0x43, 0x61, 0x43, 0x5f, 0x4b, 0x5f, 
	0x5b, 0xe3, 0x6c, 0x65, 0x7c, 0xa7, 0x95, 0x2b, 
	0x9d, 0xaf, 0xb6, 0x33, 0xc6, 0x75, 0xdf, 0x3b, 
	0xdf, 0x39, 0xce, 0xb5, 0xb5, 0xef, 0xad, 0xad, 
	0xad, 0x6b, 0x00, 0x00, 0x00, 0x00, 0x00, 0x00, 
	0x00, 0x00, 0x00, 0x00, 0x00, 0x00, 0x00, 0x00, 
	0x00, 0x00, 0x00, 0x00, 0x00, 0x00, 0x00, 0x00, 
	0x00, 0x00, 0x00, 0x00, 0x00, 0x00, 0x00, 0x00, 
	0x4a, 0x95, 0x4a, 0x95, 0x4a, 0x97, 0x42, 0x97, 
	0x3a, 0x57, 0x3a, 0x57, 0x32, 0x57, 0x32, 0x99, 
	0x32, 0x99, 0x32, 0x9b, 0x32, 0xdb, 0x3a, 0xdd, 
	0x4b, 0x5f, 0x5b, 0xa1, 0x6c, 0x25, 0x84, 0xa5, 
	0x94, 0xe7, 0x9d, 0x2b, 0xa5, 0x2b, 0xad, 0x6b, 
	0xad, 0x6b, 0xa5, 0x6b, 0x94, 0xe7, 0x8c, 0xa5, 
	0x84, 0xa5, 0x7c, 0x65, 0x7c, 0xa7, 0x6c, 0xa7, 
	0x5c, 0x25, 0x5c, 0x25, 0x4b, 0xe5, 0x43, 0x63, 
	0x3b, 0x1f, 0x3b, 0x1f, 0x3b, 0x1d, 0x43, 0x1d, 
	0x4b, 0x5f, 0x53, 0xa1, 0x5b, 0xe1, 0x6c, 0x23, 
	0x84, 0xa7, 0x95, 0x6d, 0x9d, 0x6d, 0xad, 0xf1, 
	0xad, 0xaf, 0xa5, 0x6b, 0x94, 0xa7, 0x8c, 0xa5, 
	0x8c, 0x65, 0x00, 0x00, 0x00, 0x00, 0x00, 0x00, 
	0x00, 0x00, 0x00, 0x00, 0x00, 0x00, 0x00, 0x00, 
	0x00, 0x00, 0x00, 0x00, 0x00, 0x00, 0x00, 0x00, 
	0x00, 0x00, 0x00, 0x00, 0x00, 0x00, 0x00, 0x00, 
	0x4a, 0x95, 0x4a, 0x55, 0x42, 0x95, 0x42, 0x95, 
	0x3a, 0x57, 0x3a, 0x57, 0x3a, 0x99, 0x3a, 0xdb, 
	0x32, 0xdb, 0x32, 0xdd, 0x3b, 0x1d, 0x43, 0x1d, 
	0x53, 0x61, 0x63, 0xe3, 0x74, 0x65, 0x84, 0xa5, 
	0x94, 0xe7, 0x95, 0x29, 0xa5, 0x2b, 0xa5, 0x6b, 
	0xa5, 0x29, 0x9c, 0xe9, 0x94, 0xa7, 0x8c, 0xa5, 
	0x84, 0xa5, 0x84, 0xa5, 0x7c, 0xa7, 0x74, 0xa7, 
	0x64, 0x65, 0x5c, 0x25, 0x53, 0xe5, 0x4b, 0xe5, 
	0x43, 0xa3, 0x3b, 0x1f, 0x3a, 0xdd, 0x3a, 0xdd, 
	0x3b, 0x1f, 0x4b, 0x5f, 0x53, 0xa1, 0x63, 0xe3, 
	0x7c, 0xa7, 0x84, 0xa7, 0x8c, 0xa7, 0x8c, 0xa7, 
	0x84, 0xa5, 0x7c, 0x23, 0x73, 0xe1, 0x63, 0x1b, 
	0x00, 0x00, 0x00, 0x00, 0x00, 0x00, 0x00, 0x00, 
	0x00, 0x00, 0x00, 0x00, 0x00, 0x00, 0x00, 0x00, 
	0x00, 0x00, 0x00, 0x00, 0x00, 0x00, 0x00, 0x00, 
	0x00, 0x00, 0x00, 0x00, 0x00, 0x00, 0x00, 0x00, 
	0x52, 0x95, 0x52, 0x97, 0x4a, 0xd7, 0x4a, 0x97, 
	0x42, 0xd9, 0x42, 0xdb, 0x42, 0xdb, 0x3a, 0xdb, 
	0x32, 0xdb, 0x3a, 0xdd, 0x3b, 0x1d, 0x4b, 0x5f, 
	0x5b, 0xa3, 0x6c, 0x25, 0x7c, 0xa5, 0x8c, 0xa7, 
	0x94, 0xe7, 0x94, 0xe9, 0x9c, 0xe9, 0x9d, 0x29, 
	0x9c, 0xe9, 0x94, 0xe7, 0x94, 0xa5, 0x8c, 0xa5, 
	0x8c, 0xa5, 0x84, 0xa5, 0x7c, 0xa7, 0x74, 0xa7, 
	0x6c, 0x67, 0x5c, 0x25, 0x53, 0xe5, 0x54, 0x27, 
	0x4c, 0x27, 0x3b, 0x61, 0x32, 0xdd, 0x32, 0xdd, 
	0x3b, 0x1f, 0x43, 0x1f, 0x4b, 0xa1, 0x53, 0xa3, 
	0x63, 0xe3, 0x63, 0xe3, 0x63, 0xe1, 0x6b, 0xe1, 
	0x6b, 0xa1, 0x5b, 0x1b, 0x4a, 0x55, 0x00, 0x00, 
	0x00, 0x00, 0x00, 0x00, 0x00, 0x00, 0x00, 0x00, 
	0x00, 0x00, 0x00, 0x00, 0x00, 0x00, 0x00, 0x00, 
	0x00, 0x00, 0x00, 0x00, 0x00, 0x00, 0x00, 0x00, 
	0x00, 0x00, 0x00, 0x00, 0x00, 0x00, 0x4a, 0x55, 
	0x5a, 0xd7, 0x5a, 0xd9, 0x52, 0xd9, 0x53, 0x1b, 
	0x4b, 0x1b, 0x4b, 0x1d, 0x42, 0xdb, 0x3a, 0xdd, 
	0x3b, 0x1d, 0x43, 0x1d, 0x43, 0x5f, 0x4b, 0xa1, 
	0x5b, 0xe3, 0x74, 0x65, 0x84, 0xa7, 0x8c, 0xa7, 
	0x94, 0xe9, 0x94, 0xe9, 0x94, 0xe7, 0x94, 0xe7, 
	0x94, 0xa7, 0x94, 0xa7, 0x94, 0xa5, 0x94, 0xa5, 
	0x8c, 0xa7, 0x8c, 0xa7, 0x84, 0xa7, 0x74, 0xa7, 
	0x6c, 0xa7, 0x64, 0x67, 0x5c, 0x67, 0x54, 0x69, 
	0x43, 0xe7, 0x33, 0x21, 0x2a, 0x9d, 0x32, 0xdd, 
	0x32, 0xdf, 0x3b, 0x1f, 0x43, 0x61, 0x53, 0xa1, 
	0x53, 0x5f, 0x53, 0x1d, 0x53, 0x1d, 0x53, 0x5d, 
	0x4a, 0xd9, 0x00, 0x00, 0x00, 0x00, 0x00, 0x00, 
	0x00, 0x00, 0x00, 0x00, 0x00, 0x00, 0x00, 0x00, 
	0x00, 0x00, 0x00, 0x00, 0x00, 0x00, 0x00, 0x00, 
	0x00, 0x00, 0x00, 0x00, 0x00, 0x00, 0x00, 0x00, 
	0x00, 0x00, 0x00, 0x00, 0x00, 0x00, 0x5a, 0xd7, 
	0x63, 0x5b, 0x63, 0x5b, 0x5b, 0x5b, 0x5b, 0x5b, 
	0x53, 0x1b, 0x4b, 0x1b, 0x4b, 0x1d, 0x4b, 0x5f, 
	0x4b, 0x5f, 0x4b, 0x5f, 0x4b, 0x5f, 0x5b, 0xa1, 
	0x63, 0xe5, 0x74, 0x65, 0x84, 0xa7, 0x8c, 0xa7, 
	0x94, 0xa7, 0x94, 0xe7, 0x94, 0xa7, 0x94, 0xa7, 
	0x94, 0xa7, 0x94, 0xa7, 0x94, 0xa7, 0x94, 0xe7, 
	0x94, 0xe9, 0x94, 0xe9, 0x84, 0xe9, 0x74, 0xa7, 
	0x6c, 0x69, 0x64, 0x69, 0x5c, 0xab, 0x54, 0x69, 
	0x3b, 0x65, 0x2a, 0xdf, 0x2a, 0xdf, 0x2a, 0xdf, 
	0x32, 0xdf, 0x3b, 0x1f, 0x43, 0x5f, 0x4b, 0x5f, 
	0x4b, 0x1d, 0x4b, 0x1d, 0x00, 0x00, 0x00, 0x00, 
	0x00, 0x00, 0x00, 0x00, 0x00, 0x00, 0x00, 0x00, 
	0x00, 0x00, 0x00, 0x00, 0x00, 0x00, 0x00, 0x00, 
	0x00, 0x00, 0x00, 0x00, 0x00, 0x00, 0x00, 0x00, 
	0x00, 0x00, 0x00, 0x00, 0x00, 0x00, 0x00, 0x00, 
	0x00, 0x00, 0x00, 0x00, 0x52, 0xd7, 0x63, 0x1b, 
	0x6b, 0x5b, 0x63, 0x5b, 0x5b, 0x1b, 0x53, 0x1b, 
	0x53, 0x1b, 0x53, 0x5d, 0x5b, 0xe1, 0x64, 0x23, 
	0x5b, 0xa1, 0x53, 0xa1, 0x5b, 0xa1, 0x5b, 0xa1, 
	0x6c, 0x23, 0x74, 0x65, 0x84, 0xa7, 0x8c, 0xa7, 
	0x8c, 0xa7, 0x8c, 0xa7, 0x8c, 0xa7, 0x8c, 0xa7, 
	0x8c, 0xa7, 0x8c, 0xa7, 0x8c, 0xa9, 0x8c, 0xe9, 
	0x8c, 0xeb, 0x95, 0x2b, 0x8d, 0x2d, 0x7c, 0xed, 
	0x6c, 0xab, 0x64, 0xab, 0x5c, 0xad, 0x43, 0xe7, 
	0x33, 0x21, 0x2a, 0xdf, 0x2a, 0xdf, 0x2a, 0xdf, 
	0x32, 0xdf, 0x3b, 0x1f, 0x43, 0x1f, 0x43, 0x1d, 
	0x4b, 0x1d, 0x00, 0x00, 0x00, 0x00, 0x00, 0x00, 
	0x00, 0x00, 0x00, 0x00, 0x00, 0x00, 0x00, 0x00, 
	0x00, 0x00, 0x00, 0x00, 0x00, 0x00, 0x00, 0x00, 
	0x00, 0x00, 0x00, 0x00, 0x00, 0x00, 0x00, 0x00, 
	0x00, 0x00, 0x00, 0x00, 0x00, 0x00, 0x00, 0x00, 
	0x00, 0x00, 0x00, 0x00, 0x5a, 0xd7, 0x63, 0x19, 
	0x5a, 0xd7, 0x5b, 0x19, 0x63, 0x5d, 0x63, 0x9f, 
	0x6b, 0xe1, 0x6c, 0x23, 0x74, 0xa5, 0x74, 0x65, 
	0x74, 0x65, 0x7c, 0x65, 0x74, 0x65, 0x6c, 0x23, 
	0x6b, 0xe3, 0x74, 0x23, 0x7c, 0x65, 0x7c, 0xa5, 
	0x84, 0xa7, 0x84, 0xa7, 0x84, 0xa7, 0x84, 0xa7, 
	0x7c, 0xa9, 0x84, 0xa7, 0x7c, 0xa9, 0x84, 0xa9, 
	0x85, 0x2d, 0x8d, 0x6f, 0x8d, 0x71, 0x7d, 0x31, 
	0x64, 0xf1, 0x5c, 0xaf, 0x4c, 0x6d, 0x3b, 0xa5, 
	0x2a, 0xe1, 0x2a, 0xdf, 0x2a, 0xdf, 0x2a, 0xdf, 
	0x32, 0xdf, 0x3b, 0x1f, 0x43, 0x1d, 0x4b, 0x5f, 
	0x5b, 0xa3, 0x7c, 0xeb, 0x00, 0x00, 0x00, 0x00, 
	0x00, 0x00, 0x00, 0x00, 0x00, 0x00, 0x00, 0x00, 
	0x00, 0x00, 0x00, 0x00, 0x00, 0x00, 0x00, 0x00, 
	0x00, 0x00, 0x00, 0x00, 0x00, 0x00, 0x00, 0x00, 
	0x00, 0x00, 0x00, 0x00, 0x00, 0x00, 0x00, 0x00, 
	0x00, 0x00, 0x00, 0x00, 0x5a, 0xd7, 0x5a, 0xd7, 
	0x63, 0x5b, 0x7c, 0x23, 0x8c, 0xa5, 0x94, 0xa9, 
	0x94, 0xe9, 0x94, 0xe9, 0x94, 0xe7, 0x94, 0xe7, 
	0x94, 0xe7, 0x94, 0xe7, 0x94, 0xa5, 0x8c, 0xa5, 
	0x7c, 0x65, 0x74, 0x25, 0x74, 0x25, 0x74, 0x65, 
	0x74, 0x65, 0x74, 0x65, 0x74, 0x65, 0x74, 0x65, 
	0x74, 0xa7, 0x74, 0xa7, 0x74, 0xa9, 0x74, 0xab, 
	0x7d, 0x2d, 0x85, 0x71, 0x7d, 0x73, 0x6d, 0x33, 
	0x5c, 0xf1, 0x4c, 0xaf, 0x43, 0xe9, 0x33, 0x63, 
	0x2b, 0x21, 0x2a, 0xdf, 0x2a, 0xdf, 0x2a, 0xdf, 
	0x32, 0xdd, 0x43, 0x1f, 0x4b, 0x5f, 0x53, 0xa1, 
	0x7c, 0xab, 0x9d, 0xf5, 0x9e, 0x37, 0x00, 0x00, 
	0x00, 0x00, 0x00, 0x00, 0x00, 0x00, 0x00, 0x00, 
	0x00, 0x00, 0x00, 0x00, 0x00, 0x00, 0x00, 0x00, 
	0x00, 0x00, 0x00, 0x00, 0x00, 0x00, 0x00, 0x00, 
	0x00, 0x00, 0x00, 0x00, 0x00, 0x00, 0x00, 0x00, 
	0x00, 0x00, 0x52, 0x95, 0x5a, 0xd7, 0x6b, 0x5d, 
	0x84, 0x63, 0x94, 0xa5, 0x94, 0xe7, 0x95, 0x29, 
	0x95, 0x29, 0x95, 0x29, 0x94, 0xe5, 0x94, 0xa5, 
	0x94, 0xa5, 0x94, 0xa5, 0x94, 0xa5, 0x94, 0xa5, 
	0x8c, 0xa5, 0x7c, 0xa5, 0x74, 0x65, 0x6c, 0x25, 
	0x6c, 0x25, 0x6c, 0x25, 0x64, 0x25, 0x64, 0x25, 
	0x64, 0x65, 0x6c, 0xa7, 0x6c, 0xa9, 0x74, 0xed, 
	0x7d, 0x31, 0x7d, 0x73, 0x6d, 0x33, 0x5c, 0xf1, 
	0x54, 0xaf, 0x4c, 0x6b, 0x3b, 0xe7, 0x33, 0x23, 
	0x32, 0xdf, 0x2a, 0xdf, 0x32, 0xdf, 0x33, 0x1f, 
	0x43, 0x1f, 0x4b, 0x5f, 0x5b, 0xe3, 0x7c, 0xa7, 
	0x9d, 0xf3, 0xae, 0x77, 0xa6, 0x35, 0x95, 0x2d, 
	0x00, 0x00, 0x00, 0x00, 0x00, 0x00, 0x00, 0x00, 
	0x00, 0x00, 0x00, 0x00, 0x00, 0x00, 0x00, 0x00, 
	0x00, 0x00, 0x00, 0x00, 0x00, 0x00, 0x00, 0x00, 
	0x00, 0x00, 0x00, 0x00, 0x00, 0x00, 0x00, 0x00, 
	0x00, 0x00, 0x63, 0x19, 0x7b, 0xdf, 0x8c, 0x65, 
	0x94, 0xa5, 0x94, 0xe7, 0x94, 0xe7, 0x9d, 0x27, 
	0x94, 0xe7, 0x94, 0xa5, 0x94, 0xa3, 0x8c, 0xa3, 
	0x8c, 0xa1, 0x8c, 0xa3, 0x8c, 0xa3, 0x8c, 0xa3, 
	0x94, 0xa3, 0x8c, 0xa5, 0x7c, 0x65, 0x74, 0x65, 
	0x6c, 0x65, 0x6c, 0x25, 0x64, 0x25, 0x64, 0x25, 
	0x64, 0x67, 0x6c, 0xad, 0x74, 0xef, 0x75, 0x31, 
	0x75, 0x33, 0x6d, 0x33, 0x64, 0xf1, 0x5c, 0xaf, 
	0x54, 0xad, 0x44, 0x29, 0x3b, 0xa5, 0x33, 0x21, 
	0x2a, 0xdf, 0x2a, 0xdf, 0x32, 0xdf, 0x3b, 0x1f, 
	0x53, 0xa3, 0x63, 0xe3, 0x7c, 0xa9, 0xa5, 0xf3, 
	0xbe, 0xb9, 0xb6, 0xb7, 0x9d, 0xaf, 0x84, 0xa5, 
	0x00, 0x00, 0x00, 0x00, 0x00, 0x00, 0x00, 0x00, 
	0x00, 0x00, 0x00, 0x00, 0x00, 0x00, 0x00, 0x00, 
	0x00, 0x00, 0x00, 0x00, 0x00, 0x00, 0x00, 0x00, 
	0x00, 0x00, 0x00, 0x00, 0x00, 0x00, 0x00, 0x00, 
	0x00, 0x00, 0x83, 0xe1, 0x8c, 0xa5, 0x94, 0xa5, 
	0x94, 0xa5, 0x94, 0xe5, 0x94, 0xe7, 0x94, 0xe5, 
	0x94, 0xa5, 0x8c, 0xa3, 0x8c, 0x61, 0x8c, 0x61, 
	0x8c, 0x61, 0x8c, 0xa1, 0x8c, 0xa1, 0x8c, 0xa1, 
	0x8c, 0xa1, 0x8c, 0xa3, 0x84, 0xa5, 0x7c, 0xa5, 
	0x74, 0x65, 0x74, 0x65, 0x6c, 0x65, 0x64, 0x65, 
	0x6c, 0xa9, 0x7d, 0x73, 0x7d, 0x73, 0x75, 0x33, 
	0x6d, 0x31, 0x64, 0xf1, 0x5c, 0xaf, 0x54, 0xad, 
	0x54, 0x69, 0x4c, 0x27, 0x43, 0xa5, 0x3b, 0x63, 
	0x3b, 0x61, 0x43, 0x61, 0x4b, 0xa1, 0x5b, 0xe5, 
	0x74, 0xa7, 0x8c, 0xeb, 0xa5, 0xf3, 0xc6, 0xf9, 
	0xcf, 0x3b, 0xbe, 0x75, 0x94, 0xe9, 0x74, 0x21, 
	0x00, 0x00, 0x00, 0x00, 0x00, 0x00, 0x00, 0x00, 
	0x00, 0x00, 0x00, 0x00, 0x00, 0x00, 0x00, 0x00, 
	0x00, 0x00, 0x00, 0x00, 0x00, 0x00, 0x00, 0x00, 
	0x00, 0x00, 0x00, 0x00, 0x00, 0x00, 0x00, 0x00, 
	0x6b, 0x5d, 0x8c, 0x63, 0x8c, 0xa5, 0x94, 0xa5, 
	0x94, 0xa5, 0x94, 0xa5, 0x94, 0xa5, 0x8c, 0xa3, 
	0x8c, 0x61, 0x8c, 0x61, 0x84, 0x5f, 0x84, 0x5f, 
	0x84, 0x5d, 0x84, 0x5f, 0x84, 0x5f, 0x8c, 0x9f, 
	0x8c, 0xa1, 0x94, 0xa5, 0x8c, 0xe7, 0x8c, 0xa9, 
	0x84, 0xa7, 0x7c, 0xa9, 0x7c, 0xa9, 0x7c, 0xeb, 
	0x85, 0x71, 0x8d, 0xb5, 0x85, 0x73, 0x7d, 0x31, 
	0x75, 0x31, 0x6d, 0x31, 0x6c, 0xef, 0x64, 0xad, 
	0x64, 0xab, 0x5c, 0x69, 0x54, 0x25, 0x53, 0xe5, 
	0x5b, 0xe5, 0x5c, 0x25, 0x6c, 0x65, 0x84, 0xab, 
	0x95, 0x6f, 0xad, 0xf3, 0xc6, 0xb7, 0xce, 0xf9, 
	0xce, 0xf7, 0xb5, 0xef, 0x8c, 0xa5, 0x00, 0x00, 
	0x00, 0x00, 0x00, 0x00, 0x00, 0x00, 0x00, 0x00, 
	0x00, 0x00, 0x00, 0x00, 0x00, 0x00, 0x00, 0x00, 
	0x00, 0x00, 0x00, 0x00, 0x00, 0x00, 0x00, 0x00, 
	0x00, 0x00, 0x00, 0x00, 0x00, 0x00, 0x00, 0x00, 
	0x6b, 0x5b, 0x84, 0x21, 0x84, 0x61, 0x84, 0x61, 
	0x8c, 0x63, 0x8c, 0x63, 0x8c, 0x61, 0x8c, 0x61, 
	0x84, 0x5f, 0x84, 0x5f, 0x84, 0x5d, 0x84, 0x5d, 
	0x84, 0x5b, 0x84, 0x9d, 0x8c, 0x9d, 0x8c, 0x9f, 
	0x94, 0xe3, 0x95, 0x27, 0x9d, 0x6b, 0x9d, 0xaf, 
	0x9d, 0xaf, 0x9d, 0xf3, 0x9e, 0x35, 0x9e, 0x77, 
	0x9e, 0x79, 0x95, 0xf7, 0x8d, 0xb3, 0x85, 0x71, 
	0x7d, 0x71, 0x7d, 0x71, 0x7d, 0x31, 0x7d, 0x2f, 
	0x74, 0xed, 0x74, 0xab, 0x6c, 0xa9, 0x74, 0xa9, 
	0x74, 0xa9, 0x7c, 0xa9, 0x95, 0x2d, 0xa5, 0xf1, 
	0xb6, 0x33, 0xb6, 0x33, 0xc6, 0x75, 0xce, 0xb7, 
	0xbe, 0x31, 0x9d, 0x29, 0x00, 0x00, 0x00, 0x00, 
	0x00, 0x00, 0x00, 0x00, 0x00, 0x00, 0x00, 0x00, 
	0x00, 0x00, 0x00, 0x00, 0x00, 0x00, 0x00, 0x00, 
	0x00, 0x00, 0x00, 0x00, 0x00, 0x00, 0x00, 0x00, 
	0x00, 0x00, 0x00, 0x00, 0x00, 0x00, 0x00, 0x00, 
	0x6b, 0x5b, 0x7b, 0xdf, 0x73, 0x9d, 0x7b, 0xdd, 
	0x7b, 0xdf, 0x7c, 0x1f, 0x84, 0x1f, 0x84, 0x61, 
	0x84, 0x5f, 0x84, 0x5d, 0x84, 0x5b, 0x84, 0x5b, 
	0x8c, 0x9d, 0x94, 0xa1, 0x94, 0xe3, 0x94, 0xe5, 
	0x9d, 0x67, 0xad, 0xad, 0xb6, 0x31, 0xbe, 0x75, 
	0xc6, 0xf9, 0xc7, 0x3b, 0xbe, 0xfb, 0xb6, 0xfb, 
	0xae, 0xb9, 0x9e, 0x35, 0x8d, 0x71, 0x8d, 0x2f, 
	0x8d, 0x73, 0x95, 0xb3, 0x95, 0xb3, 0x8d, 0x71, 
	0x8d, 0x71, 0x8d, 0x6f, 0x8d, 0x2f, 0x95, 0x6f, 
	0x95, 0x6f, 0xa5, 0xb1, 0xae, 0x33, 0xbe, 0x75, 
	0xb5, 0xf1, 0xad, 0xaf, 0xbd, 0xf1, 0xb5, 0xef, 
	0xa5, 0x29, 0x00, 0x00, 0x00, 0x00, 0x00, 0x00, 
	0x00, 0x00, 0x00, 0x00, 0x00, 0x00, 0x00, 0x00, 
	0x00, 0x00, 0x00, 0x00, 0x00, 0x00, 0x00, 0x00, 
	0x00, 0x00, 0x00, 0x00, 0x00, 0x00, 0x00, 0x00, 
	0x00, 0x00, 0x00, 0x00, 0x00, 0x00, 0x00, 0x00, 
	0x62, 0xd9, 0x6b, 0x5b, 0x6b, 0x5b, 0x73, 0x9d, 
	0x7b, 0xdf, 0x84, 0x21, 0x8c, 0x61, 0x8c, 0x5f, 
	0x84, 0x5d, 0x7c, 0x5b, 0x7c, 0x5b, 0x84, 0x5b, 
	0x8c, 0x9d, 0x94, 0xe1, 0xa5, 0x65, 0xad, 0xeb, 
	0xbe, 0x2f, 0xbe, 0x73, 0xc6, 0xb5, 0xce, 0xf7, 
	0xd7, 0x39, 0xcf, 0x3b, 0xcf, 0x3b, 0xc6, 0xfb, 
	0xb6, 0xb7, 0xa5, 0xf3, 0x95, 0x2d, 0x8d, 0x2d, 
	0x95, 0x6f, 0x95, 0xf3, 0x9d, 0xf5, 0x9d, 0xf3, 
	0x9d, 0xf3, 0xa5, 0xf3, 0xa5, 0xf3, 0xad, 0xf3, 
	0xb6, 0x35, 0xbe, 0x75, 0xc6, 0xb7, 0xc6, 0x73, 
	0xad, 0xad, 0xad, 0x6b, 0xad, 0x6b, 0xa5, 0x29, 
	0x00, 0x00, 0x00, 0x00, 0x00, 0x00, 0x00, 0x00, 
	0x00, 0x00, 0x00, 0x00, 0x00, 0x00, 0x00, 0x00, 
	0x00, 0x00, 0x00, 0x00, 0x00, 0x00, 0x00, 0x00, 
	0x00, 0x00, 0x00, 0x00, 0x00, 0x00, 0x00, 0x00, 
	0x00, 0x00, 0x00, 0x00, 0x00, 0x00, 0x00, 0x00, 
	0x5a, 0xd7, 0x6b, 0x5b, 0x73, 0x9d, 0x84, 0x1f, 
	0x84, 0x61, 0x8c, 0xa1, 0x8c, 0xa1, 0x8c, 0x9f, 
	0x84, 0x5b, 0x7c, 0x19, 0x7c, 0x19, 0x84, 0x9b, 
	0x94, 0xdd, 0x9d, 0x63, 0xad, 0xe9, 0xbe, 0x2f, 
	0xc6, 0x73, 0xc6, 0xb5, 0xce, 0xb5, 0xce, 0xb7, 
	0xce, 0xf7, 0xce, 0xf7, 0xd6, 0xf9, 0xce, 0xf9, 
	0xbe, 0x75, 0x9d, 0xaf, 0x94, 0xeb, 0x8c, 0xa9, 
	0x8c, 0xeb, 0x95, 0x6f, 0x9d, 0xb1, 0xa5, 0xf3, 
	0xae, 0x33, 0xb6, 0x35, 0xbe, 0x75, 0xbe, 0x75, 
	0xc6, 0xb5, 0xce, 0xb7, 0xce, 0xb7, 0xc6, 0x31, 
	0xb5, 0xad, 0xa5, 0x6b, 0x9d, 0x29, 0x00, 0x00, 
	0x00, 0x00, 0x00, 0x00, 0x00, 0x00, 0x00, 0x00, 
	0x00, 0x00, 0x00, 0x00, 0x00, 0x00, 0x00, 0x00, 
	0x00, 0x00, 0x00, 0x00, 0x00, 0x00, 0x00, 0x00, 
	0x00, 0x00, 0x00, 0x00, 0x00, 0x00, 0x00, 0x00, 
	0x00, 0x00, 0x00, 0x00, 0x00, 0x00, 0x42, 0x53, 
	0x63, 0x19, 0x73, 0x9d, 0x7c, 0x1f, 0x8c, 0x61, 
	0x8c, 0xa1, 0x8c, 0xa1, 0x8c, 0x9f, 0x84, 0x9d, 
	0x7c, 0x59, 0x7c, 0x17, 0x74, 0x15, 0x74, 0x57, 
	0x8c, 0x9b, 0x9d, 0x63, 0xad, 0xe7, 0xbe, 0x2d, 
	0xc6, 0x71, 0xc6, 0x73, 0xc6, 0x73, 0xc6, 0x75, 
	0xce, 0xb5, 0xce, 0xb5, 0xce, 0xb5, 0xce, 0xb7, 
	0xc6, 0xb7, 0xb6, 0x33, 0x9d, 0x6d, 0x8c, 0xa7, 
	0x84, 0xa5, 0x84, 0xa7, 0x8c, 0xa7, 0x95, 0x2b, 
	0x9d, 0x6d, 0xa5, 0xaf, 0xad, 0xef, 0xbe, 0x31, 
	0xc6, 0x73, 0xd6, 0xf7, 0xde, 0xf7, 0xd6, 0xb5, 
	0xc6, 0x31, 0x00, 0x00, 0x00, 0x00, 0x00, 0x00, 
	0x00, 0x00, 0x00, 0x00, 0x00, 0x00, 0x00, 0x00, 
	0x00, 0x00, 0x00, 0x00, 0x00, 0x00, 0x00, 0x00, 
	0x00, 0x00, 0x00, 0x00, 0x00, 0x00, 0x00, 0x00, 
	0x00, 0x00, 0x00, 0x00, 0x00, 0x00, 0x00, 0x00, 
	0x00, 0x00, 0x00, 0x00, 0x00, 0x00, 0x52, 0x95, 
	0x73, 0x9d, 0x7c, 0x1f, 0x84, 0x21, 0x84, 0x61, 
	0x8c, 0x5f, 0x8c, 0x9f, 0x84, 0x9d, 0x84, 0x59, 
	0x7c, 0x57, 0x74, 0x15, 0x74, 0x13, 0x74, 0x13, 
	0x84, 0x97, 0x95, 0x5f, 0xad, 0xa5, 0xb5, 0xeb, 
	0xbd, 0xef, 0xbd, 0xef, 0xbd, 0xf1, 0xbe, 0x31, 
	0xbe, 0x31, 0xbe, 0x31, 0xbe, 0x31, 0xbe, 0x31, 
	0xbe, 0x73, 0xc6, 0x77, 0xbe, 0x75, 0xae, 0x33, 
	0x95, 0x6d, 0x8c, 0xa7, 0x84, 0x65, 0x84, 0x65, 
	0x84, 0xa5, 0x8c, 0xa5, 0x9d, 0x29, 0xb5, 0xf1, 
	0xd6, 0xf7, 0xe7, 0x7b, 0xe7, 0x7b, 0xde, 0xf7, 
	0x00, 0x00, 0x00, 0x00, 0x00, 0x00, 0x00, 0x00, 
	0x00, 0x00, 0x00, 0x00, 0x00, 0x00, 0x00, 0x00, 
	0x00, 0x00, 0x00, 0x00, 0x00, 0x00, 0x00, 0x00, 
	0x00, 0x00, 0x00, 0x00, 0x00, 0x00, 0x00, 0x00, 
	0x00, 0x00, 0x00, 0x00, 0x00, 0x00, 0x00, 0x00, 
	0x00, 0x00, 0x00, 0x00, 0x00, 0x00, 0x73, 0x9d, 
	0x8c, 0x61, 0x8c, 0x61, 0x8c, 0x61, 0x84, 0x5f, 
	0x84, 0x5d, 0x84, 0x5b, 0x84, 0x59, 0x7c, 0x57, 
	0x7c, 0x55, 0x74, 0x13, 0x6c, 0x13, 0x74, 0x53, 
	0x7c, 0x95, 0x94, 0xdb, 0x9d, 0x65, 0xad, 0xa9, 
	0xb5, 0xab, 0xb5, 0xad, 0xad, 0xad, 0xad, 0xad, 
	0xad, 0xad, 0xad, 0xad, 0xad, 0x6b, 0xad, 0x6b, 
	0xad, 0xaf, 0xb6, 0x31, 0xc6, 0xb7, 0xbe, 0xb7, 
	0xae, 0x33, 0x94, 0xe9, 0x7c, 0x65, 0x6b, 0xe1, 
	0x73, 0xe1, 0x8c, 0xa5, 0xa5, 0x6d, 0xce, 0xb7, 
	0xe7, 0x7b, 0xf7, 0xbd, 0xef, 0x7b, 0xc6, 0x31, 
	0x00, 0x00, 0x00, 0x00, 0x00, 0x00, 0x00, 0x00, 
	0x00, 0x00, 0x00, 0x00, 0x00, 0x00, 0x00, 0x00, 
	0x00, 0x00, 0x00, 0x00, 0x00, 0x00, 0x00, 0x00, 
	0x00, 0x00, 0x00, 0x00, 0x00, 0x00, 0x00, 0x00, 
	0x00, 0x00, 0x00, 0x00, 0x00, 0x00, 0x00, 0x00, 
	0x00, 0x00, 0x00, 0x00, 0x00, 0x00, 0x7b, 0xdf, 
	0x8c, 0xa3, 0x8c, 0xa3, 0x8c, 0xa1, 0x8c, 0x5f, 
	0x84, 0x5b, 0x7c, 0x59, 0x7c, 0x57, 0x7c, 0x55, 
	0x74, 0x55, 0x6c, 0x13, 0x6b, 0xd1, 0x74, 0x53, 
	0x7c, 0x95, 0x84, 0x95, 0x95, 0x1f, 0xa5, 0x65, 
	0xad, 0x67, 0xad, 0x69, 0xad, 0x69, 0xad, 0x69, 
	0xa5, 0x69, 0xa5, 0x69, 0xa5, 0x29, 0x9c, 0xe7, 
	0x9c, 0xe9, 0xa5, 0x6b, 0xb6, 0x33, 0xc6, 0xb5, 
	0x9d, 0x6d, 0x84, 0x65, 0x63, 0x5d, 0x63, 0x5d, 
	0x84, 0x65, 0x95, 0x29, 0xad, 0xaf, 0xce, 0xb5, 
	0xe7, 0x7b, 0xde, 0xf7, 0xad, 0x6b, 0x00, 0x00, 
	0x00, 0x00, 0x00, 0x00, 0x00, 0x00, 0x00, 0x00, 
	0x00, 0x00, 0x00, 0x00, 0x00, 0x00, 0x00, 0x00, 
	0x00, 0x00, 0x00, 0x00, 0x00, 0x00, 0x00, 0x00, 
	0x00, 0x00, 0x00, 0x00, 0x00, 0x00, 0x00, 0x00, 
	0x00, 0x00, 0x00, 0x00, 0x00, 0x00, 0x00, 0x00, 
	0x00, 0x00, 0x00, 0x00, 0x00, 0x00, 0x73, 0x9d, 
	0x8c, 0x61, 0x8c, 0xa1, 0x8c, 0x9f, 0x8c, 0x9d, 
	0x84, 0x59, 0x7c, 0x57, 0x7c, 0x15, 0x7c, 0x55, 
	0x74, 0x13, 0x6b, 0xd1, 0x6b, 0xcf, 0x6c, 0x11, 
	0x74, 0x51, 0x74, 0x51, 0x84, 0x97, 0x95, 0x1f, 
	0x9d, 0x65, 0x9d, 0x65, 0xa5, 0x65, 0xa5, 0x27, 
	0xa5, 0x67, 0xa5, 0x27, 0xa5, 0x27, 0x94, 0xa5, 
	0x94, 0xa5, 0x94, 0xe7, 0x9d, 0x2b, 0xb6, 0x31, 
	0xa5, 0x6d, 0x6b, 0xdf, 0x4a, 0x97, 0x6b, 0x9d, 
	0x84, 0xa5, 0x95, 0x29, 0xa5, 0x6b, 0xad, 0xad, 
	0xb5, 0xef, 0x94, 0xa5, 0x00, 0x00, 0x00, 0x00, 
	0x00, 0x00, 0x00, 0x00, 0x00, 0x00, 0x00, 0x00, 
	0x00, 0x00, 0x00, 0x00, 0x00, 0x00, 0x00, 0x00, 
	0x00, 0x00, 0x00, 0x00, 0x00, 0x00, 0x00, 0x00, 
	0x00, 0x00, 0x00, 0x00, 0x00, 0x00, 0x00, 0x00, 
	0x00, 0x00, 0x00, 0x00, 0x00, 0x00, 0x00, 0x00, 
	0x00, 0x00, 0x00, 0x00, 0x5a, 0xd7, 0x7b, 0xdf, 
	0x8c, 0x61, 0x8c, 0x9f, 0x8c, 0x9f, 0x84, 0x5b, 
	0x7c, 0x57, 0x7c, 0x15, 0x74, 0x13, 0x74, 0x13, 
	0x74, 0x11, 0x6b, 0xcf, 0x63, 0xcf, 0x63, 0xcd, 
	0x5b, 0xcd, 0x5b, 0xcd, 0x6c, 0x51, 0x84, 0x97, 
	0x8c, 0xdb, 0x95, 0x21, 0x95, 0x23, 0x94, 0xe5, 
	0x9d, 0x25, 0x94, 0xe5, 0x94, 0xa5, 0x94, 0xa5, 
	0x94, 0xa5, 0x94, 0xa5, 0x94, 0xe7, 0xa5, 0xad, 
	0xad, 0xaf, 0x73, 0xdf, 0x4a, 0x55, 0x52, 0xd7, 
	0x7c, 0x21, 0x8c, 0xa5, 0x94, 0xe7, 0xa5, 0x69, 
	0x94, 0xe5, 0x00, 0x00, 0x00, 0x00, 0x00, 0x00, 
	0x00, 0x00, 0x00, 0x00, 0x00, 0x00, 0x00, 0x00, 
	0x00, 0x00, 0x00, 0x00, 0x00, 0x00, 0x00, 0x00, 
	0x00, 0x00, 0x00, 0x00, 0x00, 0x00, 0x00, 0x00, 
	0x00, 0x00, 0x00, 0x00, 0x00, 0x00, 0x00, 0x00, 
	0x00, 0x00, 0x00, 0x00, 0x00, 0x00, 0x00, 0x00, 
	0x00, 0x00, 0x00, 0x00, 0x84, 0x1f, 0x8c, 0x61, 
	0x8c, 0xa1, 0x8c, 0x5f, 0x84, 0x5d, 0x84, 0x59, 
	0x7c, 0x17, 0x7c, 0x15, 0x74, 0x13, 0x74, 0x11, 
	0x6c, 0x0f, 0x6b, 0xcf, 0x5b, 0xcd, 0x5b, 0x8b, 
	0x53, 0x0b, 0x4b, 0x0b, 0x63, 0xcf, 0x74, 0x53, 
	0x7c, 0x97, 0x8c, 0x9b, 0x94, 0x9f, 0x8c, 0xa1, 
	0x8c, 0xa1, 0x84, 0x5f, 0x8c, 0x61, 0x8c, 0xa3, 
	0x94, 0xa3, 0x94, 0xa5, 0x94, 0xe7, 0x9d, 0x29, 
	0x9d, 0x29, 0x73, 0xdf, 0x4a, 0x95, 0x52, 0xd7, 
	0x84, 0x61, 0x8c, 0xa5, 0x94, 0xa5, 0x00, 0x00, 
	0x00, 0x00, 0x00, 0x00, 0x00, 0x00, 0x00, 0x00, 
	0x00, 0x00, 0x00, 0x00, 0x00, 0x00, 0x00, 0x00, 
	0x00, 0x00, 0x00, 0x00, 0x00, 0x00, 0x00, 0x00, 
	0x00, 0x00, 0x00, 0x00, 0x00, 0x00, 0x00, 0x00, 
	0x00, 0x00, 0x00, 0x00, 0x00, 0x00, 0x00, 0x00, 
	0x00, 0x00, 0x00, 0x00, 0x00, 0x00, 0x00, 0x00, 
	0x00, 0x00, 0x00, 0x00, 0x84, 0x21, 0x84, 0x21, 
	0x8c, 0x5f, 0x8c, 0x5f, 0x84, 0x5b, 0x84, 0x59, 
	0x7c, 0x57, 0x7c, 0x55, 0x74, 0x53, 0x74, 0x11, 
	0x6c, 0x0f, 0x6c, 0x0f, 0x63, 0xcd, 0x53, 0x8b, 
	0x42, 0xc9, 0x42, 0xc9, 0x4b, 0x0b, 0x63, 0xcf, 
	0x6c, 0x13, 0x74, 0x57, 0x7c, 0x59, 0x7c, 0x5b, 
	0x74, 0x1b, 0x6b, 0x99, 0x7b, 0xdd, 0x8c, 0x61, 
	0x94, 0xa5, 0xa5, 0x27, 0xad, 0xab, 0x9d, 0x27, 
	0x84, 0x61, 0x73, 0x9d, 0x63, 0x5b, 0x6b, 0x5b, 
	0x84, 0x61, 0x00, 0x00, 0x00, 0x00, 0x00, 0x00, 
	0x00, 0x00, 0x00, 0x00, 0x00, 0x00, 0x00, 0x00, 
	0x00, 0x00, 0x00, 0x00, 0x00, 0x00, 0x00, 0x00, 
	0x00, 0x00, 0x00, 0x00, 0x00, 0x00, 0x00, 0x00, 
	0x00, 0x00, 0x00, 0x00, 0x00, 0x00, 0x00, 0x00, 
	0x00, 0x00, 0x00, 0x00, 0x00, 0x00, 0x00, 0x00, 
	0x00, 0x00, 0x00, 0x00, 0x00, 0x00, 0x00, 0x00, 
	0x00, 0x00, 0x00, 0x00, 0x84, 0x1f, 0x84, 0x1f, 
	0x8c, 0x61, 0x84, 0x5d, 0x84, 0x5b, 0x84, 0x59, 
	0x84, 0x57, 0x7c, 0x55, 0x7c, 0x53, 0x74, 0x53, 
	0x74, 0x51, 0x74, 0x51, 0x6c, 0x0f, 0x63, 0xcf, 
	0x53, 0x0d, 0x4a, 0xcb, 0x42, 0xcb, 0x4b, 0x0b, 
	0x53, 0x0f, 0x5b, 0x53, 0x63, 0x93, 0x63, 0x95, 
	0x63, 0x55, 0x63, 0x57, 0x7b, 0xdb, 0x94, 0xa1, 
	0x9d, 0x25, 0xb5, 0xeb, 0xbe, 0x2f, 0x9d, 0x27, 
	0x84, 0x61, 0x6b, 0x9b, 0x63, 0x59, 0x63, 0x59, 
	0x6b, 0x99, 0x00, 0x00, 0x00, 0x00, 0x00, 0x00, 
	0x00, 0x00, 0x00, 0x00, 0x00, 0x00, 0x00, 0x00, 
	0x00, 0x00, 0x00, 0x00, 0x00, 0x00, 0x00, 0x00, 
	0x00, 0x00, 0x00, 0x00, 0x00, 0x00, 0x00, 0x00, 
	0x00, 0x00, 0x00, 0x00, 0x00, 0x00, 0x00, 0x00, 
	0x00, 0x00, 0x00, 0x00, 0x00, 0x00, 0x00, 0x00, 
	0x00, 0x00, 0x00, 0x00, 0x00, 0x00, 0x00, 0x00, 
	0x00, 0x00, 0x00, 0x00, 0x84, 0x21, 0x84, 0x61, 
	0x8c, 0xa1, 0x8c, 0x9d, 0x8c, 0x5b, 0x84, 0x59, 
	0x7c, 0x17, 0x74, 0x15, 0x7c, 0x15, 0x74, 0x55, 
	0x7c, 0x55, 0x84, 0x95, 0x7c, 0x55, 0x74, 0x13, 
	0x6c, 0x11, 0x63, 0xcf, 0x53, 0x4d, 0x4b, 0x0d, 
	0x42, 0xcb, 0x42, 0x8d, 0x42, 0x8d, 0x52, 0xd1, 
	0x63, 0x55, 0x6b, 0xd9, 0x7c, 0x5b, 0x8c, 0x9f, 
	0x9d, 0x25, 0xb5, 0xeb, 0xc6, 0x6f, 0xad, 0xeb, 
	0x8c, 0xa3, 0x74, 0x1d, 0x63, 0x99, 0x5b, 0x17, 
	0x4a, 0x93, 0x00, 0x00, 0x00, 0x00, 0x00, 0x00, 
	0x00, 0x00, 0x00, 0x00, 0x00, 0x00, 0x00, 0x00, 
	0x00, 0x00, 0x00, 0x00, 0x00, 0x00, 0x00, 0x00, 
	0x00, 0x00, 0x00, 0x00, 0x00, 0x00, 0x00, 0x00, 
	0x00, 0x00, 0x00, 0x00, 0x00, 0x00, 0x00, 0x00, 
	0x00, 0x00, 0x00, 0x00, 0x00, 0x00, 0x00, 0x00, 
	0x00, 0x00, 0x00, 0x00, 0x00, 0x00, 0x00, 0x00, 
	0x00, 0x00, 0x00, 0x00, 0x8c, 0x61, 0x94, 0xa3, 
	0x94, 0xa3, 0x94, 0x9f, 0x8c, 0x9d, 0x84, 0x5b, 
	0x73, 0xd7, 0x6b, 0x97, 0x6b, 0xd5, 0x6b, 0xd5, 
	0x6b, 0xd5, 0x74, 0x17, 0x74, 0x17, 0x6b, 0xd3, 
	0x74, 0x55, 0x63, 0xd1, 0x53, 0x0d, 0x42, 0x8b, 
	0x3a, 0x4b, 0x3a, 0x4b, 0x42, 0x8d, 0x53, 0x11, 
	0x63, 0x53, 0x6b, 0xd7, 0x74, 0x19, 0x7c, 0x5b, 
	0x94, 0x9f, 0xa5, 0xa7, 0xb6, 0x29, 0xa5, 0xa7, 
	0x94, 0xe3, 0x84, 0x9f, 0x7c, 0x9d, 0x7c, 0x5d, 
	0x6b, 0xd9, 0x00, 0x00, 0x00, 0x00, 0x00, 0x00, 
	0x00, 0x00, 0x00, 0x00, 0x00, 0x00, 0x00, 0x00, 
	0x00, 0x00, 0x00, 0x00, 0x00, 0x00, 0x00, 0x00, 
	0x00, 0x00, 0x00, 0x00, 0x00, 0x00, 0x00, 0x00, 
	0x00, 0x00, 0x00, 0x00, 0x00, 0x00, 0x00, 0x00, 
	0x00, 0x00, 0x00, 0x00, 0x00, 0x00, 0x00, 0x00, 
	0x00, 0x00, 0x00, 0x00, 0x00, 0x00, 0x00, 0x00, 
	0x00, 0x00, 0x00, 0x00, 0x94, 0xa3, 0x94, 0xa5, 
	0x94, 0xa5, 0x94, 0xa1, 0x8c, 0x9f, 0x84, 0x5d, 
	0x73, 0xd9, 0x6b, 0x97, 0x6b, 0x57, 0x6b, 0x55, 
	0x63, 0x55, 0x63, 0x53, 0x63, 0x55, 0x52, 0xd1, 
	0x5b, 0x11, 0x63, 0x53, 0x53, 0x0f, 0x42, 0x8d, 
	0x3a, 0x4b, 0x3a, 0x4b, 0x42, 0x8f, 0x52, 0xd1, 
	0x5b, 0x13, 0x63, 0x55, 0x73, 0xd7, 0x7c, 0x19, 
	0x84, 0x5b, 0x94, 0xe1, 0x94, 0xe3, 0x7c, 0x5b, 
	0x6b, 0xd9, 0x63, 0x97, 0x5b, 0x55, 0x00, 0x00, 
	0x00, 0x00, 0x00, 0x00, 0x00, 0x00, 0x00, 0x00, 
	0x00, 0x00, 0x00, 0x00, 0x00, 0x00, 0x00, 0x00, 
	0x00, 0x00, 0x00, 0x00, 0x00, 0x00, 0x00, 0x00, 
	0x00, 0x00, 0x00, 0x00, 0x00, 0x00, 0x00, 0x00, 
	0x00, 0x00, 0x00, 0x00, 0x00, 0x00, 0x00, 0x00, 
	0x00, 0x00, 0x00, 0x00, 0x00, 0x00, 0x00, 0x00, 
	0x00, 0x00, 0x00, 0x00, 0x00, 0x00, 0x00, 0x00, 
	0x00, 0x00, 0x00, 0x00, 0x94, 0xa5, 0x94, 0xa5, 
	0x94, 0xa5, 0x94, 0xa3, 0x94, 0xa1, 0x94, 0xa1, 
	0x84, 0x1f, 0x7b, 0xdb, 0x6b, 0x99, 0x63, 0x57, 
	0x5a, 0xd5, 0x52, 0xd3, 0x4a, 0x91, 0x42, 0x4f, 
	0x3a, 0x0d, 0x4a, 0x8f, 0x5b, 0x11, 0x52, 0xd1, 
	0x42, 0x4d, 0x3a, 0x4d, 0x42, 0x8f, 0x4a, 0xd1, 
	0x53, 0x13, 0x5b, 0x53, 0x6b, 0x97, 0x6b, 0xd7, 
	0x73, 0xd7, 0x84, 0x5b, 0x84, 0x9d, 0x5b, 0x55, 
	0x4a, 0x91, 0x42, 0x4f, 0x00, 0x00, 0x00, 0x00, 
	0x00, 0x00, 0x00, 0x00, 0x00, 0x00, 0x00, 0x00, 
	0x00, 0x00, 0x00, 0x00, 0x00, 0x00, 0x00, 0x00, 
	0x00, 0x00, 0x00, 0x00, 0x00, 0x00, 0x00, 0x00, 
	0x00, 0x00, 0x00, 0x00, 0x00, 0x00, 0x00, 0x00, 
	0x00, 0x00, 0x00, 0x00, 0x00, 0x00, 0x00, 0x00, 
	0x00, 0x00, 0x00, 0x00, 0x00, 0x00, 0x00, 0x00, 
	0x00, 0x00, 0x00, 0x00, 0x00, 0x00, 0x00, 0x00, 
	0x00, 0x00, 0x00, 0x00, 0x94, 0xa5, 0x94, 0xa5, 
	0x94, 0xa5, 0x94, 0xe5, 0x94, 0xe5, 0x94, 0xa5, 
	0x94, 0xa3, 0x8c, 0xa1, 0x84, 0x1f, 0x73, 0xdb, 
	0x63, 0x17, 0x52, 0x93, 0x52, 0x93, 0x4a, 0x51, 
	0x42, 0x51, 0x52, 0xd3, 0x52, 0xd3, 0x4a, 0xd1, 
	0x42, 0x0d, 0x3a, 0x0d, 0x42, 0x4f, 0x52, 0xd3, 
	0x63, 0x55, 0x63, 0x57, 0x63, 0x55, 0x63, 0x55, 
	0x6b, 0x97, 0x74, 0x19, 0x74, 0x19, 0x00, 0x00, 
	0x00, 0x00, 0x00, 0x00, 0x00, 0x00, 0x00, 0x00, 
	0x00, 0x00, 0x00, 0x00, 0x00, 0x00, 0x00, 0x00, 
	0x00, 0x00, 0x00, 0x00, 0x00, 0x00, 0x00, 0x00, 
	0x00, 0x00, 0x00, 0x00, 0x00, 0x00, 0x00, 0x00, 
	0x00, 0x00, 0x00, 0x00, 0x00, 0x00, 0x00, 0x00, 
	0x00, 0x00, 0x00, 0x00, 0x00, 0x00, 0x00, 0x00, 
	0x00, 0x00, 0x00, 0x00, 0x00, 0x00, 0x00, 0x00, 
	0x00, 0x00, 0x00, 0x00, 0x00, 0x00, 0x00, 0x00, 
	0x00, 0x00, 0x00, 0x00, 0x94, 0xa5, 0x94, 0xa5, 
	0x94, 0xa5, 0x94, 0xa5, 0x94, 0xa5, 0x94, 0xe5, 
	0x9c, 0xe5, 0x9c, 0xe5, 0x94, 0xa5, 0x84, 0x61, 
	0x73, 0x9b, 0x63, 0x19, 0x5b, 0x17, 0x5a, 0xd5, 
	0x52, 0x93, 0x4a, 0x91, 0x42, 0x4f, 0x3a, 0x0d, 
	0x3a, 0x0d, 0x3a, 0x0d, 0x42, 0x4f, 0x52, 0xd3, 
	0x63, 0x57, 0x63, 0x97, 0x63, 0x55, 0x5b, 0x13, 
	0x00, 0x00, 0x00, 0x00, 0x00, 0x00, 0x00, 0x00, 
	0x00, 0x00, 0x00, 0x00, 0x00, 0x00, 0x00, 0x00, 
	0x00, 0x00, 0x00, 0x00, 0x00, 0x00, 0x00, 0x00, 
	0x00, 0x00, 0x00, 0x00, 0x00, 0x00, 0x00, 0x00, 
	0x00, 0x00, 0x00, 0x00, 0x00, 0x00, 0x00, 0x00, 
	0x00, 0x00, 0x00, 0x00, 0x00, 0x00, 0x00, 0x00, 
	0x00, 0x00, 0x00, 0x00, 0x00, 0x00, 0x00, 0x00, 
	0x00, 0x00, 0x00, 0x00, 0x00, 0x00, 0x00, 0x00, 
	0x00, 0x00, 0x00, 0x00, 0x00, 0x00, 0x00, 0x00, 
	0x00, 0x00, 0x00, 0x00, 0x8c, 0x63, 0x94, 0xa5, 
	0x94, 0xa5, 0x94, 0xa5, 0x94, 0xa5, 0x94, 0xa5, 
	0x9c, 0xe5, 0xa5, 0x27, 0x9c, 0xe7, 0x94, 0xa5, 
	0x7b, 0xdf, 0x7b, 0xdf, 0x63, 0x59, 0x52, 0xd5, 
	0x4a, 0x93, 0x42, 0x0f, 0x42, 0x0f, 0x42, 0x0f, 
	0x42, 0x0f, 0x39, 0xcd, 0x3a, 0x0d, 0x4a, 0x93, 
	0x5b, 0x15, 0x63, 0x57, 0x63, 0x55, 0x5b, 0x15, 
	0x00, 0x00, 0x00, 0x00, 0x00, 0x00, 0x00, 0x00, 
	0x00, 0x00, 0x00, 0x00, 0x00, 0x00, 0x00, 0x00, 
	0x00, 0x00, 0x00, 0x00, 0x00, 0x00, 0x00, 0x00, 
	0x00, 0x00, 0x00, 0x00, 0x00, 0x00, 0x00, 0x00, 
	0x00, 0x00, 0x00, 0x00, 0x00, 0x00, 0x00, 0x00, 
	0x00, 0x00, 0x00, 0x00, 0x00, 0x00, 0x00, 0x00, 
	0x00, 0x00, 0x00, 0x00, 0x00, 0x00, 0x00, 0x00, 
	0x00, 0x00, 0x00, 0x00, 0x00, 0x00, 0x00, 0x00, 
	0x00, 0x00, 0x00, 0x00, 0x00, 0x00, 0x00, 0x00, 
	0x00, 0x00, 0x00, 0x00, 0x84, 0x21, 0x94, 0xa5, 
	0x94, 0xa5, 0x94, 0xa5, 0x94, 0xa5, 0x94, 0xa5, 
	0x94, 0xa5, 0x9c, 0xe5, 0x9c, 0xe7, 0x9c, 0xa5, 
	0x94, 0xa3, 0x8c, 0x61, 0x73, 0x9d, 0x63, 0x19, 
	0x5a, 0xd5, 0x52, 0x93, 0x42, 0x51, 0x3a, 0x0f, 
	0x31, 0x8d, 0x31, 0x8b, 0x42, 0x11, 0x63, 0x17, 
	0x6b, 0x59, 0x63, 0x57, 0x63, 0x57, 0x5b, 0x15, 
	0x00, 0x00, 0x00, 0x00, 0x00, 0x00, 0x00, 0x00, 
	0x00, 0x00, 0x00, 0x00, 0x00, 0x00, 0x00, 0x00, 
	0x00, 0x00, 0x00, 0x00, 0x00, 0x00, 0x00, 0x00, 
	0x00, 0x00, 0x00, 0x00, 0x00, 0x00, 0x00, 0x00, 
	0x00, 0x00, 0x00, 0x00, 0x00, 0x00, 0x00, 0x00, 
	0x00, 0x00, 0x00, 0x00, 0x00, 0x00, 0x00, 0x00, 
	0x00, 0x00, 0x00, 0x00, 0x00, 0x00, 0x00, 0x00, 
	0x00, 0x00, 0x00, 0x00, 0x00, 0x00, 0x00, 0x00, 
	0x00, 0x00, 0x00, 0x00, 0x00, 0x00, 0x00, 0x00, 
	0x00, 0x00, 0x00, 0x00, 0x84, 0x21, 0x94, 0xa5, 
	0x94, 0xa5, 0x94, 0xa5, 0x94, 0xa5, 0x94, 0xa5, 
	0x94, 0xa5, 0x94, 0xa5, 0x9c, 0xe5, 0x94, 0xe5, 
	0x94, 0xa5, 0x8c, 0x63, 0x8c, 0x63, 0x8c, 0x63, 
	0x84, 0x21, 0x7b, 0xdd, 0x63, 0x59, 0x42, 0x11, 
	0x31, 0x8d, 0x3a, 0x0f, 0x5a, 0xd5, 0x6b, 0x99, 
	0x6b, 0x99, 0x6b, 0x59, 0x63, 0x57, 0x00, 0x00, 
	0x00, 0x00, 0x00, 0x00, 0x00, 0x00, 0x00, 0x00, 
	0x00, 0x00, 0x00, 0x00, 0x00, 0x00, 0x00, 0x00, 
	0x00, 0x00, 0x00, 0x00, 0x00, 0x00, 0x00, 0x00, 
	0x00, 0x00, 0x00, 0x00, 0x00, 0x00, 0x00, 0x00, 
	0x00, 0x00, 0x00, 0x00, 0x00, 0x00, 0x00, 0x00, 
	0x00, 0x00, 0x00, 0x00, 0x00, 0x00, 0x00, 0x00, 
	0x00, 0x00, 0x00, 0x00, 0x00, 0x00, 0x00, 0x00, 
	0x00, 0x00, 0x00, 0x00, 0x00, 0x00, 0x00, 0x00, 
	0x00, 0x00, 0x00, 0x00, 0x00, 0x00, 0x00, 0x00, 
	0x00, 0x00, 0x00, 0x00, 0x8c, 0x63, 0x8c, 0x63, 
	0x94, 0xa5, 0x94, 0xa5, 0x94, 0xa5, 0x94, 0xa3, 
	0x8c, 0x63, 0x94, 0xa5, 0x94, 0xa5, 0x94, 0xa5, 
	0x94, 0xa5, 0x94, 0xa3, 0x84, 0x1f, 0x63, 0x59, 
	0x63, 0x17, 0x5b, 0x17, 0x52, 0xd5, 0x4a, 0x51, 
	0x42, 0x0f, 0x4a, 0x93, 0x5b, 0x15, 0x5b, 0x57, 
	0x5b, 0x15, 0x4a, 0x51, 0x00, 0x00, 0x00, 0x00, 
	0x00, 0x00, 0x00, 0x00, 0x00, 0x00, 0x00, 0x00, 
	0x00, 0x00, 0x00, 0x00, 0x00, 0x00, 0x00, 0x00, 
	0x00, 0x00, 0x00, 0x00, 0x00, 0x00, 0x00, 0x00, 
	0x00, 0x00, 0x00, 0x00, 0x00, 0x00, 0x00, 0x00, 
	0x00, 0x00, 0x00, 0x00, 0x00, 0x00, 0x00, 0x00, 
	0x00, 0x00, 0x00, 0x00, 0x00, 0x00, 0x00, 0x00, 
	0x00, 0x00, 0x00, 0x00, 0x00, 0x00, 0x00, 0x00, 
	0x00, 0x00, 0x00, 0x00, 0x00, 0x00, 0x00, 0x00, 
	0x00, 0x00, 0x00, 0x00, 0x00, 0x00, 0x00, 0x00, 
	0x00, 0x00, 0x00, 0x00, 0x00, 0x00, 0x84, 0x21, 
	0x94, 0xa5, 0x94, 0xa5, 0x94, 0xa5, 0x94, 0xa5, 
	0x84, 0x1f, 0x00, 0x00, 0x00, 0x00, 0x00, 0x00, 
	0x84, 0x21, 0x84, 0x1f, 0x6b, 0x9b, 0x52, 0x93, 
	0x4a, 0x93, 0x52, 0xd3, 0x4a, 0x93, 0x42, 0x51, 
	0x4a, 0x91, 0x52, 0x93, 0x4a, 0x93, 0x42, 0x51, 
	0x00, 0x00, 0x00, 0x00, 0x00, 0x00, 0x00, 0x00, 
	0x00, 0x00, 0x00, 0x00, 0x00, 0x00, 0x00, 0x00, 
	0x00, 0x00, 0x00, 0x00, 0x00, 0x00, 0x00, 0x00, 
	0x00, 0x00, 0x00, 0x00, 0x00, 0x00, 0x00, 0x00, 
	0x00, 0x00, 0x00, 0x00, 0x00, 0x00, 0x00, 0x00, 
	0x00, 0x00, 0x00, 0x00, 0x00, 0x00, 0x00, 0x00, 
	0x00, 0x00, 0x00, 0x00, 0x00, 0x00, 0x00, 0x00, 
	0x00, 0x00, 0x00, 0x00, 0x00, 0x00, 0x00, 0x00, 
	0x00, 0x00, 0x00, 0x00, 0x00, 0x00, 0x00, 0x00, 
	0x00, 0x00, 0x00, 0x00, 0x00, 0x00, 0x00, 0x00, 
	0x00, 0x00, 0x00, 0x00, 0x00, 0x00, 0x7b, 0xdf, 
	0x8c, 0x63, 0x94, 0xa5, 0x94, 0xa5, 0x7b, 0xdf, 
	0x00, 0x00, 0x00, 0x00, 0x00, 0x00, 0x00, 0x00, 
	0x00, 0x00, 0x00, 0x00, 0x00, 0x00, 0x00, 0x00, 
	0x00, 0x00, 0x00, 0x00, 0x00, 0x00, 0x00, 0x00, 
	0x00, 0x00, 0x00, 0x00, 0x00, 0x00, 0x00, 0x00, 
	0x00, 0x00, 0x00, 0x00, 0x00, 0x00, 0x00, 0x00, 
	0x00, 0x00, 0x00, 0x00, 0x00, 0x00, 0x00, 0x00, 
	0x00, 0x00, 0x00, 0x00, 0x00, 0x00, 0x00, 0x00, 
	0x00, 0x00, 0x00, 0x00, 0x00, 0x00, 0x00, 0x00, 
	0x00, 0x00, 0x00, 0x00, 0x00, 0x00, 0x00, 0x00, 
	0x00, 0x00, 0x00, 0x00, 0x00, 0x00, 0x00, 0x00, 
	0x00, 0x00, 0x00, 0x00, 0x00, 0x00, 0x00, 0x00, 
	0x00, 0x00, 0x00, 0x00, 0x00, 0x00, 0x00, 0x00, 
	0x00, 0x00, 0x00, 0x00, 0x00, 0x00, 0x00, 0x00, 
	0x00, 0x00, 0x00, 0x00, 0x00, 0x00, 0x00, 0x00, 
	0x00, 0x00, 0x00, 0x00, 0x00, 0x00, 0x7b, 0xdf, 
	0x84, 0x21, 0x84, 0x21, 0x7b, 0xdf, 0x00, 0x00, 
	0x00, 0x00, 0x00, 0x00, 0x00, 0x00, 0x00, 0x00, 
	0x00, 0x00, 0x00, 0x00, 0x00, 0x00, 0x00, 0x00, 
	0x00, 0x00, 0x00, 0x00, 0x00, 0x00, 0x00, 0x00, 
	0x00, 0x00, 0x00, 0x00, 0x00, 0x00, 0x00, 0x00, 
	0x00, 0x00, 0x00, 0x00, 0x00, 0x00, 0x00, 0x00, 
	0x00, 0x00, 0x00, 0x00, 0x00, 0x00, 0x00, 0x00, 
	0x00, 0x00, 0x00, 0x00, 0x00, 0x00, 0x00, 0x00, 
	0x00, 0x00, 0x00, 0x00, 0x00, 0x00, 0x00, 0x00, 
	0x00, 0x00, 0x00, 0x00, 0x00, 0x00, 0x00, 0x00, 
	0x00, 0x00, 0x00, 0x00, 0x00, 0x00, 0x00, 0x00, 
	0x00, 0x00, 0x00, 0x00, 0x00, 0x00, 0x00, 0x00, 
	0x00, 0x00, 0x00, 0x00, 0x00, 0x00, 0x00, 0x00, 
	0x00, 0x00, 0x00, 0x00, 0x00, 0x00, 0x00, 0x00, 
	0x00, 0x00, 0x00, 0x00, 0x00, 0x00, 0x00, 0x00, 
	0x00, 0x00, 0x00, 0x00, 0x00, 0x00, 0x00, 0x00, 
	0x7b, 0xdf, 0x6b, 0x5b, 0x00, 0x00, 0x00, 0x00, 
	0x00, 0x00, 0x00, 0x00, 0x00, 0x00, 0x00, 0x00, 
	0x00, 0x00, 0x00, 0x00, 0x00, 0x00, 0x00, 0x00, 
	0x00, 0x00, 0x00, 0x00, 0x00, 0x00, 0x00, 0x00, 
	0x00, 0x00, 0x00, 0x00, 0x00, 0x00, 0x00, 0x00, 
	0x00, 0x00, 0x00, 0x00, 0x00, 0x00, 0x00, 0x00, 
	0x00, 0x00, 0x00, 0x00, 0x00, 0x00, 0x00, 0x00, 
	0x00, 0x00, 0x00, 0x00, 0x00, 0x00, 0x00, 0x00, 
	0x00, 0x00, 0x00, 0x00, 0x00, 0x00, 0x00, 0x00, 
	0x00, 0x00, 0x00, 0x00, 0x00, 0x00, 0x00, 0x00, 
	0x00, 0x00, 0x00, 0x00, 0x00, 0x00, 0x00, 0x00, 
	0x00, 0x00, 0x00, 0x00, 0x00, 0x00, 0x00, 0x00, 
	0x00, 0x00, 0x00, 0x00, 0x00, 0x00, 0x00, 0x00, 
	0x00, 0x00, 0x00, 0x00, 0x00, 0x00, 0x00, 0x00, 
	0x00, 0x00, 0x00, 0x00, 0x00, 0x00, 0x00, 0x00, 
	0x00, 0x00, 0x00, 0x00, 0x00, 0x00, 0x00, 0x00, 
	0x00, 0x00, 0x00, 0x00, 0x00, 0x00, 0x00, 0x00, 
	0x00, 0x00, 0x00, 0x00, 0x00, 0x00, 0x00, 0x00, 
	0x00, 0x00, 0x00, 0x00, 0x00, 0x00, 0x00, 0x00, 
	0x00, 0x00, 0x00, 0x00, 0x00, 0x00, 0x00, 0x00, 
	0x00, 0x00, 0x00, 0x00, 0x00, 0x00, 0x00, 0x00, 
	0x00, 0x00, 0x00, 0x00, 0x00, 0x00, 0x00, 0x00, 
	0x00, 0x00, 0x00, 0x00, 0x00, 0x00, 0x00, 0x00, 
	0x00, 0x00, 0x00, 0x00, 0x00, 0x00, 0x00, 0x00, 
	0x00, 0x00, 0x00, 0x00, 0x00, 0x00, 0x00, 0x00, 
	0x00, 0x00, 0x00, 0x00, 0x00, 0x00, 0x00, 0x00, 
	0x00, 0x00, 0x00, 0x00, 0x00, 0x00, 0x00, 0x00, 
	0x00, 0x00, 0x00, 0x00, 0x00, 0x00, 0x00, 0x00, 
	0x00, 0x00, 0x00, 0x00, 0x00, 0x00, 0x00, 0x00, 
	0x00, 0x00, 0x00, 0x00, 0x00, 0x00, 0x00, 0x00, 
	0x00, 0x00, 0x00, 0x00, 0x00, 0x00, 0x00, 0x00, 
	0x00, 0x00, 0x00, 0x00, 0x00, 0x00, 0x00, 0x00, 
	0x00, 0x00, 0x00, 0x00, 0x00, 0x00, 0x00, 0x00, 
	0x00, 0x00, 0x00, 0x00, 0x00, 0x00, 0x00, 0x00, 
	0x00, 0x00, 0x00, 0x00, 0x00, 0x00, 0x00, 0x00, 
	0x00, 0x00, 0x00, 0x00, 0x00, 0x00, 0x00, 0x00, 
	0x00, 0x00, 0x00, 0x00, 0x00, 0x00, 0x00, 0x00, 
	0x00, 0x00, 0x00, 0x00, 0x00, 0x00, 0x00, 0x00, 
	0x00, 0x00, 0x00, 0x00, 0x00, 0x00, 0x00, 0x00, 
	0x00, 0x00, 0x00, 0x00, 0x00, 0x00, 0x00, 0x00, 
	0x00, 0x00, 0x00, 0x00, 0x00, 0x00, 0x00, 0x00, 
	0x00, 0x00, 0x00, 0x00, 0x00, 0x00, 0x00, 0x00, 
	0x00, 0x00, 0x00, 0x00, 0x00, 0x00, 0x00, 0x00, 
	0x00, 0x00, 0x00, 0x00, 0x00, 0x00, 0x00, 0x00, 
	0x00, 0x00, 0x00, 0x00, 0x00, 0x00, 0x00, 0x00, 
	0x00, 0x00, 0x00, 0x00, 0x00, 0x00, 0x00, 0x00, 
	0x00, 0x00, 0x00, 0x00, 0x00, 0x00, 0x00, 0x00, 
	
};

Texture squishy_eye_2_ia8[] = {
	0x00, 0x00, 0x00, 0x00, 0x00, 0x00, 0x00, 0x00, 
	0x00, 0x00, 0x00, 0x00, 0x00, 0x00, 0x00, 0x00, 
	0x00, 0x00, 0x00, 0x00, 0x00, 0x00, 0x00, 0x00, 
	0x00, 0x00, 0x00, 0x00, 0x00, 0x00, 0x00, 0x00, 
	0x00, 0x00, 0x00, 0x00, 0x00, 0x00, 0x00, 0x00, 
	0x00, 0x00, 0x00, 0x00, 0x00, 0x00, 0x00, 0x00, 
	0x00, 0x00, 0x00, 0x00, 0x00, 0x00, 0x00, 0x00, 
	0x00, 0x00, 0x00, 0x00, 0x00, 0x00, 0x00, 0x00, 
	0x00, 0x00, 0x00, 0x00, 0x00, 0x00, 0x00, 0x00, 
	0x00, 0x00, 0x00, 0x00, 0x00, 0x00, 0x00, 0x00, 
	0x00, 0x00, 0x00, 0x00, 0x00, 0x00, 0x00, 0x00, 
	0x00, 0x00, 0x00, 0x00, 0x00, 0x00, 0x00, 0x00, 
	0x00, 0x00, 0x00, 0x00, 0x00, 0x00, 0x00, 0x00, 
	0x00, 0x00, 0x00, 0x00, 0x00, 0x00, 0x00, 0x00, 
	0x00, 0x00, 0x00, 0x00, 0x00, 0x00, 0x00, 0x00, 
	0x00, 0x00, 0x00, 0x00, 0x00, 0x00, 0x00, 0x00, 
	0x00, 0x00, 0x00, 0x00, 0x00, 0x00, 0x00, 0x00, 
	0x00, 0x00, 0x00, 0x00, 0x00, 0x00, 0x00, 0x00, 
	0x00, 0x00, 0x00, 0x00, 0x00, 0x00, 0x00, 0x00, 
	0x00, 0x00, 0x00, 0x00, 0x00, 0x00, 0x00, 0x00, 
	0x00, 0x00, 0x00, 0x00, 0x00, 0x00, 0x00, 0x00, 
	0x00, 0x00, 0x00, 0x00, 0x00, 0x00, 0x00, 0x00, 
	0x00, 0x00, 0x00, 0x00, 0x00, 0x00, 0x00, 0x00, 
	0x00, 0x00, 0x00, 0x00, 0x00, 0x00, 0x00, 0x00, 
	0x00, 0x00, 0x00, 0x00, 0x00, 0x00, 0x00, 0x00, 
	0x00, 0x00, 0x00, 0x00, 0x00, 0x00, 0x00, 0x00, 
	0x00, 0x00, 0x00, 0x00, 0x00, 0x00, 0x00, 0x00, 
	0x00, 0x00, 0x00, 0x00, 0x00, 0x00, 0x00, 0x00, 
	0x00, 0x00, 0x00, 0x00, 0x00, 0x00, 0x00, 0x00, 
	0x00, 0x00, 0x00, 0x00, 0x00, 0x00, 0x00, 0x00, 
	0x00, 0x00, 0x00, 0x00, 0x00, 0x00, 0x00, 0x00, 
	0x00, 0x00, 0x00, 0x00, 0x00, 0x00, 0x00, 0x00, 
	0x00, 0x00, 0x00, 0x00, 0x00, 0x00, 0x00, 0x00, 
	0x00, 0x00, 0x00, 0x00, 0x00, 0x00, 0x00, 0x00, 
	0x00, 0x00, 0x00, 0x00, 0x00, 0x00, 0x00, 0x00, 
	0x00, 0x00, 0x00, 0x00, 0x00, 0x00, 0x00, 0x00, 
	0x00, 0x00, 0x00, 0x00, 0x00, 0x00, 0x00, 0x00, 
	0x00, 0x00, 0x00, 0x00, 0x00, 0x00, 0x00, 0x00, 
	0x00, 0x00, 0x00, 0x00, 0x00, 0x00, 0x00, 0x00, 
	0x00, 0x00, 0x00, 0x00, 0x00, 0x00, 0x00, 0x00, 
	0x00, 0x00, 0x00, 0x00, 0x00, 0x00, 0x00, 0x00, 
	0x00, 0x00, 0x00, 0x00, 0x00, 0x00, 0x00, 0x00, 
	0x00, 0x00, 0x00, 0x00, 0x00, 0x00, 0x00, 0x00, 
	0x00, 0x00, 0x00, 0x00, 0x00, 0x00, 0x00, 0x00, 
	0x00, 0x00, 0x00, 0x00, 0x00, 0x00, 0x00, 0x00, 
	0x00, 0x00, 0x00, 0x00, 0x00, 0x00, 0x00, 0x00, 
	0x00, 0x00, 0x00, 0x00, 0x00, 0x00, 0x00, 0x00, 
	0x00, 0x00, 0x00, 0x00, 0x00, 0x00, 0x00, 0x00, 
	0x00, 0x00, 0x00, 0x00, 0x00, 0x00, 0x00, 0x00, 
	0x00, 0x00, 0x00, 0x00, 0x00, 0x00, 0x00, 0x00, 
	0x00, 0x00, 0x00, 0x00, 0x00, 0x00, 0x00, 0x00, 
	0x00, 0x00, 0x00, 0x00, 0x00, 0x00, 0x00, 0x00, 
	0x00, 0x00, 0x00, 0x00, 0x00, 0x00, 0x00, 0x00, 
	0x00, 0x00, 0x00, 0x00, 0x00, 0x00, 0x00, 0x00, 
	0x00, 0x00, 0x00, 0x00, 0x00, 0x00, 0x00, 0x00, 
	0x00, 0x00, 0x00, 0x00, 0x00, 0x00, 0x00, 0x00, 
	0x00, 0x00, 0x00, 0x00, 0x00, 0x00, 0x00, 0x00, 
	0x00, 0x00, 0x00, 0x00, 0x00, 0xff, 0xff, 0xff, 
	0x00, 0x00, 0x00, 0x00, 0x00, 0x00, 0x00, 0x00, 
	0x00, 0x00, 0x00, 0x00, 0x00, 0x00, 0x00, 0x00, 
	0x00, 0x00, 0x00, 0x00, 0x00, 0x00, 0x00, 0x00, 
	0x00, 0x00, 0x00, 0x00, 0x00, 0x00, 0x00, 0x00, 
	0x00, 0x00, 0x00, 0x00, 0x00, 0x00, 0x00, 0x00, 
	0x00, 0x00, 0x00, 0x00, 0x00, 0x00, 0x00, 0x00, 
	0x00, 0x00, 0x00, 0x00, 0x00, 0x00, 0x00, 0x00, 
	0x00, 0x00, 0x00, 0x00, 0x00, 0xff, 0xff, 0xff, 
	0xff, 0xff, 0x00, 0x00, 0x00, 0x00, 0x00, 0x00, 
	0x00, 0x00, 0x00, 0x00, 0x00, 0x00, 0x00, 0x00, 
	0x00, 0x00, 0x00, 0x00, 0x00, 0x00, 0x00, 0x00, 
	0x00, 0x00, 0x00, 0x00, 0x00, 0x00, 0x00, 0x00, 
	0x00, 0x00, 0x00, 0x00, 0x00, 0x00, 0x00, 0x00, 
	0x00, 0x00, 0x00, 0x00, 0x00, 0x00, 0x00, 0x00, 
	0x00, 0x00, 0x00, 0x00, 0x00, 0x00, 0x00, 0x00, 
	0x00, 0x00, 0x00, 0x00, 0x00, 0x00, 0xff, 0xff, 
	0xff, 0xff, 0xff, 0xff, 0x00, 0x00, 0x00, 0x00, 
	0x00, 0x00, 0x00, 0x00, 0x00, 0x00, 0x00, 0x00, 
	0x00, 0x00, 0x00, 0x00, 0x00, 0x00, 0x00, 0x00, 
	0x00, 0x00, 0x00, 0x00, 0x00, 0x00, 0x00, 0x00, 
	0x00, 0x00, 0x00, 0x00, 0x00, 0x00, 0x00, 0x00, 
	0x00, 0x00, 0x00, 0x00, 0x00, 0x00, 0x00, 0x00, 
	0x00, 0x00, 0x00, 0x00, 0x00, 0x00, 0x00, 0x00, 
	0x00, 0x00, 0x00, 0x00, 0x00, 0x00, 0x00, 0xff, 
	0xff, 0xff, 0xff, 0xff, 0xff, 0x00, 0x00, 0x00, 
	0x00, 0x00, 0x00, 0x00, 0x00, 0x00, 0x00, 0x00, 
	0x00, 0x00, 0x00, 0x00, 0x00, 0x00, 0x00, 0x00, 
	0x00, 0x00, 0x00, 0x00, 0x00, 0x00, 0x00, 0x00, 
	0x00, 0x00, 0x00, 0x00, 0x00, 0x00, 0x00, 0x00, 
	0x00, 0x00, 0x00, 0x00, 0x00, 0x00, 0x00, 0x00, 
	0x00, 0x00, 0x00, 0x00, 0x00, 0x00, 0x00, 0x00, 
	0x00, 0x00, 0x00, 0x00, 0x00, 0x00, 0x00, 0x00, 
	0xff, 0xff, 0xff, 0xff, 0xff, 0xff, 0x00, 0x00, 
	0x00, 0x00, 0x00, 0x00, 0x00, 0x00, 0x00, 0x00, 
	0x00, 0x00, 0x00, 0x00, 0x00, 0x00, 0x00, 0x00, 
	0x00, 0x00, 0x00, 0x00, 0x00, 0x00, 0x00, 0x00, 
	0x00, 0x00, 0x00, 0x00, 0x00, 0x00, 0x00, 0x00, 
	0x00, 0x00, 0x00, 0x00, 0x00, 0x00, 0x00, 0x00, 
	0x00, 0x00, 0x00, 0x00, 0x00, 0x00, 0x00, 0x00, 
	0x00, 0x00, 0xff, 0x00, 0x00, 0x00, 0x00, 0x00, 
	0xff, 0xff, 0xff, 0xff, 0xff, 0xff, 0xff, 0x00, 
	0x00, 0x00, 0x00, 0x00, 0x00, 0x00, 0x00, 0x00, 
	0x00, 0x00, 0x00, 0x00, 0x00, 0x00, 0x00, 0x00, 
	0x00, 0x00, 0x00, 0x00, 0x00, 0x00, 0x00, 0x00, 
	0x00, 0x00, 0x00, 0x00, 0x00, 0x00, 0x00, 0x00, 
	0x00, 0x00, 0x00, 0x00, 0x00, 0x00, 0x00, 0x00, 
	0x00, 0x00, 0x00, 0x00, 0x00, 0x00, 0x00, 0x00, 
	0x00, 0x00, 0xff, 0xff, 0xff, 0xff, 0x00, 0x00, 
	0x00, 0xff, 0xff, 0xff, 0xff, 0xff, 0xff, 0xff, 
	0x00, 0x00, 0x00, 0x00, 0x00, 0x00, 0x00, 0x00, 
	0x00, 0x00, 0x00, 0x00, 0x00, 0x00, 0x00, 0x00, 
	0x00, 0x00, 0x00, 0x00, 0x00, 0x00, 0x00, 0x00, 
	0x00, 0x00, 0x00, 0x00, 0x00, 0x00, 0x00, 0x00, 
	0x00, 0x00, 0x00, 0x00, 0x00, 0x00, 0x00, 0x00, 
	0x00, 0x00, 0x00, 0x00, 0x00, 0x00, 0x00, 0x00, 
	0x00, 0x00, 0xff, 0xff, 0xff, 0xff, 0xff, 0xff, 
	0x00, 0xff, 0xff, 0xff, 0xff, 0x8f, 0xff, 0xff, 
	0xff, 0xff, 0x00, 0x00, 0x00, 0x00, 0x00, 0x00, 
	0x00, 0x00, 0x00, 0x00, 0x00, 0x00, 0x00, 0x00, 
	0x00, 0x00, 0x00, 0x00, 0x00, 0x00, 0x00, 0x00, 
	0x00, 0x00, 0x00, 0x00, 0x00, 0x00, 0x00, 0x00, 
	0x00, 0x00, 0x00, 0x00, 0x00, 0x00, 0x00, 0x00, 
	0x00, 0x00, 0x00, 0x00, 0x00, 0x00, 0x00, 0x00, 
	0x00, 0x00, 0xff, 0xff, 0xff, 0xff, 0xff, 0xff, 
	0xff, 0xff, 0xff, 0xff, 0xff, 0xdf, 0x6f, 0xff, 
	0xff, 0xff, 0xff, 0x00, 0x00, 0x00, 0x00, 0x00, 
	0x00, 0x00, 0x00, 0x00, 0x00, 0x00, 0x00, 0x00, 
	0x00, 0x00, 0x00, 0x00, 0x00, 0x00, 0x00, 0x00, 
	0x00, 0x00, 0x00, 0x00, 0x00, 0x00, 0x00, 0x00, 
	0x00, 0x00, 0x00, 0x00, 0x00, 0x00, 0x00, 0x00, 
	0x00, 0x00, 0x00, 0x00, 0x00, 0x00, 0x00, 0x00, 
	0x00, 0x00, 0x00, 0xff, 0xff, 0x5f, 0xef, 0xff, 
	0xff, 0xff, 0xff, 0xff, 0xff, 0xff, 0x4f, 0x5f, 
	0xff, 0xff, 0xff, 0xff, 0x00, 0x00, 0x00, 0x00, 
	0x00, 0x00, 0x00, 0x00, 0x00, 0x00, 0x00, 0x00, 
	0x00, 0x00, 0x00, 0x00, 0x00, 0x00, 0x00, 0x00, 
	0x00, 0x00, 0x00, 0x00, 0x00, 0x00, 0x00, 0x00, 
	0x00, 0x00, 0x00, 0x00, 0x00, 0x00, 0x00, 0x00, 
	0x00, 0x00, 0x00, 0x00, 0x00, 0x00, 0x00, 0x00, 
	0x00, 0x00, 0x00, 0xff, 0xff, 0x8f, 0x0f, 0x7f, 
	0xef, 0xff, 0xff, 0xff, 0xff, 0xff, 0xef, 0x0f, 
	0x4f, 0xef, 0xff, 0xff, 0xff, 0x00, 0x00, 0x00, 
	0x00, 0x00, 0x00, 0x00, 0x00, 0x00, 0x00, 0x00, 
	0x00, 0x00, 0x00, 0x00, 0x00, 0x00, 0x00, 0x00, 
	0x00, 0x00, 0x00, 0x00, 0x00, 0x00, 0x00, 0x00, 
	0x00, 0x00, 0x00, 0x00, 0x00, 0x00, 0x00, 0x00, 
	0x00, 0x00, 0x00, 0x00, 0x00, 0x00, 0x00, 0x00, 
	0x00, 0x00, 0x00, 0xff, 0xff, 0xcf, 0x0f, 0x0f, 
	0x0f, 0x6f, 0xef, 0xff, 0xff, 0xff, 0xff, 0x0f, 
	0x0f, 0x3f, 0xef, 0xff, 0xff, 0xff, 0xff, 0xff, 
	0xff, 0xff, 0xff, 0xff, 0xff, 0xff, 0xff, 0xff, 
	0xff, 0xff, 0xff, 0xff, 0xff, 0xff, 0xff, 0xff, 
	0xff, 0xff, 0xff, 0xff, 0xff, 0xff, 0x00, 0x00, 
	0x00, 0x00, 0x00, 0x00, 0x00, 0x00, 0x00, 0x00, 
	0x00, 0x00, 0x00, 0x00, 0x00, 0x00, 0x00, 0x00, 
	0x00, 0x00, 0x00, 0xff, 0xff, 0xff, 0x0f, 0x0f, 
	0x0f, 0x0f, 0x0f, 0x0f, 0x5f, 0xdf, 0xef, 0x8f, 
	0x0f, 0x0f, 0x2f, 0xff, 0xff, 0xff, 0xff, 0xff, 
	0xff, 0xff, 0xff, 0xff, 0xff, 0xff, 0xff, 0xff, 
	0xff, 0xff, 0xff, 0xff, 0xff, 0xff, 0xff, 0xff, 
	0xff, 0xff, 0xff, 0xff, 0xff, 0xff, 0x00, 0x00, 
	0x00, 0x00, 0x00, 0x00, 0x00, 0x00, 0x00, 0x00, 
	0x00, 0x00, 0x00, 0x00, 0x00, 0x00, 0x00, 0x00, 
	0x00, 0x00, 0x00, 0x00, 0xff, 0xff, 0x0f, 0x0f, 
	0x0f, 0x0f, 0x0f, 0x0f, 0x0f, 0x0f, 0x0f, 0x0f, 
	0x0f, 0x0f, 0x0f, 0xff, 0xff, 0xff, 0xff, 0xff, 
	0xff, 0xff, 0xff, 0xff, 0xff, 0xff, 0xff, 0xff, 
	0xff, 0xff, 0xff, 0xff, 0xff, 0xff, 0xff, 0xff, 
	0xff, 0xff, 0xff, 0xff, 0xff, 0xff, 0x00, 0x00, 
	0x00, 0x00, 0x00, 0x00, 0x00, 0x00, 0x00, 0x00, 
	0x00, 0x00, 0x00, 0x00, 0x00, 0x00, 0x00, 0x00, 
	0x00, 0x00, 0x00, 0x00, 0xff, 0xff, 0x4f, 0x0f, 
	0x0f, 0x0f, 0x0f, 0x0f, 0x0f, 0x0f, 0x0f, 0x0f, 
	0x0f, 0x0f, 0x0f, 0x8f, 0xbf, 0xcf, 0xbf, 0xbf, 
	0xbf, 0xbf, 0xbf, 0xbf, 0xbf, 0xbf, 0xdf, 0xff, 
	0xbf, 0xbf, 0xbf, 0xbf, 0xbf, 0xff, 0xff, 0xbf, 
	0xbf, 0xbf, 0x9f, 0xff, 0xff, 0xff, 0x00, 0x00, 
	0x00, 0x00, 0x00, 0x00, 0x00, 0x00, 0x00, 0x00, 
	0x00, 0x00, 0x00, 0x00, 0x00, 0x00, 0x00, 0x00, 
	0x00, 0x00, 0x00, 0x00, 0xff, 0xff, 0xaf, 0x0f, 
	0x0f, 0x0f, 0x0f, 0x0f, 0x0f, 0x0f, 0x0f, 0x0f, 
	0x0f, 0x0f, 0x0f, 0x0f, 0x0f, 0x0f, 0x0f, 0x0f, 
	0x0f, 0x0f, 0x0f, 0x0f, 0x0f, 0x0f, 0xdf, 0xff, 
	0x8f, 0x0f, 0x0f, 0x0f, 0x5f, 0xff, 0xff, 0x0f, 
	0x0f, 0x0f, 0x0f, 0xff, 0xff, 0xff, 0x00, 0x00, 
	0x00, 0x00, 0x00, 0x00, 0x00, 0x00, 0x00, 0x00, 
	0x00, 0x00, 0x00, 0x00, 0x00, 0x00, 0x00, 0x00, 
	0x00, 0x00, 0x00, 0x00, 0xff, 0xff, 0xcf, 0x0f, 
	0x0f, 0x0f, 0x0f, 0x0f, 0x1f, 0x7f, 0xdf, 0xff, 
	0x0f, 0x0f, 0x0f, 0x0f, 0x0f, 0x0f, 0x0f, 0x0f, 
	0x0f, 0x0f, 0x0f, 0x0f, 0x0f, 0x0f, 0xdf, 0xff, 
	0x5f, 0x0f, 0x0f, 0x0f, 0x4f, 0xff, 0xff, 0x0f, 
	0x0f, 0x0f, 0x0f, 0xff, 0xff, 0xff, 0x00, 0x00, 
	0x00, 0x00, 0x00, 0x00, 0x00, 0x00, 0x00, 0x00, 
	0x00, 0x00, 0x00, 0x00, 0x00, 0x00, 0x00, 0x00, 
	0x00, 0x00, 0x00, 0x00, 0xff, 0xff, 0xff, 0x1f, 
	0x7f, 0xef, 0xff, 0xff, 0xff, 0xff, 0xff, 0x9f, 
	0x0f, 0x0f, 0x0f, 0x0f, 0x0f, 0x0f, 0x0f, 0x0f, 
	0x0f, 0x0f, 0x0f, 0x0f, 0x0f, 0x0f, 0xef, 0xff, 
	0x3f, 0x0f, 0x0f, 0x0f, 0x4f, 0xff, 0xff, 0x0f, 
	0x0f, 0x0f, 0x0f, 0xff, 0xff, 0xff, 0x00, 0x00, 
	0x00, 0x00, 0x00, 0x00, 0x00, 0x00, 0x00, 0x00, 
	0x00, 0x00, 0x00, 0x00, 0x00, 0x00, 0x00, 0x00, 
	0x00, 0x00, 0x00, 0x00, 0x00, 0xff, 0xff, 0xff, 
	0xff, 0xff, 0xff, 0xff, 0xff, 0xff, 0xff, 0x0f, 
	0x0f, 0x0f, 0x0f, 0x6f, 0x5f, 0x0f, 0x0f, 0x0f, 
	0x0f, 0x0f, 0x0f, 0x0f, 0x0f, 0x0f, 0xcf, 0xff, 
	0xbf, 0x0f, 0x0f, 0x0f, 0xdf, 0xff, 0xdf, 0x0f, 
	0x0f, 0x0f, 0x7f, 0xff, 0xff, 0xff, 0x00, 0x00, 
	0x00, 0x00, 0x00, 0x00, 0x00, 0x00, 0x00, 0x00, 
	0x00, 0x00, 0x00, 0x00, 0x00, 0x00, 0x00, 0x00, 
	0x00, 0x00, 0x00, 0x00, 0x00, 0xff, 0xff, 0xff, 
	0xff, 0xff, 0xff, 0xff, 0xff, 0xff, 0x7f, 0x0f, 
	0x0f, 0x0f, 0x0f, 0xff, 0xff, 0x3f, 0x0f, 0x0f, 
	0x0f, 0x0f, 0x0f, 0x0f, 0x0f, 0x0f, 0x7f, 0xff, 
	0xff, 0x5f, 0x4f, 0xbf, 0xff, 0xff, 0x3f, 0x0f, 
	0x0f, 0x5f, 0xff, 0xff, 0xff, 0xff, 0x00, 0x00, 
	0x00, 0x00, 0x00, 0x00, 0x00, 0x00, 0x00, 0x00, 
	0x00, 0x00, 0x00, 0x00, 0x00, 0x00, 0x00, 0x00, 
	0x00, 0x00, 0x00, 0x00, 0x00, 0xff, 0xff, 0x00, 
	0x00, 0x00, 0xff, 0xff, 0xff, 0xff, 0x0f, 0x0f, 
	0x0f, 0x0f, 0xdf, 0xff, 0xff, 0xff, 0x9f, 0x0f, 
	0x0f, 0x0f, 0x0f, 0x0f, 0x0f, 0x0f, 0x1f, 0xef, 
	0xff, 0xff, 0xff, 0xff, 0xff, 0xaf, 0x0f, 0x0f, 
	0x5f, 0xff, 0xff, 0xff, 0xff, 0x00, 0x00, 0x00, 
	0x00, 0x00, 0x00, 0x00, 0x00, 0x00, 0x00, 0x00, 
	0x00, 0x00, 0x00, 0x00, 0x00, 0x00, 0x00, 0x00, 
	0x00, 0x00, 0x00, 0x00, 0x00, 0x00, 0x00, 0x00, 
	0x00, 0x00, 0xff, 0xff, 0xff, 0x3f, 0x0f, 0x0f, 
	0x0f, 0x2f, 0xff, 0xff, 0xff, 0xff, 0xff, 0xff, 
	0x1f, 0x0f, 0x0f, 0x0f, 0x0f, 0x0f, 0x0f, 0x2f, 
	0xff, 0xff, 0xff, 0xff, 0x7f, 0x0f, 0x0f, 0x5f, 
	0xff, 0xff, 0xff, 0xff, 0x00, 0x00, 0x00, 0x00, 
	0x00, 0x00, 0x00, 0x00, 0x00, 0x00, 0x00, 0x00, 
	0x00, 0x00, 0x00, 0x00, 0x00, 0x00, 0x00, 0x00, 
	0x00, 0x00, 0x00, 0x00, 0x00, 0x00, 0x00, 0x00, 
	0x00, 0xff, 0xff, 0xff, 0xaf, 0x0f, 0x0f, 0x0f, 
	0x0f, 0xcf, 0xff, 0xff, 0xff, 0xff, 0xff, 0xff, 
	0xff, 0xcf, 0x1f, 0x0f, 0x0f, 0x0f, 0x0f, 0x0f, 
	0x0f, 0x0f, 0x0f, 0x0f, 0x0f, 0x0f, 0x8f, 0xff, 
	0xff, 0xff, 0xff, 0x00, 0x00, 0x00, 0x00, 0x00, 
	0x00, 0x00, 0x00, 0x00, 0x00, 0x00, 0x00, 0x00, 
	0x00, 0x00, 0x00, 0x00, 0x00, 0x00, 0x00, 0x00, 
	0x00, 0x00, 0x00, 0x00, 0x00, 0x00, 0x00, 0x00, 
	0xff, 0xff, 0xff, 0xbf, 0x0f, 0x0f, 0x0f, 0x0f, 
	0x0f, 0xcf, 0xff, 0xff, 0x00, 0xff, 0xff, 0xff, 
	0xff, 0xff, 0xff, 0xcf, 0xcf, 0x2f, 0x0f, 0x0f, 
	0x0f, 0x0f, 0x0f, 0x1f, 0xbf, 0xff, 0xff, 0xff, 
	0xff, 0xff, 0x00, 0x00, 0x00, 0x00, 0x00, 0x00, 
	0x00, 0x00, 0x00, 0x00, 0x00, 0x00, 0x00, 0x00, 
	0x00, 0x00, 0x00, 0x00, 0x00, 0x00, 0x00, 0x00, 
	0x00, 0x00, 0x00, 0x00, 0x00, 0x00, 0x00, 0x00, 
	0xff, 0xff, 0xff, 0xff, 0x3f, 0x0f, 0x0f, 0x0f, 
	0x0f, 0xff, 0xff, 0xff, 0x00, 0x00, 0x00, 0xff, 
	0xff, 0xff, 0xff, 0xff, 0xff, 0xff, 0xff, 0xef, 
	0xff, 0xff, 0xff, 0xff, 0xff, 0xff, 0xff, 0xff, 
	0xff, 0x00, 0x00, 0x00, 0x00, 0x00, 0x00, 0x00, 
	0x00, 0x00, 0x00, 0x00, 0x00, 0x00, 0x00, 0x00, 
	0x00, 0x00, 0x00, 0x00, 0x00, 0x00, 0x00, 0x00, 
	0x00, 0x00, 0x00, 0x00, 0x00, 0x00, 0x00, 0x00, 
	0xff, 0xff, 0xff, 0xff, 0xff, 0xdf, 0x4f, 0x0f, 
	0x0f, 0xff, 0xff, 0xff, 0x00, 0x00, 0x00, 0x00, 
	0x00, 0xff, 0xff, 0xff, 0xff, 0xff, 0xff, 0xff, 
	0xff, 0xff, 0xff, 0xff, 0xff, 0xff, 0xff, 0xff, 
	0x00, 0x00, 0x00, 0x00, 0x00, 0x00, 0x00, 0x00, 
	0x00, 0x00, 0x00, 0x00, 0x00, 0x00, 0x00, 0x00, 
	0x00, 0x00, 0x00, 0x00, 0x00, 0x00, 0x00, 0x00, 
	0x00, 0x00, 0x00, 0x00, 0x00, 0x00, 0x00, 0x00, 
	0x00, 0x00, 0xff, 0xff, 0xff, 0xff, 0xff, 0xdf, 
	0x3f, 0xff, 0xff, 0x00, 0x00, 0x00, 0x00, 0x00, 
	0x00, 0x00, 0x00, 0x00, 0xff, 0xff, 0xff, 0xff, 
	0xff, 0xff, 0xff, 0xff, 0xff, 0xff, 0x00, 0x00, 
	0x00, 0x00, 0x00, 0x00, 0x00, 0x00, 0x00, 0x00, 
	0x00, 0x00, 0x00, 0x00, 0x00, 0x00, 0x00, 0x00, 
	0x00, 0x00, 0x00, 0x00, 0x00, 0x00, 0x00, 0x00, 
	0x00, 0x00, 0x00, 0x00, 0x00, 0x00, 0x00, 0x00, 
	0x00, 0x00, 0x00, 0x00, 0xff, 0xff, 0xff, 0xff, 
	0xff, 0xff, 0xff, 0x00, 0x00, 0x00, 0x00, 0x00, 
	0x00, 0x00, 0x00, 0x00, 0x00, 0x00, 0x00, 0x00, 
	0x00, 0x00, 0x00, 0x00, 0x00, 0x00, 0x00, 0x00, 
	0x00, 0x00, 0x00, 0x00, 0x00, 0x00, 0x00, 0x00, 
	0x00, 0x00, 0x00, 0x00, 0x00, 0x00, 0x00, 0x00, 
	0x00, 0x00, 0x00, 0x00, 0x00, 0x00, 0x00, 0x00, 
	0x00, 0x00, 0x00, 0x00, 0x00, 0x00, 0x00, 0x00, 
	0x00, 0x00, 0x00, 0x00, 0x00, 0x00, 0xff, 0xff, 
	0xff, 0xff, 0xff, 0x00, 0x00, 0x00, 0x00, 0x00, 
	0x00, 0x00, 0x00, 0x00, 0x00, 0x00, 0x00, 0x00, 
	0x00, 0x00, 0x00, 0x00, 0x00, 0x00, 0x00, 0x00, 
	0x00, 0x00, 0x00, 0x00, 0x00, 0x00, 0x00, 0x00, 
	0x00, 0x00, 0x00, 0x00, 0x00, 0x00, 0x00, 0x00, 
	0x00, 0x00, 0x00, 0x00, 0x00, 0x00, 0x00, 0x00, 
	0x00, 0x00, 0x00, 0x00, 0x00, 0x00, 0x00, 0x00, 
	0x00, 0x00, 0x00, 0x00, 0x00, 0x00, 0x00, 0x00, 
	0xff, 0xff, 0x00, 0x00, 0x00, 0x00, 0x00, 0x00, 
	0x00, 0x00, 0x00, 0x00, 0x00, 0x00, 0x00, 0x00, 
	0x00, 0x00, 0x00, 0x00, 0x00, 0x00, 0x00, 0x00, 
	0x00, 0x00, 0x00, 0x00, 0x00, 0x00, 0x00, 0x00, 
	0x00, 0x00, 0x00, 0x00, 0x00, 0x00, 0x00, 0x00, 
	0x00, 0x00, 0x00, 0x00, 0x00, 0x00, 0x00, 0x00, 
	0x00, 0x00, 0x00, 0x00, 0x00, 0x00, 0x00, 0x00, 
	0x00, 0x00, 0x00, 0x00, 0x00, 0x00, 0x00, 0x00, 
	0x00, 0x00, 0x00, 0x00, 0x00, 0x00, 0x00, 0x00, 
	0x00, 0x00, 0x00, 0x00, 0x00, 0x00, 0x00, 0x00, 
	0x00, 0x00, 0x00, 0x00, 0x00, 0x00, 0x00, 0x00, 
	0x00, 0x00, 0x00, 0x00, 0x00, 0x00, 0x00, 0x00, 
	0x00, 0x00, 0x00, 0x00, 0x00, 0x00, 0x00, 0x00, 
	0x00, 0x00, 0x00, 0x00, 0x00, 0x00, 0x00, 0x00, 
	0x00, 0x00, 0x00, 0x00, 0x00, 0x00, 0x00, 0x00, 
	0x00, 0x00, 0x00, 0x00, 0x00, 0x00, 0x00, 0x00, 
	0x00, 0x00, 0x00, 0x00, 0x00, 0x00, 0x00, 0x00, 
	0x00, 0x00, 0x00, 0x00, 0x00, 0x00, 0x00, 0x00, 
	0x00, 0x00, 0x00, 0x00, 0x00, 0x00, 0x00, 0x00, 
	0x00, 0x00, 0x00, 0x00, 0x00, 0x00, 0x00, 0x00, 
	0x00, 0x00, 0x00, 0x00, 0x00, 0x00, 0x00, 0x00, 
	0x00, 0x00, 0x00, 0x00, 0x00, 0x00, 0x00, 0x00, 
	0x00, 0x00, 0x00, 0x00, 0x00, 0x00, 0x00, 0x00, 
	0x00, 0x00, 0x00, 0x00, 0x00, 0x00, 0x00, 0x00, 
	0x00, 0x00, 0x00, 0x00, 0x00, 0x00, 0x00, 0x00, 
	0x00, 0x00, 0x00, 0x00, 0x00, 0x00, 0x00, 0x00, 
	0x00, 0x00, 0x00, 0x00, 0x00, 0x00, 0x00, 0x00, 
	0x00, 0x00, 0x00, 0x00, 0x00, 0x00, 0x00, 0x00, 
	0x00, 0x00, 0x00, 0x00, 0x00, 0x00, 0x00, 0x00, 
	0x00, 0x00, 0x00, 0x00, 0x00, 0x00, 0x00, 0x00, 
	0x00, 0x00, 0x00, 0x00, 0x00, 0x00, 0x00, 0x00, 
	0x00, 0x00, 0x00, 0x00, 0x00, 0x00, 0x00, 0x00, 
	0x00, 0x00, 0x00, 0x00, 0x00, 0x00, 0x00, 0x00, 
	0x00, 0x00, 0x00, 0x00, 0x00, 0x00, 0x00, 0x00, 
	0x00, 0x00, 0x00, 0x00, 0x00, 0x00, 0x00, 0x00, 
	0x00, 0x00, 0x00, 0x00, 0x00, 0x00, 0x00, 0x00, 
	0x00, 0x00, 0x00, 0x00, 0x00, 0x00, 0x00, 0x00, 
	0x00, 0x00, 0x00, 0x00, 0x00, 0x00, 0x00, 0x00, 
	0x00, 0x00, 0x00, 0x00, 0x00, 0x00, 0x00, 0x00, 
	0x00, 0x00, 0x00, 0x00, 0x00, 0x00, 0x00, 0x00, 
	0x00, 0x00, 0x00, 0x00, 0x00, 0x00, 0x00, 0x00, 
	0x00, 0x00, 0x00, 0x00, 0x00, 0x00, 0x00, 0x00, 
	0x00, 0x00, 0x00, 0x00, 0x00, 0x00, 0x00, 0x00, 
	0x00, 0x00, 0x00, 0x00, 0x00, 0x00, 0x00, 0x00, 
	0x00, 0x00, 0x00, 0x00, 0x00, 0x00, 0x00, 0x00, 
	0x00, 0x00, 0x00, 0x00, 0x00, 0x00, 0x00, 0x00, 
	0x00, 0x00, 0x00, 0x00, 0x00, 0x00, 0x00, 0x00, 
	0x00, 0x00, 0x00, 0x00, 0x00, 0x00, 0x00, 0x00, 
	0x00, 0x00, 0x00, 0x00, 0x00, 0x00, 0x00, 0x00, 
	0x00, 0x00, 0x00, 0x00, 0x00, 0x00, 0x00, 0x00, 
	0x00, 0x00, 0x00, 0x00, 0x00, 0x00, 0x00, 0x00, 
	0x00, 0x00, 0x00, 0x00, 0x00, 0x00, 0x00, 0x00, 
	0x00, 0x00, 0x00, 0x00, 0x00, 0x00, 0x00, 0x00, 
	0x00, 0x00, 0x00, 0x00, 0x00, 0x00, 0x00, 0x00, 
	0x00, 0x00, 0x00, 0x00, 0x00, 0x00, 0x00, 0x00, 
	0x00, 0x00, 0x00, 0x00, 0x00, 0x00, 0x00, 0x00, 
	0x00, 0x00, 0x00, 0x00, 0x00, 0x00, 0x00, 0x00, 
	0x00, 0x00, 0x00, 0x00, 0x00, 0x00, 0x00, 0x00, 
	0x00, 0x00, 0x00, 0x00, 0x00, 0x00, 0x00, 0x00, 
	0x00, 0x00, 0x00, 0x00, 0x00, 0x00, 0x00, 0x00, 
	0x00, 0x00, 0x00, 0x00, 0x00, 0x00, 0x00, 0x00, 
	0x00, 0x00, 0x00, 0x00, 0x00, 0x00, 0x00, 0x00, 
	0x00, 0x00, 0x00, 0x00, 0x00, 0x00, 0x00, 0x00, 
	0x00, 0x00, 0x00, 0x00, 0x00, 0x00, 0x00, 0x00, 
	0x00, 0x00, 0x00, 0x00, 0x00, 0x00, 0x00, 0x00, 
	0x00, 0x00, 0x00, 0x00, 0x00, 0x00, 0x00, 0x00, 
	0x00, 0x00, 0x00, 0x00, 0x00, 0x00, 0x00, 0x00, 
	0x00, 0x00, 0x00, 0x00, 0x00, 0x00, 0x00, 0x00, 
	0x00, 0x00, 0x00, 0x00, 0x00, 0x00, 0x00, 0x00, 
	0x00, 0x00, 0x00, 0x00, 0x00, 0x00, 0x00, 0x00, 
	0x00, 0x00, 0x00, 0x00, 0x00, 0x00, 0x00, 0x00, 
	0x00, 0x00, 0x00, 0x00, 0x00, 0x00, 0x00, 0x00, 
	0x00, 0x00, 0x00, 0x00, 0x00, 0x00, 0x00, 0x00, 
	0x00, 0x00, 0x00, 0x00, 0x00, 0x00, 0x00, 0x00, 
	0x00, 0x00, 0x00, 0x00, 0x00, 0x00, 0x00, 0x00, 
	0x00, 0x00, 0x00, 0x00, 0x00, 0x00, 0x00, 0x00, 
	0x00, 0x00, 0x00, 0x00, 0x00, 0x00, 0x00, 0x00, 
	0x00, 0x00, 0x00, 0x00, 0x00, 0x00, 0x00, 0x00, 
	0x00, 0x00, 0x00, 0x00, 0x00, 0x00, 0x00, 0x00, 
	0x00, 0x00, 0x00, 0x00, 0x00, 0x00, 0x00, 0x00, 
	0x00, 0x00, 0x00, 0x00, 0x00, 0x00, 0x00, 0x00, 
	0x00, 0x00, 0x00, 0x00, 0x00, 0x00, 0x00, 0x00, 
	0x00, 0x00, 0x00, 0x00, 0x00, 0x00, 0x00, 0x00, 
	0x00, 0x00, 0x00, 0x00, 0x00, 0x00, 0x00, 0x00, 
	0x00, 0x00, 0x00, 0x00, 0x00, 0x00, 0x00, 0x00, 
	0x00, 0x00, 0x00, 0x00, 0x00, 0x00, 0x00, 0x00, 
	0x00, 0x00, 0x00, 0x00, 0x00, 0x00, 0x00, 0x00, 
	0x00, 0x00, 0x00, 0x00, 0x00, 0x0f, 0x0f, 0x00, 
	0x00, 0x00, 0x00, 0x00, 0x00, 0x00, 0x00, 0x0f, 
	0x0f, 0x00, 0x00, 0x00, 0x00, 0x00, 0x00, 0x00, 
	0x00, 0x0f, 0x0f, 0x00, 0x00, 0x00, 0x00, 0x00, 
	0x00, 0x00, 0x00, 0x00, 0x00, 0x00, 0x00, 0x00, 
	0x00, 0x00, 0x00, 0x00, 0x00, 0x00, 0x00, 0x00, 
	0x00, 0x00, 0x00, 0x00, 0x00, 0x00, 0x00, 0x00, 
	0x00, 0x00, 0x00, 0x00, 0x00, 0x00, 0x00, 0x00, 
	0x00, 0x00, 0x00, 0x00, 0x0f, 0x0f, 0x0f, 0x0f, 
	0x00, 0x00, 0x00, 0x00, 0x00, 0x00, 0x0f, 0x0f, 
	0x0f, 0x0f, 0x00, 0x00, 0x00, 0x00, 0x00, 0x00, 
	0x0f, 0x0f, 0x0f, 0x0f, 0x00, 0x00, 0x00, 0x00, 
	0x00, 0x00, 0x00, 0x00, 0x00, 0x00, 0x00, 0x00, 
	0x00, 0x00, 0x00, 0x00, 0x00, 0x00, 0x00, 0x00, 
	0x00, 0x00, 0x00, 0x00, 0x00, 0x00, 0x00, 0x00, 
	0x00, 0x00, 0x00, 0x00, 0x00, 0x00, 0x00, 0x00, 
	0x00, 0x00, 0x00, 0x00, 0x0f, 0x0f, 0x0f, 0x0f, 
	0x00, 0x00, 0x00, 0x00, 0x00, 0x00, 0x0f, 0x0f, 
	0x0f, 0x0f, 0x00, 0x00, 0x00, 0x00, 0x00, 0x00, 
	0x0f, 0x0f, 0x0f, 0x0f, 0x00, 0x00, 0x00, 0x00, 
	0x00, 0x00, 0x00, 0x00, 0x00, 0x00, 0x00, 0x00, 
	0x00, 0x00, 0x00, 0x00, 0x00, 0x00, 0x00, 0x00, 
	0x00, 0x00, 0x00, 0x00, 0x00, 0x00, 0x00, 0x00, 
	0x00, 0x00, 0x00, 0x00, 0x00, 0x00, 0x00, 0x00, 
	0x00, 0x00, 0x00, 0x00, 0x0f, 0x0f, 0x0f, 0x0f, 
	0x00, 0x00, 0x00, 0x00, 0x00, 0x00, 0x0f, 0x0f, 
	0x0f, 0x0f, 0x00, 0x00, 0x00, 0x00, 0x00, 0x00, 
	0x0f, 0x0f, 0x0f, 0x0f, 0x00, 0x00, 0x00, 0x00, 
	0x00, 0x00, 0x00, 0x00, 0x00, 0x00, 0x00, 0x00, 
	0x00, 0x00, 0x00, 0x00, 0x00, 0x00, 0x00, 0x00, 
	0x00, 0x00, 0x00, 0x00, 0x00, 0x00, 0x00, 0x00, 
	0x00, 0x00, 0x00, 0x00, 0x00, 0x00, 0x00, 0x00, 
	0x00, 0x00, 0x00, 0x00, 0x0f, 0x0f, 0x0f, 0x0f, 
	0x00, 0x00, 0x00, 0x00, 0x00, 0x00, 0x0f, 0x0f, 
	0x0f, 0x0f, 0x00, 0x00, 0x00, 0x00, 0x00, 0x00, 
	0x0f, 0x0f, 0x0f, 0x0f, 0x00, 0x00, 0x00, 0x00, 
	0x00, 0x00, 0x00, 0x00, 0x00, 0x00, 0x00, 0x00, 
	0x00, 0x00, 0x00, 0x00, 0x00, 0x00, 0x00, 0x00, 
	0x00, 0x00, 0x00, 0x00, 0x00, 0x00, 0x00, 0x00, 
	0x00, 0x00, 0x00, 0x00, 0x00, 0x00, 0x00, 0x00, 
	0x00, 0x00, 0x00, 0x00, 0x0f, 0x0f, 0x0f, 0x0f, 
	0x00, 0x00, 0x00, 0x00, 0x00, 0x00, 0x0f, 0x0f, 
	0x0f, 0x0f, 0x00, 0x00, 0x00, 0x00, 0x00, 0x00, 
	0x0f, 0x0f, 0x0f, 0x0f, 0x00, 0x00, 0x00, 0x00, 
	0x00, 0x00, 0x00, 0x00, 0x00, 0x00, 0x00, 0x00, 
	0x00, 0x00, 0x00, 0x00, 0x00, 0x00, 0x00, 0x00, 
	0x00, 0x00, 0x00, 0x00, 0x00, 0x00, 0x00, 0x00, 
	0x00, 0x00, 0x00, 0x00, 0x00, 0x00, 0x00, 0x00, 
	0x00, 0x00, 0x00, 0x00, 0x0f, 0x0f, 0x0f, 0x0f, 
	0x00, 0x00, 0x00, 0x00, 0x00, 0x00, 0x0f, 0x0f, 
	0x0f, 0x0f, 0x00, 0x00, 0x00, 0x00, 0x00, 0x00, 
	0x0f, 0x0f, 0x0f, 0x0f, 0x00, 0x00, 0x00, 0x00, 
	0x00, 0x00, 0x00, 0x00, 0x00, 0x00, 0x00, 0x00, 
	0x00, 0x00, 0x00, 0x00, 0x00, 0x00, 0x00, 0x00, 
	0x00, 0x00, 0x00, 0x00, 0x00, 0x00, 0x00, 0x00, 
	0x00, 0x00, 0x00, 0x00, 0x00, 0x00, 0x00, 0x00, 
	0x00, 0x00, 0x00, 0x00, 0x0f, 0x0f, 0x0f, 0x0f, 
	0x00, 0x00, 0x00, 0x00, 0x00, 0x00, 0x0f, 0x0f, 
	0x0f, 0x0f, 0x00, 0x00, 0x00, 0x00, 0x00, 0x00, 
	0x0f, 0x0f, 0x0f, 0x0f, 0x00, 0x00, 0x00, 0x00, 
	0x00, 0x00, 0x00, 0x00, 0x00, 0x00, 0x00, 0x00, 
	0x00, 0x00, 0x00, 0x00, 0x00, 0x00, 0x00, 0x00, 
	0x00, 0x00, 0x00, 0x00, 0x00, 0x00, 0x00, 0x00, 
	0x00, 0x00, 0x00, 0x00, 0x00, 0x00, 0x00, 0x00, 
	0x00, 0x00, 0x00, 0x00, 0x0f, 0x0f, 0x0f, 0x0f, 
	0x00, 0x00, 0x00, 0x00, 0x00, 0x00, 0x0f, 0x0f, 
	0x0f, 0x0f, 0x00, 0x00, 0x00, 0x00, 0x00, 0x00, 
	0x0f, 0x0f, 0x0f, 0x0f, 0x00, 0x00, 0x00, 0x00, 
	0x00, 0x00, 0x00, 0x00, 0x00, 0x00, 0x00, 0x00, 
	0x00, 0x00, 0x00, 0x00, 0x00, 0x00, 0x00, 0x00, 
	0x00, 0x00, 0x00, 0x00, 0x00, 0x00, 0x00, 0x00, 
	0x00, 0x00, 0x00, 0x00, 0x00, 0x00, 0x00, 0x00, 
	0x00, 0x00, 0x00, 0x00, 0x0f, 0x0f, 0x0f, 0x0f, 
	0x00, 0x00, 0x00, 0x00, 0x00, 0x00, 0x0f, 0x0f, 
	0x0f, 0x0f, 0x00, 0x00, 0x00, 0x00, 0x00, 0x00, 
	0x0f, 0x0f, 0x0f, 0x0f, 0x00, 0x00, 0x00, 0x00, 
	0x00, 0x00, 0x00, 0x00, 0x00, 0x00, 0x00, 0x00, 
	0x00, 0x00, 0x00, 0x00, 0x00, 0x00, 0x00, 0x00, 
	0x00, 0x00, 0x00, 0x00, 0x00, 0x00, 0x00, 0x00, 
	0x00, 0x00, 0x00, 0x00, 0x00, 0x00, 0x00, 0x00, 
	0x00, 0x00, 0x00, 0x00, 0x00, 0x0f, 0x0f, 0x00, 
	0x00, 0x00, 0x00, 0x00, 0x00, 0x00, 0x00, 0x0f, 
	0x0f, 0x00, 0x00, 0x00, 0x00, 0x00, 0x00, 0x00, 
	0x00, 0x0f, 0x0f, 0x00, 0x00, 0x00, 0x00, 0x00, 
	0x00, 0x00, 0x00, 0x00, 0x00, 0x00, 0x00, 0x00, 
	0x00, 0x00, 0x00, 0x00, 0x00, 0x00, 0x00, 0x00, 
	0x00, 0x00, 0x00, 0x00, 0x00, 0x00, 0x00, 0x00, 
	0x00, 0x00, 0x00, 0x00, 0x00, 0x00, 0x00, 0x00, 
	0x00, 0x00, 0x00, 0x00, 0x00, 0x00, 0x00, 0x00, 
	0x00, 0x00, 0x00, 0x00, 0x00, 0x00, 0x00, 0x00, 
	0x00, 0x00, 0x00, 0x00, 0x00, 0x00, 0x00, 0x00, 
	0x00, 0x00, 0x00, 0x00, 0x00, 0x00, 0x00, 0x00, 
	0x00, 0x00, 0x00, 0x00, 0x00, 0x00, 0x00, 0x00, 
	0x00, 0x00, 0x00, 0x00, 0x00, 0x00, 0x00, 0x00, 
	0x00, 0x00, 0x00, 0x00, 0x00, 0x00, 0x00, 0x00, 
	0x00, 0x00, 0x00, 0x00, 0x00, 0x00, 0x00, 0x00, 
	0x00, 0x00, 0x00, 0x00, 0x00, 0x00, 0x00, 0x00, 
	0x00, 0x00, 0x00, 0x00, 0x00, 0x00, 0x00, 0x00, 
	0x00, 0x00, 0x00, 0x00, 0x00, 0x00, 0x00, 0x00, 
	0x00, 0x00, 0x00, 0x00, 0x00, 0x00, 0x00, 0x00, 
	0x00, 0x00, 0x00, 0x00, 0x00, 0x00, 0x00, 0x00, 
	0x00, 0x00, 0x00, 0x00, 0x00, 0x00, 0x00, 0x00, 
	0x00, 0x00, 0x00, 0x00, 0x00, 0x00, 0x00, 0x00, 
	0x00, 0x00, 0x00, 0x00, 0x00, 0x00, 0x00, 0x00, 
	0x00, 0x00, 0x00, 0x00, 0x00, 0x00, 0x00, 0x00, 
	0x00, 0x00, 0x00, 0x00, 0x00, 0x00, 0x00, 0x00, 
	0x00, 0x00, 0x00, 0x00, 0x00, 0x00, 0x00, 0x00, 
	0x00, 0x00, 0x00, 0x00, 0x00, 0x00, 0x00, 0x00, 
	0x00, 0x00, 0x00, 0x00, 0x00, 0x00, 0x00, 0x00, 
	0x00, 0x00, 0x00, 0x00, 0x00, 0x00, 0x00, 0x00, 
	0x00, 0x00, 0x00, 0x00, 0x00, 0x00, 0x00, 0x00, 
	0x00, 0x00, 0x00, 0x00, 0x00, 0x00, 0x00, 0x00, 
	0x00, 0x00, 0x00, 0x00, 0x00, 0x00, 0x00, 0x00, 
	0x00, 0x00, 0x00, 0x00, 0x00, 0x00, 0x00, 0x00, 
	0x00, 0x00, 0x00, 0x00, 0x00, 0x00, 0x00, 0x00, 
	0x00, 0x00, 0x00, 0x00, 0x00, 0x00, 0x00, 0x00, 
	0x00, 0x00, 0x00, 0x00, 0x00, 0x00, 0x00, 0x00, 
	0x00, 0x00, 0x00, 0x00, 0x00, 0x00, 0x00, 0x00, 
	0x00, 0x00, 0x00, 0x00, 0x00, 0x00, 0x00, 0x00, 
	0x00, 0x00, 0x00, 0x00, 0x00, 0x00, 0x00, 0x00, 
	0x00, 0x00, 0x00, 0x00, 0x00, 0x00, 0x00, 0x00, 
	0x00, 0x00, 0x00, 0x00, 0x00, 0x00, 0x00, 0x00, 
	0x00, 0x00, 0x00, 0x00, 0x00, 0x00, 0x00, 0x00, 
	0x00, 0x00, 0x00, 0x00, 0x00, 0x00, 0x00, 0x00, 
	0x00, 0x00, 0x00, 0x00, 0x00, 0x00, 0x00, 0x00, 
	0x00, 0x00, 0x00, 0x00, 0x00, 0x00, 0x00, 0x00, 
	0x00, 0x00, 0x00, 0x00, 0x00, 0x00, 0x00, 0x00, 
	0x00, 0x00, 0x00, 0x00, 0x00, 0x00, 0x00, 0x00, 
	0x00, 0x00, 0x00, 0x00, 0x00, 0x00, 0x00, 0x00, 
	0x00, 0x00, 0x00, 0x00, 0x00, 0x00, 0x00, 0x00, 
	0x00, 0x00, 0x00, 0x00, 0x00, 0x00, 0x00, 0x00, 
	0x00, 0x00, 0x00, 0x00, 0x00, 0x00, 0x00, 0x00, 
	0x00, 0x00, 0x00, 0x00, 0x00, 0x00, 0x00, 0x00, 
	0x00, 0x00, 0x00, 0x00, 0x00, 0x00, 0x00, 0x00, 
	
};

Texture squishy_eye_3_ia8[] = {
	0x00, 0x00, 0x00, 0x00, 0x00, 0x00, 0x00, 0x00, 
	0x00, 0x00, 0x00, 0x00, 0x00, 0x00, 0x00, 0x00, 
	0x00, 0x00, 0x00, 0x00, 0x00, 0x00, 0x00, 0x00, 
	0x00, 0x00, 0x00, 0x00, 0x00, 0x00, 0x00, 0x00, 
	0x00, 0x00, 0x00, 0x00, 0x00, 0x00, 0x00, 0x00, 
	0x00, 0x00, 0x00, 0x00, 0x00, 0x00, 0x00, 0x00, 
	0x00, 0x00, 0x00, 0x00, 0x00, 0x00, 0x00, 0x00, 
	0x00, 0x00, 0x00, 0x00, 0x00, 0x00, 0x00, 0x00, 
	0x00, 0x00, 0x00, 0x00, 0x00, 0x00, 0x00, 0x00, 
	0x00, 0x00, 0x00, 0x00, 0x00, 0x00, 0x00, 0x00, 
	0x00, 0x00, 0x00, 0x00, 0x00, 0x00, 0x00, 0x00, 
	0x00, 0x00, 0x00, 0x00, 0x00, 0x00, 0x00, 0x00, 
	0x00, 0x00, 0x00, 0x00, 0x00, 0x00, 0x00, 0x00, 
	0x00, 0x00, 0x00, 0x00, 0x00, 0x00, 0x00, 0x00, 
	0x00, 0x00, 0x00, 0x00, 0x00, 0x00, 0x00, 0x00, 
	0x00, 0x00, 0x00, 0x00, 0x00, 0x00, 0x00, 0x00, 
	0x00, 0x00, 0x00, 0x00, 0x00, 0x00, 0x00, 0x00, 
	0x00, 0x00, 0x00, 0x00, 0x00, 0x00, 0x00, 0x00, 
	0x00, 0x00, 0x00, 0x00, 0x00, 0x00, 0x00, 0x00, 
	0x00, 0x00, 0x00, 0x00, 0x00, 0x00, 0x00, 0x00, 
	0x00, 0x00, 0x00, 0x00, 0x00, 0x00, 0x00, 0x00, 
	0x00, 0x00, 0x00, 0x00, 0x00, 0x00, 0x00, 0x00, 
	0x00, 0x00, 0x00, 0x00, 0x00, 0x00, 0x00, 0x00, 
	0x00, 0x00, 0x00, 0x00, 0x00, 0x00, 0x00, 0x00, 
	0x00, 0x00, 0x00, 0x00, 0x00, 0x00, 0x00, 0x00, 
	0x00, 0x00, 0x00, 0x00, 0x00, 0x00, 0x00, 0x00, 
	0x00, 0x00, 0x00, 0x00, 0x00, 0x00, 0x00, 0x00, 
	0x00, 0x00, 0x00, 0x00, 0x00, 0x00, 0x00, 0x00, 
	0x00, 0x00, 0x00, 0x00, 0x00, 0x00, 0x00, 0x00, 
	0x00, 0x00, 0x00, 0x00, 0x00, 0x00, 0x00, 0x00, 
	0x00, 0x00, 0x00, 0x00, 0x00, 0x00, 0x00, 0x00, 
	0x00, 0x00, 0x00, 0x00, 0x00, 0x00, 0x00, 0x00, 
	0x00, 0x00, 0x00, 0x00, 0x00, 0x00, 0x00, 0x00, 
	0x00, 0x00, 0x00, 0x00, 0x00, 0x00, 0x00, 0x00, 
	0x00, 0x00, 0x00, 0x00, 0x00, 0x00, 0x00, 0x00, 
	0x00, 0x00, 0x00, 0x00, 0x00, 0x00, 0x00, 0x00, 
	0x00, 0x00, 0x00, 0x00, 0x00, 0x00, 0x00, 0x00, 
	0x00, 0x00, 0x00, 0x00, 0x00, 0x00, 0x00, 0x00, 
	0x00, 0x00, 0x00, 0x00, 0x00, 0x00, 0x00, 0x00, 
	0x00, 0x00, 0x00, 0x00, 0x00, 0x00, 0x00, 0x00, 
	0x00, 0x00, 0x00, 0x00, 0x00, 0x00, 0x00, 0x00, 
	0x00, 0x00, 0x00, 0x00, 0x00, 0x00, 0x00, 0x00, 
	0x00, 0x00, 0x00, 0x00, 0x00, 0x00, 0x00, 0x00, 
	0x00, 0x00, 0x00, 0x00, 0x00, 0x00, 0x00, 0x00, 
	0x00, 0x00, 0x00, 0x00, 0x00, 0x00, 0x00, 0x00, 
	0x00, 0x00, 0x00, 0x00, 0x00, 0x00, 0x00, 0x00, 
	0x00, 0x00, 0x00, 0x00, 0x00, 0x00, 0x00, 0x00, 
	0x00, 0x00, 0x00, 0x00, 0x00, 0x00, 0x00, 0x00, 
	0x00, 0x00, 0x00, 0x00, 0x00, 0x00, 0x00, 0x00, 
	0x00, 0x00, 0x00, 0x00, 0x00, 0x00, 0x00, 0x00, 
	0x00, 0x00, 0x00, 0x00, 0x00, 0x00, 0x00, 0x00, 
	0x00, 0x00, 0x00, 0x00, 0x00, 0x00, 0x00, 0x00, 
	0x00, 0x00, 0x00, 0x00, 0x00, 0x00, 0x00, 0x00, 
	0x00, 0x00, 0x00, 0x00, 0x00, 0x00, 0x00, 0x00, 
	0x00, 0x00, 0x00, 0x00, 0x00, 0x00, 0x00, 0x00, 
	0x00, 0x00, 0x00, 0x00, 0x00, 0x00, 0x00, 0x00, 
	0x00, 0x00, 0x00, 0x00, 0x00, 0x00, 0x00, 0x00, 
	0x00, 0x00, 0x00, 0x00, 0x00, 0x00, 0x00, 0x00, 
	0x00, 0x00, 0x00, 0x00, 0x00, 0x00, 0x00, 0x00, 
	0x00, 0x00, 0x00, 0x00, 0x00, 0x00, 0x00, 0x00, 
	0x00, 0x00, 0x00, 0x00, 0x00, 0x00, 0x00, 0x00, 
	0x00, 0x00, 0x00, 0x00, 0x00, 0x00, 0x00, 0x00, 
	0x00, 0x00, 0x00, 0x00, 0x00, 0x00, 0x00, 0x00, 
	0x00, 0x00, 0x00, 0x00, 0x00, 0x00, 0x00, 0x00, 
	0x00, 0x00, 0x00, 0x00, 0x00, 0x00, 0x00, 0x00, 
	0x00, 0x00, 0x00, 0x00, 0x00, 0x00, 0x00, 0x00, 
	0x00, 0x00, 0x00, 0x00, 0x00, 0x00, 0x00, 0x00, 
	0x00, 0x00, 0x00, 0x00, 0x00, 0x00, 0x00, 0x00, 
	0x00, 0x00, 0x00, 0x00, 0x00, 0x00, 0x00, 0x00, 
	0x00, 0x00, 0x00, 0x00, 0x00, 0x00, 0x00, 0x00, 
	0x00, 0x00, 0x00, 0x00, 0x00, 0x00, 0x00, 0x00, 
	0x00, 0x00, 0x00, 0x00, 0x00, 0x00, 0x00, 0x00, 
	0x00, 0x00, 0x00, 0x00, 0x00, 0x00, 0x00, 0x00, 
	0x00, 0x00, 0x00, 0x00, 0x00, 0x00, 0x00, 0x00, 
	0x00, 0x00, 0x00, 0x00, 0x00, 0x00, 0x00, 0x00, 
	0x00, 0x00, 0x00, 0x00, 0x00, 0x00, 0x00, 0x00, 
	0x00, 0x00, 0x00, 0x00, 0x00, 0x00, 0x00, 0x00, 
	0x00, 0x00, 0x00, 0x00, 0x00, 0x00, 0x00, 0x00, 
	0x00, 0x00, 0x00, 0x00, 0x00, 0x00, 0x00, 0x00, 
	0x00, 0x00, 0x00, 0x00, 0x00, 0x00, 0x00, 0x00, 
	0x00, 0x00, 0x00, 0x00, 0x00, 0x00, 0x00, 0x00, 
	0x00, 0x00, 0x00, 0x00, 0x00, 0x00, 0x00, 0x00, 
	0x00, 0x00, 0x00, 0x00, 0x00, 0x00, 0x00, 0x00, 
	0x00, 0x00, 0x00, 0x00, 0x00, 0x00, 0x00, 0x00, 
	0x00, 0x00, 0x00, 0x00, 0x00, 0x00, 0x00, 0x00, 
	0x00, 0x00, 0x00, 0x00, 0x00, 0x00, 0x00, 0x00, 
	0x00, 0x00, 0x00, 0x00, 0x00, 0x00, 0x00, 0x00, 
	0x00, 0x00, 0x00, 0x00, 0x00, 0x00, 0x00, 0x00, 
	0x00, 0x00, 0x00, 0x00, 0x00, 0x00, 0x00, 0x00, 
	0x00, 0x00, 0x00, 0x00, 0x00, 0x00, 0x00, 0x00, 
	0x00, 0x00, 0x00, 0x00, 0x00, 0x00, 0x00, 0x00, 
	0x00, 0x00, 0x00, 0x00, 0x00, 0x00, 0x00, 0x00, 
	0x00, 0x00, 0x00, 0x00, 0x00, 0x00, 0x00, 0x00, 
	0x00, 0x00, 0x00, 0x00, 0x00, 0x00, 0x00, 0x00, 
	0x00, 0x00, 0x00, 0x00, 0x00, 0x00, 0x00, 0x00, 
	0x00, 0x00, 0x00, 0x00, 0x00, 0x00, 0x00, 0x00, 
	0x00, 0x00, 0x00, 0x00, 0x00, 0x00, 0x00, 0x00, 
	0x00, 0x00, 0x00, 0x00, 0x00, 0x00, 0x00, 0x00, 
	0x00, 0x00, 0x00, 0x00, 0x00, 0x00, 0x00, 0x00, 
	0x00, 0x00, 0x00, 0x00, 0x00, 0x00, 0x00, 0x00, 
	0x00, 0x00, 0x00, 0x00, 0x00, 0x00, 0x00, 0x00, 
	0x00, 0x00, 0x00, 0x00, 0x00, 0x00, 0x00, 0x00, 
	0x00, 0x00, 0x00, 0x00, 0x00, 0x00, 0x00, 0x00, 
	0x00, 0x00, 0x00, 0x00, 0x00, 0x00, 0x00, 0x00, 
	0x00, 0x00, 0x00, 0x00, 0x00, 0x00, 0x00, 0x00, 
	0x00, 0x00, 0x00, 0x00, 0x00, 0x00, 0x00, 0x00, 
	0x00, 0x00, 0x00, 0x00, 0x00, 0x00, 0x00, 0x00, 
	0x00, 0x00, 0x00, 0x00, 0x00, 0x00, 0x00, 0x00, 
	0x00, 0x00, 0x00, 0x00, 0x00, 0x00, 0x00, 0x00, 
	0x00, 0x00, 0x00, 0x00, 0x00, 0x00, 0x00, 0x00, 
	0x00, 0x00, 0x00, 0x00, 0x00, 0x00, 0x00, 0x00, 
	0x00, 0x00, 0x00, 0x00, 0x00, 0x00, 0x00, 0x00, 
	0x00, 0x00, 0x00, 0x00, 0x00, 0x00, 0x00, 0x00, 
	0x00, 0x00, 0x00, 0x00, 0x00, 0x00, 0x00, 0x00, 
	0x00, 0x00, 0x00, 0x00, 0x00, 0x00, 0x00, 0x00, 
	0x00, 0x00, 0x00, 0x00, 0x00, 0x00, 0x00, 0x00, 
	0x00, 0x00, 0x00, 0x00, 0x00, 0x00, 0x00, 0x00, 
	0x00, 0x00, 0x00, 0x00, 0x00, 0x00, 0x00, 0x00, 
	0x00, 0x00, 0x00, 0x00, 0x00, 0x00, 0x00, 0x00, 
	0x00, 0x00, 0x00, 0x00, 0x00, 0x00, 0x00, 0x00, 
	0x00, 0x00, 0x00, 0x00, 0x00, 0x00, 0x00, 0x00, 
	0x00, 0x00, 0x00, 0x00, 0x00, 0x00, 0x00, 0x00, 
	0x00, 0x00, 0x00, 0x00, 0x00, 0x00, 0x00, 0x00, 
	0x00, 0x00, 0x00, 0x00, 0x00, 0x00, 0x00, 0x00, 
	0x00, 0x00, 0x00, 0x00, 0x00, 0x00, 0x00, 0x00, 
	0x00, 0x00, 0x00, 0x00, 0x00, 0x00, 0x00, 0x00, 
	0x00, 0x00, 0x00, 0x00, 0x00, 0x00, 0x00, 0x00, 
	0x00, 0x00, 0x00, 0x00, 0x00, 0x00, 0x00, 0x00, 
	0x00, 0x00, 0x00, 0x00, 0x00, 0x00, 0x00, 0x00, 
	0x00, 0x00, 0x00, 0x00, 0x00, 0x00, 0x00, 0x00, 
	0x00, 0x00, 0x00, 0x00, 0x00, 0x00, 0x00, 0x00, 
	0x00, 0x00, 0x00, 0x00, 0x00, 0x00, 0x00, 0x00, 
	0x00, 0x00, 0x00, 0x00, 0x00, 0x00, 0x00, 0x00, 
	0x00, 0x00, 0x00, 0x00, 0x00, 0x00, 0x00, 0x00, 
	0x00, 0x00, 0x00, 0x00, 0x00, 0x00, 0x00, 0x00, 
	0x00, 0x00, 0x00, 0x00, 0x00, 0x00, 0x00, 0x00, 
	0x00, 0x00, 0x00, 0x00, 0x00, 0x00, 0x00, 0x00, 
	0x00, 0x00, 0x00, 0x00, 0x00, 0x00, 0x00, 0x00, 
	0x00, 0x00, 0x00, 0x00, 0x00, 0x00, 0x00, 0x00, 
	0x00, 0x00, 0x00, 0x00, 0x00, 0x00, 0x00, 0x00, 
	0x00, 0x00, 0x00, 0x00, 0x00, 0x00, 0x00, 0x00, 
	0x00, 0x00, 0x00, 0x00, 0x00, 0x00, 0x00, 0x00, 
	0x00, 0x00, 0x00, 0x00, 0x00, 0x00, 0x00, 0x00, 
	0x00, 0x00, 0x00, 0x00, 0x00, 0x00, 0x00, 0x00, 
	0x00, 0x00, 0x00, 0x00, 0x00, 0x00, 0x00, 0x00, 
	0x00, 0x00, 0x00, 0x00, 0x00, 0x00, 0x00, 0x00, 
	0x00, 0x00, 0x00, 0x00, 0x00, 0x00, 0x00, 0x00, 
	0x00, 0x00, 0x00, 0x00, 0x00, 0x00, 0x00, 0x00, 
	0x00, 0x00, 0x00, 0x00, 0x00, 0x00, 0x00, 0x00, 
	0x00, 0x00, 0x00, 0x00, 0x00, 0x00, 0x00, 0x00, 
	0x00, 0x00, 0x00, 0x00, 0x00, 0x00, 0x00, 0x00, 
	0x00, 0x00, 0x00, 0x00, 0x00, 0x00, 0x00, 0x00, 
	0x00, 0x00, 0x00, 0x00, 0x00, 0x00, 0x00, 0x00, 
	0x00, 0x00, 0x00, 0x00, 0x00, 0x00, 0x00, 0x00, 
	0x00, 0x00, 0x00, 0x00, 0x00, 0x00, 0x00, 0x00, 
	0x00, 0x00, 0x00, 0x00, 0x00, 0x00, 0x00, 0x00, 
	0x00, 0x00, 0x00, 0x00, 0x00, 0x00, 0x00, 0x00, 
	0x00, 0x00, 0x00, 0x00, 0x00, 0x00, 0x00, 0x00, 
	0x00, 0x00, 0x00, 0x00, 0x00, 0x00, 0x00, 0x00, 
	0x00, 0x00, 0x00, 0x00, 0x00, 0x00, 0x00, 0x00, 
	0x00, 0x00, 0x00, 0x00, 0x00, 0x00, 0x00, 0x00, 
	0x00, 0x00, 0x00, 0x00, 0x00, 0x00, 0x00, 0x00, 
	0x00, 0x00, 0x00, 0x00, 0x00, 0x00, 0x00, 0x00, 
	0x00, 0x00, 0x00, 0x00, 0x00, 0x00, 0x00, 0x00, 
	0x00, 0x00, 0x00, 0x00, 0x00, 0x00, 0x00, 0x00, 
	0x00, 0x00, 0x00, 0x00, 0x00, 0x00, 0x00, 0x00, 
	0x00, 0x00, 0x00, 0x00, 0x00, 0x00, 0x00, 0x00, 
	0x00, 0x00, 0x00, 0x00, 0x00, 0x00, 0x00, 0x00, 
	0x00, 0x00, 0x00, 0x00, 0x00, 0x00, 0x00, 0x00, 
	0x00, 0x00, 0x00, 0x00, 0x00, 0x00, 0x00, 0x00, 
	0x00, 0x00, 0x00, 0x00, 0x00, 0x00, 0x00, 0x00, 
	0x00, 0x00, 0x00, 0x00, 0x00, 0x00, 0x00, 0x00, 
	0x00, 0x00, 0x00, 0x00, 0x00, 0x00, 0x00, 0x00, 
	0x00, 0x00, 0x00, 0x00, 0x00, 0x00, 0x00, 0x00, 
	0x00, 0x00, 0x00, 0x00, 0x00, 0x00, 0x00, 0x00, 
	0x00, 0x00, 0x00, 0x00, 0x00, 0x00, 0x00, 0x00, 
	0x00, 0x00, 0x00, 0x00, 0x00, 0x00, 0x00, 0x00, 
	0x00, 0x00, 0x00, 0x00, 0x00, 0x00, 0x00, 0x00, 
	0x00, 0x00, 0x00, 0x00, 0x00, 0x00, 0x00, 0x00, 
	0x00, 0x00, 0x00, 0x00, 0x00, 0x00, 0x00, 0x00, 
	0x00, 0x00, 0x00, 0x00, 0x00, 0x00, 0x00, 0x00, 
	0x00, 0x00, 0x00, 0x00, 0x00, 0x00, 0x00, 0x00, 
	0x00, 0x00, 0x00, 0x00, 0x00, 0x00, 0x00, 0x00, 
	0x00, 0x00, 0x00, 0x00, 0x00, 0x00, 0x00, 0x00, 
	0x00, 0x00, 0x00, 0x00, 0x00, 0x00, 0x00, 0x00, 
	0x00, 0x00, 0x00, 0x00, 0x00, 0x00, 0x00, 0x00, 
	0x00, 0x00, 0x00, 0x00, 0x00, 0x00, 0x00, 0x00, 
	0x00, 0x00, 0x00, 0x00, 0x00, 0x00, 0x00, 0x00, 
	0x00, 0x00, 0x00, 0x00, 0x00, 0x00, 0x00, 0x00, 
	0x00, 0x00, 0x00, 0x00, 0x00, 0x00, 0x00, 0x00, 
	0x00, 0x00, 0x00, 0x00, 0x00, 0x00, 0x00, 0x00, 
	0x00, 0x00, 0x00, 0x00, 0x00, 0x00, 0x00, 0x00, 
	0x00, 0x00, 0x00, 0x00, 0x00, 0x00, 0x00, 0x00, 
	0x00, 0x00, 0x00, 0x00, 0x00, 0x00, 0x00, 0x00, 
	0x00, 0x00, 0x00, 0x00, 0x00, 0x00, 0x00, 0x00, 
	0x00, 0x00, 0x00, 0x00, 0x00, 0x00, 0x00, 0x00, 
	0x00, 0x00, 0x00, 0x00, 0x00, 0x00, 0x00, 0x00, 
	0x00, 0x00, 0x00, 0x00, 0x00, 0x00, 0x00, 0x00, 
	0x00, 0x00, 0x00, 0x00, 0x00, 0x00, 0x00, 0x00, 
	0x00, 0x00, 0x00, 0x00, 0x00, 0x00, 0x00, 0x00, 
	0x00, 0x00, 0x00, 0x00, 0x00, 0x00, 0x00, 0x00, 
	0x00, 0x00, 0x00, 0x00, 0x00, 0x00, 0x00, 0x00, 
	0x00, 0x00, 0x00, 0x00, 0x00, 0x00, 0x00, 0x00, 
	0x00, 0x00, 0x00, 0x00, 0x00, 0x00, 0x00, 0x00, 
	0x00, 0x00, 0x00, 0x00, 0x00, 0x00, 0x00, 0x00, 
	0x00, 0x00, 0x00, 0x00, 0x00, 0x00, 0x00, 0x00, 
	0x00, 0x00, 0x00, 0x00, 0x00, 0x00, 0x00, 0x00, 
	0x00, 0x00, 0x00, 0x00, 0x00, 0x00, 0x00, 0x00, 
	0x00, 0x00, 0x00, 0x00, 0x00, 0x00, 0x00, 0x00, 
	0x00, 0x00, 0x00, 0x00, 0x00, 0x00, 0x00, 0x00, 
	0x00, 0x00, 0x00, 0x00, 0x00, 0x00, 0x00, 0x00, 
	0x00, 0x00, 0x00, 0x00, 0x00, 0x00, 0x00, 0x00, 
	0x00, 0x00, 0x00, 0x00, 0x00, 0x00, 0x00, 0x00, 
	0x00, 0x00, 0x00, 0x00, 0x00, 0x00, 0x00, 0x00, 
	0x00, 0x00, 0x00, 0x00, 0x00, 0x00, 0x00, 0x00, 
	0x00, 0x00, 0x00, 0x00, 0x00, 0x00, 0x00, 0x00, 
	0x00, 0x00, 0x00, 0x00, 0x00, 0x00, 0x00, 0x00, 
	0x00, 0x00, 0x00, 0x00, 0x00, 0x00, 0x00, 0x00, 
	0x00, 0x00, 0x00, 0x00, 0x00, 0x00, 0x00, 0x00, 
	0x00, 0x00, 0x00, 0x00, 0x00, 0x00, 0x00, 0x00, 
	0x00, 0x00, 0x00, 0x00, 0x00, 0x00, 0x00, 0x00, 
	0x00, 0x00, 0x00, 0x00, 0x00, 0x00, 0x00, 0x00, 
	0x00, 0x00, 0x00, 0x00, 0x00, 0x00, 0x00, 0x00, 
	0x00, 0x00, 0x00, 0x00, 0x00, 0x00, 0x00, 0x00, 
	0x00, 0x00, 0x00, 0x00, 0x00, 0x00, 0x00, 0x00, 
	0x00, 0x00, 0x00, 0x00, 0x00, 0x00, 0x00, 0x00, 
	0x00, 0x00, 0x00, 0x00, 0x00, 0x00, 0x00, 0x00, 
	0x00, 0x00, 0x00, 0x00, 0x00, 0x00, 0x00, 0x00, 
	0x00, 0x00, 0x00, 0x00, 0x00, 0x00, 0x00, 0x00, 
	0x00, 0x00, 0x00, 0x00, 0x00, 0x00, 0x00, 0x00, 
	0x00, 0x00, 0x00, 0x00, 0x00, 0x00, 0x00, 0x00, 
	0x00, 0x00, 0x00, 0x00, 0x00, 0x00, 0x00, 0x00, 
	0x00, 0x00, 0x00, 0x00, 0x00, 0x00, 0x00, 0x00, 
	0x00, 0x00, 0x00, 0x00, 0x00, 0x00, 0x00, 0x00, 
	0x00, 0x00, 0x00, 0x00, 0x00, 0x00, 0x00, 0x00, 
	0x00, 0x00, 0x00, 0x00, 0x00, 0x00, 0x00, 0x00, 
	0x00, 0x00, 0x00, 0x00, 0x00, 0x00, 0x00, 0x00, 
	0x00, 0x00, 0x00, 0x00, 0x00, 0x00, 0x00, 0x00, 
	0x00, 0x00, 0x00, 0x00, 0x00, 0x00, 0x00, 0x00, 
	0x00, 0x00, 0x00, 0x00, 0x00, 0x00, 0x00, 0x00, 
	0x00, 0x00, 0x00, 0x00, 0x00, 0x00, 0x00, 0x00, 
	0x00, 0x00, 0x00, 0x00, 0x00, 0x00, 0x00, 0x00, 
	0x00, 0x00, 0x00, 0x00, 0x00, 0x00, 0x00, 0x00, 
	0x00, 0x00, 0x00, 0x00, 0x00, 0x00, 0x00, 0x00, 
	0x00, 0x00, 0x00, 0x00, 0x00, 0x00, 0x00, 0x00, 
	0x00, 0x00, 0x00, 0x00, 0x00, 0x00, 0x00, 0x00, 
	0x00, 0x00, 0x00, 0x00, 0x00, 0x00, 0x00, 0x00, 
	0x00, 0x00, 0x00, 0x00, 0x00, 0x00, 0x00, 0x00, 
	0x00, 0x00, 0x00, 0x00, 0x00, 0x00, 0x00, 0x00, 
	0x00, 0x00, 0x00, 0x00, 0x00, 0x00, 0x00, 0x00, 
	0x00, 0x00, 0x00, 0x00, 0x00, 0x00, 0x00, 0x00, 
	0x00, 0x00, 0x00, 0x00, 0x00, 0x00, 0x00, 0x00, 
	0x00, 0x00, 0x00, 0x00, 0x00, 0x00, 0x00, 0x00, 
	0x00, 0x00, 0x00, 0x00, 0x00, 0x00, 0x00, 0x00, 
	0x00, 0x00, 0x00, 0x00, 0x00, 0x00, 0x00, 0x00, 
	0x00, 0x00, 0x00, 0x00, 0x00, 0x00, 0x00, 0x00, 
	0x00, 0x00, 0x00, 0x00, 0x00, 0x00, 0x00, 0x00, 
	0x00, 0x00, 0x00, 0x00, 0x00, 0x00, 0x00, 0x00, 
	0x00, 0x00, 0x00, 0x00, 0x00, 0x00, 0x00, 0x00, 
	0x00, 0x00, 0x00, 0x00, 0x00, 0x00, 0x00, 0x00, 
	0x00, 0x00, 0x00, 0x00, 0x00, 0x00, 0x00, 0x00, 
	0x00, 0x00, 0x00, 0x00, 0x00, 0x00, 0x00, 0x00, 
	0x00, 0x00, 0x00, 0x00, 0x00, 0x00, 0x00, 0x00, 
	0x00, 0x00, 0x00, 0x00, 0x00, 0x00, 0x00, 0x00, 
	0x00, 0x00, 0x00, 0x00, 0x00, 0x00, 0x00, 0x00, 
	0x00, 0x00, 0x00, 0x00, 0x00, 0x00, 0x00, 0x00, 
	0x00, 0x00, 0x00, 0x00, 0x00, 0x00, 0x00, 0x00, 
	0x00, 0x00, 0x00, 0x00, 0x00, 0x00, 0x00, 0x00, 
	0x00, 0x00, 0x00, 0x00, 0x00, 0x00, 0x00, 0x00, 
	0x00, 0x00, 0x00, 0x00, 0x00, 0x00, 0x00, 0x00, 
	0x00, 0x00, 0x00, 0x00, 0x00, 0x00, 0x00, 0x00, 
	0x00, 0x00, 0x00, 0x00, 0x00, 0x00, 0x00, 0x00, 
	0x00, 0x00, 0x00, 0x00, 0x00, 0x00, 0x00, 0x00, 
	0x00, 0x00, 0x00, 0x00, 0x00, 0x00, 0x00, 0x00, 
	0x00, 0x00, 0x00, 0x00, 0x00, 0x00, 0x00, 0x00, 
	0x00, 0x00, 0x00, 0x00, 0x00, 0x00, 0x00, 0x00, 
	0x00, 0x00, 0x00, 0x00, 0x00, 0x00, 0x00, 0x00, 
	0x00, 0x00, 0x00, 0x00, 0x00, 0x00, 0x00, 0x00, 
	0x00, 0x00, 0x00, 0x00, 0x00, 0x00, 0x00, 0x00, 
	0x00, 0x00, 0x00, 0x00, 0x00, 0x00, 0x00, 0x00, 
	0x00, 0x00, 0x00, 0x00, 0x00, 0x00, 0x00, 0x00, 
	0x00, 0x00, 0x00, 0x00, 0x00, 0x00, 0x00, 0x00, 
	0x00, 0x00, 0x00, 0x00, 0x00, 0x00, 0x00, 0x00, 
	0x00, 0x00, 0x00, 0x00, 0x00, 0x00, 0x00, 0x00, 
	0x00, 0x00, 0x00, 0x00, 0x00, 0x00, 0x00, 0x00, 
	0x00, 0x00, 0x00, 0x00, 0x00, 0x00, 0x00, 0x00, 
	0x00, 0x00, 0x00, 0x00, 0x00, 0x00, 0x00, 0x00, 
	0x00, 0x00, 0x00, 0x00, 0x00, 0x00, 0x00, 0x00, 
	0x00, 0x00, 0x00, 0x00, 0x00, 0x00, 0x00, 0x00, 
	0x00, 0x00, 0x00, 0x00, 0x00, 0x00, 0x00, 0x00, 
	0x00, 0x00, 0x00, 0x00, 0x00, 0x00, 0x00, 0x00, 
	0x00, 0x00, 0x00, 0x00, 0x00, 0x00, 0x00, 0x00, 
	0x00, 0x00, 0x00, 0x00, 0x00, 0x00, 0x00, 0x00, 
	0x00, 0x00, 0x00, 0x00, 0x00, 0x00, 0x00, 0x00, 
	0x00, 0x00, 0x00, 0x00, 0x00, 0x00, 0x00, 0x00, 
	0x00, 0x00, 0x00, 0x00, 0x00, 0x00, 0x00, 0x00, 
	0x00, 0x00, 0x00, 0x00, 0x00, 0x00, 0x00, 0x00, 
	0x00, 0x00, 0x00, 0x00, 0x00, 0x00, 0x00, 0x00, 
	0x00, 0x00, 0x00, 0x00, 0x00, 0x00, 0x00, 0x00, 
	0x00, 0x00, 0x00, 0x00, 0x00, 0x00, 0x00, 0x00, 
	0x00, 0x00, 0x00, 0x00, 0x00, 0x00, 0x00, 0x00, 
	0x00, 0x00, 0x00, 0x00, 0x00, 0x00, 0x00, 0x00, 
	0x00, 0x00, 0x00, 0x00, 0x00, 0x00, 0x00, 0x00, 
	0x00, 0x00, 0x00, 0x00, 0x00, 0x00, 0x00, 0x00, 
	0x00, 0x00, 0x00, 0x00, 0x00, 0x00, 0x00, 0x00, 
	0x00, 0x00, 0x00, 0x00, 0x00, 0x00, 0x00, 0x00, 
	0x00, 0x00, 0x00, 0x00, 0x00, 0x00, 0x00, 0x00, 
	0x00, 0x00, 0x00, 0x00, 0x00, 0x00, 0x00, 0x00, 
	0x00, 0x00, 0x00, 0x00, 0x00, 0x00, 0x00, 0x00, 
	0x00, 0x00, 0x00, 0x00, 0x00, 0x00, 0x00, 0x00, 
	0x00, 0x00, 0x00, 0x00, 0x00, 0x00, 0x00, 0x00, 
	0x00, 0x00, 0x00, 0x00, 0x00, 0x00, 0x00, 0x00, 
	0x00, 0x00, 0x00, 0x00, 0x00, 0x00, 0x00, 0x00, 
	0x00, 0x00, 0x00, 0x00, 0x00, 0x00, 0x00, 0x00, 
	0x00, 0x00, 0x00, 0x00, 0x00, 0x00, 0x00, 0x00, 
	0x00, 0x00, 0x00, 0x00, 0x00, 0x00, 0x00, 0x00, 
	0x00, 0x00, 0x00, 0x00, 0x00, 0x00, 0x00, 0x00, 
	0x00, 0x00, 0x00, 0x00, 0x00, 0x00, 0x00, 0x00, 
	0x00, 0x00, 0x00, 0x00, 0x00, 0x00, 0x00, 0x00, 
	0x00, 0x00, 0x00, 0x00, 0x00, 0x00, 0x00, 0x00, 
	0x00, 0x00, 0x00, 0x00, 0x00, 0x00, 0x00, 0x00, 
	0x00, 0x00, 0x00, 0x00, 0x00, 0x00, 0x00, 0x00, 
	0x00, 0x00, 0x00, 0x00, 0x00, 0x00, 0x00, 0x00, 
	0x00, 0x00, 0x00, 0x00, 0x00, 0x00, 0x00, 0x00, 
	0x00, 0x00, 0x00, 0x00, 0x00, 0x00, 0x00, 0x00, 
	0x00, 0x00, 0x00, 0x00, 0x00, 0x00, 0x00, 0x00, 
	0x00, 0x00, 0x00, 0x00, 0x00, 0x00, 0x00, 0x00, 
	0x00, 0x00, 0x00, 0x00, 0x00, 0x00, 0x00, 0x00, 
	0x00, 0x00, 0x00, 0x00, 0x00, 0x00, 0x00, 0x00, 
	0x00, 0x00, 0x00, 0x00, 0x00, 0x00, 0x00, 0x00, 
	0x00, 0x00, 0x00, 0x00, 0x00, 0x00, 0x00, 0x00, 
	0x00, 0x00, 0x00, 0x00, 0x00, 0x00, 0x00, 0x00, 
	0x00, 0x00, 0x00, 0x00, 0x00, 0x00, 0x00, 0x00, 
	0x00, 0x00, 0x00, 0x00, 0x00, 0x00, 0x00, 0x00, 
	0x00, 0x00, 0x00, 0x00, 0x00, 0x00, 0x00, 0x00, 
	0x00, 0x00, 0x00, 0x00, 0x00, 0x00, 0x00, 0x00, 
	0x00, 0x00, 0x00, 0x00, 0x00, 0x00, 0x00, 0x00, 
	0x00, 0x00, 0x00, 0x00, 0x00, 0x00, 0x00, 0x00, 
	0x00, 0x00, 0x00, 0x00, 0x00, 0x00, 0x00, 0x00, 
	0x00, 0x00, 0x00, 0x00, 0x00, 0x00, 0x00, 0x00, 
	0x00, 0x00, 0x00, 0x00, 0x00, 0x00, 0x00, 0x00, 
	0x00, 0x00, 0x00, 0x00, 0x00, 0x00, 0x00, 0x00, 
	0x00, 0x00, 0x00, 0x00, 0x00, 0x00, 0x00, 0x00, 
	0x00, 0x00, 0x00, 0x00, 0x00, 0x00, 0x00, 0x00, 
	0x00, 0x00, 0x00, 0x00, 0x00, 0x00, 0x00, 0x00, 
	0x00, 0x00, 0x00, 0x00, 0x00, 0x00, 0x00, 0x00, 
	0x00, 0x00, 0x00, 0x00, 0x00, 0x00, 0x00, 0x00, 
	0x00, 0x00, 0x00, 0x00, 0x00, 0x00, 0x00, 0x00, 
	0x00, 0x00, 0x00, 0x00, 0x00, 0x00, 0x00, 0x00, 
	0x00, 0x00, 0x00, 0x00, 0x00, 0x00, 0x00, 0x00, 
	0x00, 0x00, 0x00, 0x00, 0x00, 0x00, 0x00, 0x00, 
	0x00, 0x00, 0x00, 0x00, 0x00, 0x00, 0x00, 0x00, 
	0x00, 0x00, 0x00, 0x00, 0x00, 0x00, 0x00, 0x00, 
	0x00, 0x00, 0x00, 0x00, 0x00, 0x00, 0x00, 0x00, 
	0x00, 0x00, 0x00, 0x00, 0x00, 0x00, 0x00, 0x00, 
	0x00, 0x00, 0x00, 0x00, 0x00, 0x00, 0x00, 0x00, 
	0x00, 0x00, 0x00, 0x00, 0x00, 0x00, 0x00, 0x00, 
	0x00, 0x00, 0x00, 0x00, 0x00, 0x00, 0x00, 0x00, 
	0x00, 0x00, 0x00, 0x00, 0x00, 0x00, 0x00, 0x00, 
	0x00, 0x00, 0x00, 0x00, 0x00, 0x00, 0x00, 0x00, 
	0x00, 0x00, 0x00, 0x00, 0x00, 0x00, 0x00, 0x00, 
	0x00, 0x00, 0x00, 0x00, 0x00, 0x00, 0x00, 0x00, 
	0x00, 0x00, 0x00, 0x00, 0x00, 0x00, 0x00, 0x00, 
	0x00, 0x00, 0x00, 0x00, 0x00, 0x00, 0x00, 0x00, 
	0x00, 0x00, 0x00, 0x00, 0x00, 0x00, 0x00, 0x00, 
	0x00, 0x00, 0x00, 0x00, 0x00, 0x00, 0x00, 0x00, 
	0x00, 0x00, 0x00, 0x00, 0x00, 0x00, 0x00, 0x00, 
	0x00, 0x00, 0x00, 0x00, 0x00, 0x00, 0x00, 0x00, 
	0x00, 0x00, 0x00, 0x00, 0x00, 0x00, 0x00, 0x00, 
	0x00, 0x00, 0x00, 0x00, 0x00, 0x00, 0x00, 0x00, 
	0x00, 0x00, 0x00, 0x00, 0x00, 0x00, 0x00, 0x00, 
	0x00, 0x00, 0x00, 0x00, 0x00, 0x00, 0x00, 0x00, 
	0x00, 0x00, 0x00, 0x00, 0x00, 0x00, 0x00, 0x00, 
	0x00, 0x00, 0x00, 0x00, 0x00, 0x00, 0x00, 0x00, 
	0x00, 0x00, 0x00, 0x00, 0x00, 0x00, 0x00, 0x00, 
	0x00, 0x00, 0x00, 0x00, 0x00, 0x00, 0x00, 0x00, 
	0x00, 0x00, 0x00, 0x00, 0x00, 0x00, 0x00, 0x00, 
	0x00, 0x00, 0x00, 0x00, 0x00, 0x00, 0x00, 0x00, 
	0x00, 0x00, 0x00, 0x00, 0x00, 0x0f, 0x0f, 0x00, 
	0x00, 0x00, 0x00, 0x00, 0x00, 0x00, 0x00, 0x0f, 
	0x0f, 0x00, 0x00, 0x00, 0x00, 0x00, 0x00, 0x00, 
	0x00, 0x0f, 0x0f, 0x00, 0x00, 0x00, 0x00, 0x00, 
	0x00, 0x00, 0x00, 0x00, 0x00, 0x00, 0x00, 0x00, 
	0x00, 0x00, 0x00, 0x00, 0x00, 0x00, 0x00, 0x00, 
	0x00, 0x00, 0x00, 0x00, 0x00, 0x00, 0x00, 0x00, 
	0x00, 0x00, 0x00, 0x00, 0x00, 0x00, 0x00, 0x00, 
	0x00, 0x00, 0x00, 0x00, 0x0f, 0x0f, 0x0f, 0x0f, 
	0x00, 0x00, 0x00, 0x00, 0x00, 0x00, 0x0f, 0x0f, 
	0x0f, 0x0f, 0x00, 0x00, 0x00, 0x00, 0x00, 0x00, 
	0x0f, 0x0f, 0x0f, 0x0f, 0x00, 0x00, 0x00, 0x00, 
	0x00, 0x00, 0x00, 0x00, 0x00, 0x00, 0x00, 0x00, 
	0x00, 0x00, 0x00, 0x00, 0x00, 0x00, 0x00, 0x00, 
	0x00, 0x00, 0x00, 0x00, 0x00, 0x00, 0x00, 0x00, 
	0x00, 0x00, 0x00, 0x00, 0x00, 0x00, 0x00, 0x00, 
	0x00, 0x00, 0x00, 0x00, 0x0f, 0x0f, 0x0f, 0x0f, 
	0x00, 0x00, 0x00, 0x00, 0x00, 0x00, 0x0f, 0x0f, 
	0x0f, 0x0f, 0x00, 0x00, 0x00, 0x00, 0x00, 0x00, 
	0x0f, 0x0f, 0x0f, 0x0f, 0x00, 0x00, 0x00, 0x00, 
	0x00, 0x00, 0x00, 0x00, 0x00, 0x00, 0x00, 0x00, 
	0x00, 0x00, 0x00, 0x00, 0x00, 0x00, 0x00, 0x00, 
	0x00, 0x00, 0x00, 0x00, 0x00, 0x00, 0x00, 0x00, 
	0x00, 0x00, 0x00, 0x00, 0x00, 0x00, 0x00, 0x00, 
	0x00, 0x00, 0x00, 0x00, 0x0f, 0x0f, 0x0f, 0x0f, 
	0x00, 0x00, 0x00, 0x00, 0x00, 0x00, 0x0f, 0x0f, 
	0x0f, 0x0f, 0x00, 0x00, 0x00, 0x00, 0x00, 0x00, 
	0x0f, 0x0f, 0x0f, 0x0f, 0x00, 0x00, 0x00, 0x00, 
	0x00, 0x00, 0x00, 0x00, 0x00, 0x00, 0x00, 0x00, 
	0x00, 0x00, 0x00, 0x00, 0x00, 0x00, 0x00, 0x00, 
	0x00, 0x00, 0x00, 0x00, 0x00, 0x00, 0x00, 0x00, 
	0x00, 0x00, 0x00, 0x00, 0x00, 0x00, 0x00, 0x00, 
	0x00, 0x00, 0x00, 0x00, 0x0f, 0x0f, 0x0f, 0x0f, 
	0x00, 0x00, 0x00, 0x00, 0x00, 0x00, 0x0f, 0x0f, 
	0x0f, 0x0f, 0x00, 0x00, 0x00, 0x00, 0x00, 0x00, 
	0x0f, 0x0f, 0x0f, 0x0f, 0x00, 0x00, 0x00, 0x00, 
	0x00, 0x00, 0x00, 0x00, 0x00, 0x00, 0x00, 0x00, 
	0x00, 0x00, 0x00, 0x00, 0x00, 0x00, 0x00, 0x00, 
	0x00, 0x00, 0x00, 0x00, 0x00, 0x00, 0x00, 0x00, 
	0x00, 0x00, 0x00, 0x00, 0x00, 0x00, 0x00, 0x00, 
	0x00, 0x00, 0x00, 0x00, 0x0f, 0x0f, 0x0f, 0x0f, 
	0x00, 0x00, 0x00, 0x00, 0x00, 0x00, 0x0f, 0x0f, 
	0x0f, 0x0f, 0x00, 0x00, 0x00, 0x00, 0x00, 0x00, 
	0x0f, 0x0f, 0x0f, 0x0f, 0x00, 0x00, 0x00, 0x00, 
	0x00, 0x00, 0x00, 0x00, 0x00, 0x00, 0x00, 0x00, 
	0x00, 0x00, 0x00, 0x00, 0x00, 0x00, 0x00, 0x00, 
	0x00, 0x00, 0x00, 0x00, 0x00, 0x00, 0x00, 0x00, 
	0x00, 0x00, 0x00, 0x00, 0x00, 0x00, 0x00, 0x00, 
	0x00, 0x00, 0x00, 0x00, 0x0f, 0x0f, 0x0f, 0x0f, 
	0x00, 0x00, 0x00, 0x00, 0x00, 0x00, 0x0f, 0x0f, 
	0x0f, 0x0f, 0x00, 0x00, 0x00, 0x00, 0x00, 0x00, 
	0x0f, 0x0f, 0x0f, 0x0f, 0x00, 0x00, 0x00, 0x00, 
	0x00, 0x00, 0x00, 0x00, 0x00, 0x00, 0x00, 0x00, 
	0x00, 0x00, 0x00, 0x00, 0x00, 0x00, 0x00, 0x00, 
	0x00, 0x00, 0x00, 0x00, 0x00, 0x00, 0x00, 0x00, 
	0x00, 0x00, 0x00, 0x00, 0x00, 0x00, 0x00, 0x00, 
	0x00, 0x00, 0x00, 0x00, 0x0f, 0x0f, 0x0f, 0x0f, 
	0x00, 0x00, 0x00, 0x00, 0x00, 0x00, 0x0f, 0x0f, 
	0x0f, 0x0f, 0x00, 0x00, 0x00, 0x00, 0x00, 0x00, 
	0x0f, 0x0f, 0x0f, 0x0f, 0x00, 0x00, 0x00, 0x00, 
	0x00, 0x00, 0x00, 0x00, 0x00, 0x00, 0x00, 0x00, 
	0x00, 0x00, 0x00, 0x00, 0x00, 0x00, 0x00, 0x00, 
	0x00, 0x00, 0x00, 0x00, 0x00, 0x00, 0x00, 0x00, 
	0x00, 0x00, 0x00, 0x00, 0x00, 0x00, 0x00, 0x00, 
	0x00, 0x00, 0x00, 0x00, 0x0f, 0x0f, 0x0f, 0x0f, 
	0x00, 0x00, 0x00, 0x00, 0x00, 0x00, 0x0f, 0x0f, 
	0x0f, 0x0f, 0x00, 0x00, 0x00, 0x00, 0x00, 0x00, 
	0x0f, 0x0f, 0x0f, 0x0f, 0x00, 0x00, 0x00, 0x00, 
	0x00, 0x00, 0x00, 0x00, 0x00, 0x00, 0x00, 0x00, 
	0x00, 0x00, 0x00, 0x00, 0x00, 0x00, 0x00, 0x00, 
	0x00, 0x00, 0x00, 0x00, 0x00, 0x00, 0x00, 0x00, 
	0x00, 0x00, 0x00, 0x00, 0x00, 0x00, 0x00, 0x00, 
	0x00, 0x00, 0x00, 0x00, 0x0f, 0x0f, 0x0f, 0x0f, 
	0x00, 0x00, 0x00, 0x00, 0x00, 0x00, 0x0f, 0x0f, 
	0x0f, 0x0f, 0x00, 0x00, 0x00, 0x00, 0x00, 0x00, 
	0x0f, 0x0f, 0x0f, 0x0f, 0x00, 0x00, 0x00, 0x00, 
	0x00, 0x00, 0x00, 0x00, 0x00, 0x00, 0x00, 0x00, 
	0x00, 0x00, 0x00, 0x00, 0x00, 0x00, 0x00, 0x00, 
	0x00, 0x00, 0x00, 0x00, 0x00, 0x00, 0x00, 0x00, 
	0x00, 0x00, 0x00, 0x00, 0x00, 0x00, 0x00, 0x00, 
	0x00, 0x00, 0x00, 0x00, 0x00, 0x0f, 0x0f, 0x00, 
	0x00, 0x00, 0x00, 0x00, 0x00, 0x00, 0x00, 0x0f, 
	0x0f, 0x00, 0x00, 0x00, 0x00, 0x00, 0x00, 0x00, 
	0x00, 0x0f, 0x0f, 0x00, 0x00, 0x00, 0x00, 0x00, 
	0x00, 0x00, 0x00, 0x00, 0x00, 0x00, 0x00, 0x00, 
	0x00, 0x00, 0x00, 0x00, 0x00, 0x00, 0x00, 0x00, 
	0x00, 0x00, 0x00, 0x00, 0x00, 0x00, 0x00, 0x00, 
	0x00, 0x00, 0x00, 0x00, 0x00, 0x00, 0x00, 0x00, 
	0x00, 0x00, 0x00, 0x00, 0x00, 0x00, 0x00, 0x00, 
	0x00, 0x00, 0x00, 0x00, 0x00, 0x00, 0x00, 0x00, 
	0x00, 0x00, 0x00, 0x00, 0x00, 0x00, 0x00, 0x00, 
	0x00, 0x00, 0x00, 0x00, 0x00, 0x00, 0x00, 0x00, 
	0x00, 0x00, 0x00, 0x00, 0x00, 0x00, 0x00, 0x00, 
	0x00, 0x00, 0x00, 0x00, 0x00, 0x00, 0x00, 0x00, 
	0x00, 0x00, 0x00, 0x00, 0x00, 0x00, 0x00, 0x00, 
	0x00, 0x00, 0x00, 0x00, 0x00, 0x00, 0x00, 0x00, 
	0x00, 0x00, 0x00, 0x00, 0x00, 0x00, 0x00, 0x00, 
	0x00, 0x00, 0x00, 0x00, 0x00, 0x00, 0x00, 0x00, 
	0x00, 0x00, 0x00, 0x00, 0x00, 0x00, 0x00, 0x00, 
	0x00, 0x00, 0x00, 0x00, 0x00, 0x00, 0x00, 0x00, 
	0x00, 0x00, 0x00, 0x00, 0x00, 0x00, 0x00, 0x00, 
	0x00, 0x00, 0x00, 0x00, 0x00, 0x00, 0x00, 0x00, 
	0x00, 0x00, 0x00, 0x00, 0x00, 0x00, 0x00, 0x00, 
	0x00, 0x00, 0x00, 0x00, 0x00, 0x00, 0x00, 0x00, 
	0x00, 0x00, 0x00, 0x00, 0x00, 0x00, 0x00, 0x00, 
	0x00, 0x00, 0x00, 0x00, 0x00, 0x00, 0x00, 0x00, 
	0x00, 0x00, 0x00, 0x00, 0x00, 0x00, 0x00, 0x00, 
	0x00, 0x00, 0x00, 0x00, 0x00, 0x00, 0x00, 0x00, 
	0x00, 0x00, 0x00, 0x00, 0x00, 0x00, 0x00, 0x00, 
	0x00, 0x00, 0x00, 0x00, 0x00, 0x00, 0x00, 0x00, 
	0x00, 0x00, 0x00, 0x00, 0x00, 0x00, 0x00, 0x00, 
	0x00, 0x00, 0x00, 0x00, 0x00, 0x00, 0x00, 0x00, 
	0x00, 0x00, 0x00, 0x00, 0x00, 0x00, 0x00, 0x00, 
	0x00, 0x00, 0x00, 0x00, 0x00, 0x00, 0x00, 0x00, 
	0x00, 0x00, 0x00, 0x00, 0x00, 0x00, 0x00, 0x00, 
	0x00, 0x00, 0x00, 0x00, 0x00, 0x00, 0x00, 0x00, 
	0x00, 0x00, 0x00, 0x00, 0x00, 0x00, 0x00, 0x00, 
	0x00, 0x00, 0x00, 0x00, 0x00, 0x00, 0x00, 0x00, 
	0x00, 0x00, 0x00, 0x00, 0x00, 0x00, 0x00, 0x00, 
	0x00, 0x00, 0x00, 0x00, 0x00, 0x00, 0x00, 0x00, 
	0x00, 0x00, 0x00, 0x00, 0x00, 0x00, 0x00, 0x00, 
	0x00, 0x00, 0x00, 0x00, 0x00, 0x00, 0x00, 0x00, 
	0x00, 0x00, 0x00, 0x00, 0x00, 0x00, 0x00, 0x00, 
	0x00, 0x00, 0x00, 0x00, 0x00, 0x00, 0x00, 0x00, 
	0x00, 0x00, 0x00, 0x00, 0x00, 0x00, 0x00, 0x00, 
	0x00, 0x00, 0x00, 0x00, 0x00, 0x00, 0x00, 0x00, 
	0x00, 0x00, 0x00, 0x00, 0x00, 0x00, 0x00, 0x00, 
	0x00, 0x00, 0x00, 0x00, 0x00, 0x00, 0x00, 0x00, 
	0x00, 0x00, 0x00, 0x00, 0x00, 0x00, 0x00, 0x00, 
	0x00, 0x00, 0x00, 0x00, 0x00, 0x00, 0x00, 0x00, 
	0x00, 0x00, 0x00, 0x00, 0x00, 0x00, 0x00, 0x00, 
	0x00, 0x00, 0x00, 0x00, 0x00, 0x00, 0x00, 0x00, 
	0x00, 0x00, 0x00, 0x00, 0x00, 0x00, 0x00, 0x00, 
	0x00, 0x00, 0x00, 0x00, 0x00, 0x00, 0x00, 0x00, 
	
};

Texture squishy_eye_left_ia8[] = {
	0x00, 0x00, 0x00, 0x00, 0x00, 0x00, 0x00, 0x00, 
	0x00, 0x00, 0x00, 0x00, 0x00, 0x00, 0x00, 0x00, 
	0x00, 0x00, 0x00, 0x00, 0x00, 0x00, 0x00, 0x00, 
	0x00, 0x00, 0x00, 0x00, 0x00, 0x00, 0x00, 0x00, 
	0x00, 0x00, 0x00, 0x00, 0x00, 0x00, 0x00, 0x00, 
	0x00, 0x00, 0x00, 0x00, 0x00, 0x00, 0x00, 0x00, 
	0x00, 0x00, 0x00, 0x00, 0x00, 0x00, 0x00, 0x00, 
	0x00, 0x00, 0x00, 0x00, 0x00, 0x00, 0x00, 0x00, 
	0x00, 0x00, 0x00, 0x00, 0x00, 0x00, 0x00, 0x00, 
	0x00, 0x00, 0x00, 0x00, 0x00, 0x00, 0x00, 0x00, 
	0x00, 0x00, 0x00, 0x00, 0x00, 0x00, 0x00, 0x00, 
	0x00, 0x00, 0x00, 0x00, 0x00, 0x00, 0x00, 0x00, 
	0x00, 0x00, 0x00, 0x00, 0x00, 0x00, 0x00, 0x00, 
	0x00, 0x00, 0x00, 0x00, 0x00, 0x00, 0x00, 0x00, 
	0x00, 0x00, 0x00, 0x00, 0x00, 0x00, 0x00, 0x00, 
	0x00, 0x00, 0x00, 0x00, 0x00, 0x00, 0x00, 0x00, 
	0x00, 0x00, 0x00, 0x00, 0x00, 0x00, 0x00, 0x00, 
	0x00, 0x00, 0x00, 0x00, 0x00, 0x00, 0x00, 0x00, 
	0x00, 0x00, 0x00, 0x00, 0x00, 0x00, 0x00, 0x00, 
	0x00, 0x00, 0x00, 0x00, 0x00, 0x00, 0x00, 0x00, 
	0x00, 0x00, 0x00, 0x00, 0x00, 0x00, 0x00, 0x00, 
	0x00, 0x00, 0x00, 0x00, 0x00, 0x00, 0x00, 0x00, 
	0x00, 0x00, 0x00, 0x00, 0x00, 0x00, 0x00, 0x00, 
	0x00, 0x00, 0x00, 0x00, 0x00, 0x00, 0x00, 0x00, 
	0x00, 0x00, 0x00, 0x00, 0x00, 0x00, 0x00, 0x00, 
	0x00, 0x00, 0x00, 0x00, 0x00, 0x00, 0x00, 0x00, 
	0x00, 0x00, 0x00, 0x00, 0x00, 0x00, 0x00, 0x00, 
	0x00, 0x00, 0x00, 0x00, 0x00, 0x00, 0x00, 0x00, 
	0x00, 0x00, 0x00, 0x00, 0x00, 0x00, 0x00, 0x00, 
	0x00, 0x00, 0x00, 0x00, 0x00, 0x00, 0x00, 0x00, 
	0x00, 0x00, 0x00, 0x00, 0x00, 0x00, 0x00, 0x00, 
	0x00, 0x00, 0x00, 0x00, 0x00, 0x00, 0x00, 0x00, 
	0x00, 0x00, 0x00, 0x00, 0x00, 0x00, 0x00, 0x00, 
	0x00, 0x00, 0x00, 0x00, 0x00, 0x00, 0x00, 0x00, 
	0x00, 0x00, 0x00, 0x00, 0x00, 0x00, 0x00, 0x00, 
	0x00, 0x00, 0x00, 0x00, 0x00, 0x00, 0x00, 0x00, 
	0x00, 0x00, 0x00, 0x00, 0x00, 0x00, 0x00, 0x00, 
	0x00, 0x00, 0x00, 0x00, 0x00, 0x00, 0x00, 0x00, 
	0x00, 0x00, 0x00, 0x00, 0x00, 0x00, 0x00, 0x00, 
	0x00, 0x00, 0x00, 0x00, 0x00, 0x00, 0x00, 0x00, 
	0x00, 0x00, 0x00, 0x00, 0x00, 0x00, 0x00, 0x00, 
	0x00, 0x00, 0x00, 0x00, 0x00, 0x00, 0x00, 0x00, 
	0x00, 0x00, 0x00, 0x00, 0x00, 0x00, 0x00, 0x00, 
	0x00, 0x00, 0x00, 0x00, 0x00, 0x00, 0x00, 0x00, 
	0x00, 0x00, 0x00, 0x00, 0x00, 0x00, 0x00, 0x00, 
	0x00, 0x00, 0x00, 0x00, 0x00, 0x00, 0x00, 0x00, 
	0x00, 0x00, 0x00, 0x00, 0x00, 0x00, 0x00, 0x00, 
	0x00, 0x00, 0x00, 0x00, 0x00, 0x00, 0x00, 0x00, 
	0x00, 0x00, 0x00, 0x00, 0x00, 0x00, 0x00, 0x00, 
	0x00, 0x00, 0x00, 0x00, 0x00, 0xff, 0xff, 0x00, 
	0x00, 0x00, 0x00, 0x00, 0x00, 0x00, 0x00, 0x00, 
	0x00, 0x00, 0x00, 0x00, 0x00, 0x00, 0x00, 0x00, 
	0x00, 0x00, 0x00, 0x00, 0x00, 0x00, 0x00, 0x00, 
	0x00, 0x00, 0x00, 0x00, 0x00, 0x00, 0x00, 0x00, 
	0x00, 0x00, 0x00, 0x00, 0x00, 0x00, 0x00, 0x00, 
	0x00, 0x00, 0x00, 0x00, 0x00, 0x00, 0x00, 0x00, 
	0x00, 0x00, 0x00, 0x00, 0x00, 0x00, 0x00, 0x00, 
	0x00, 0x00, 0x00, 0x00, 0x00, 0xff, 0xff, 0xff, 
	0xff, 0x00, 0x00, 0x00, 0x00, 0x00, 0x00, 0x00, 
	0x00, 0x00, 0x00, 0x00, 0x00, 0x00, 0x00, 0x00, 
	0x00, 0x00, 0x00, 0x00, 0x00, 0x00, 0x00, 0x00, 
	0x00, 0x00, 0x00, 0x00, 0x00, 0x00, 0x00, 0x00, 
	0x00, 0x00, 0x00, 0x00, 0x00, 0x00, 0x00, 0x00, 
	0x00, 0x00, 0x00, 0x00, 0x00, 0x00, 0x00, 0x00, 
	0x00, 0x00, 0x00, 0x00, 0x00, 0x00, 0x00, 0x00, 
	0x00, 0x00, 0x00, 0x00, 0x00, 0x00, 0xff, 0xff, 
	0xff, 0xff, 0xff, 0x00, 0x00, 0x00, 0x00, 0x00, 
	0x00, 0x00, 0x00, 0x00, 0x00, 0x00, 0x00, 0x00, 
	0x00, 0x00, 0x00, 0x00, 0x00, 0x00, 0x00, 0x00, 
	0x00, 0x00, 0x00, 0x00, 0x00, 0x00, 0x00, 0x00, 
	0x00, 0x00, 0x00, 0x00, 0x00, 0x00, 0x00, 0x00, 
	0x00, 0x00, 0x00, 0x00, 0x00, 0x00, 0x00, 0x00, 
	0x00, 0x00, 0x00, 0x00, 0x00, 0x00, 0x00, 0x00, 
	0x00, 0x00, 0x00, 0x00, 0x00, 0x00, 0x00, 0xff, 
	0xff, 0xff, 0xff, 0xff, 0xff, 0x00, 0x00, 0x00, 
	0x00, 0x00, 0x00, 0x00, 0x00, 0x00, 0x00, 0x00, 
	0x00, 0x00, 0x00, 0x00, 0x00, 0x00, 0x00, 0x00, 
	0x00, 0x00, 0x00, 0x00, 0x00, 0x00, 0x00, 0x00, 
	0x00, 0x00, 0x00, 0x00, 0x00, 0x00, 0x00, 0x00, 
	0x00, 0x00, 0x00, 0x00, 0x00, 0x00, 0x00, 0x00, 
	0x00, 0x00, 0x00, 0x00, 0x00, 0x00, 0x00, 0x00, 
	0x00, 0x00, 0x00, 0x00, 0x00, 0x00, 0x00, 0x00, 
	0xff, 0xff, 0xff, 0xff, 0xff, 0xff, 0x00, 0x00, 
	0x00, 0x00, 0x00, 0x00, 0x00, 0x00, 0x00, 0x00, 
	0x00, 0xff, 0xff, 0xff, 0xff, 0xff, 0xff, 0xff, 
	0xff, 0xff, 0xff, 0xff, 0xff, 0xff, 0x00, 0x00, 
	0x00, 0x00, 0x00, 0x00, 0x00, 0x00, 0x00, 0x00, 
	0x00, 0x00, 0x00, 0x00, 0x00, 0x00, 0x00, 0x00, 
	0x00, 0x00, 0x00, 0x00, 0x00, 0x00, 0x00, 0x00, 
	0x00, 0x00, 0xff, 0x00, 0x00, 0x00, 0x00, 0x00, 
	0xff, 0xff, 0xff, 0xff, 0xff, 0xff, 0xff, 0xff, 
	0x00, 0x00, 0x00, 0x00, 0x00, 0x00, 0x00, 0xff, 
	0xff, 0xff, 0xff, 0xff, 0xff, 0xff, 0xff, 0xff, 
	0xff, 0xff, 0xff, 0xff, 0xff, 0xff, 0xff, 0xff, 
	0x00, 0x00, 0x00, 0x00, 0x00, 0x00, 0x00, 0x00, 
	0x00, 0x00, 0x00, 0x00, 0x00, 0x00, 0x00, 0x00, 
	0x00, 0x00, 0x00, 0x00, 0x00, 0x00, 0x00, 0x00, 
	0x00, 0x00, 0xff, 0xff, 0xff, 0xff, 0x00, 0x00, 
	0x00, 0xff, 0xff, 0xff, 0xff, 0xdf, 0xff, 0xff, 
	0xff, 0xff, 0x00, 0x00, 0xff, 0xff, 0xff, 0xff, 
	0xff, 0xff, 0xff, 0xff, 0xff, 0xff, 0xbf, 0xaf, 
	0xaf, 0xaf, 0xaf, 0xbf, 0xff, 0xff, 0xff, 0xff, 
	0xff, 0xff, 0x00, 0x00, 0x00, 0x00, 0x00, 0x00, 
	0x00, 0x00, 0x00, 0x00, 0x00, 0x00, 0x00, 0x00, 
	0x00, 0x00, 0x00, 0x00, 0x00, 0x00, 0x00, 0x00, 
	0x00, 0x00, 0xff, 0xff, 0xff, 0xff, 0xff, 0xff, 
	0x00, 0xff, 0xff, 0xff, 0xff, 0x2f, 0xcf, 0xff, 
	0xff, 0xff, 0xff, 0xff, 0xff, 0xff, 0xff, 0xff, 
	0xff, 0xff, 0xef, 0x5f, 0x0f, 0x0f, 0x0f, 0x0f, 
	0x0f, 0x0f, 0x0f, 0x0f, 0x0f, 0xbf, 0xff, 0xff, 
	0xff, 0xff, 0xff, 0x00, 0x00, 0x00, 0x00, 0x00, 
	0x00, 0x00, 0x00, 0x00, 0x00, 0x00, 0x00, 0x00, 
	0x00, 0x00, 0x00, 0x00, 0x00, 0x00, 0x00, 0x00, 
	0x00, 0x00, 0xff, 0xff, 0xff, 0xff, 0xff, 0xff, 
	0xff, 0xff, 0xff, 0xff, 0xff, 0xdf, 0x0f, 0x5f, 
	0xff, 0xff, 0xff, 0xff, 0xff, 0xff, 0xff, 0xff, 
	0xef, 0x4f, 0xcf, 0xdf, 0xcf, 0x4f, 0x0f, 0x0f, 
	0x0f, 0x0f, 0x0f, 0x0f, 0x0f, 0x0f, 0x0f, 0xef, 
	0xff, 0xff, 0xff, 0xff, 0x00, 0x00, 0x00, 0x00, 
	0x00, 0x00, 0x00, 0x00, 0x00, 0x00, 0x00, 0x00, 
	0x00, 0x00, 0x00, 0x00, 0x00, 0x00, 0x00, 0x00, 
	0x00, 0x00, 0x00, 0xff, 0xff, 0x5f, 0xef, 0xff, 
	0xff, 0xff, 0xff, 0xff, 0xff, 0xff, 0x4f, 0x0f, 
	0x0f, 0xbf, 0xff, 0xff, 0xff, 0xff, 0xff, 0x3f, 
	0x0f, 0xdf, 0xff, 0xff, 0xff, 0xff, 0x6f, 0x0f, 
	0x0f, 0x0f, 0x0f, 0x0f, 0x0f, 0x0f, 0x0f, 0x0f, 
	0xef, 0xff, 0xff, 0xff, 0xff, 0x00, 0x00, 0x00, 
	0x00, 0x00, 0x00, 0x00, 0x00, 0x00, 0x00, 0x00, 
	0x00, 0x00, 0x00, 0x00, 0x00, 0x00, 0x00, 0x00, 
	0x00, 0x00, 0x00, 0xff, 0xff, 0x8f, 0x0f, 0x7f, 
	0xef, 0xff, 0xff, 0xff, 0xff, 0xff, 0xef, 0x0f, 
	0x0f, 0x0f, 0x0f, 0xcf, 0xff, 0xdf, 0x0f, 0x0f, 
	0x9f, 0xff, 0xff, 0xef, 0xff, 0xff, 0xff, 0x2f, 
	0x0f, 0x0f, 0x0f, 0x0f, 0x0f, 0x0f, 0x0f, 0x0f, 
	0x0f, 0xef, 0xff, 0xff, 0xff, 0xfe, 0x00, 0x00, 
	0x00, 0x00, 0x00, 0x00, 0x00, 0x00, 0x00, 0x00, 
	0x00, 0x00, 0x00, 0x00, 0x00, 0x00, 0x00, 0x00, 
	0x00, 0x00, 0x00, 0xff, 0xff, 0xcf, 0x0f, 0x0f, 
	0x0f, 0x6f, 0xef, 0xff, 0xff, 0xff, 0xff, 0x0f, 
	0x0f, 0x0f, 0x0f, 0x0f, 0x2f, 0x0f, 0x0f, 0x1f, 
	0xff, 0xff, 0xef, 0x2f, 0x8f, 0xff, 0xff, 0x5f, 
	0x0f, 0x0f, 0x0f, 0x0f, 0x0f, 0x0f, 0x0f, 0x0f, 
	0x0f, 0x0f, 0xff, 0xff, 0xff, 0xff, 0x00, 0x00, 
	0x00, 0x00, 0x00, 0x00, 0x00, 0x00, 0x00, 0x00, 
	0x00, 0x00, 0x00, 0x00, 0x00, 0x00, 0x00, 0x00, 
	0x00, 0x00, 0x00, 0xff, 0xff, 0xff, 0x0f, 0x0f, 
	0x0f, 0x0f, 0x0f, 0x0f, 0x5f, 0xdf, 0xef, 0x8f, 
	0x0f, 0x0f, 0x0f, 0x0f, 0x0f, 0x0f, 0x0f, 0x8f, 
	0xff, 0xff, 0x8f, 0x0f, 0x1f, 0xef, 0xff, 0x9f, 
	0x0f, 0x0f, 0x0f, 0x0f, 0x0f, 0x0f, 0x0f, 0x0f, 
	0x0f, 0x0f, 0x7f, 0xff, 0xff, 0xff, 0x00, 0x00, 
	0x00, 0x00, 0x00, 0x00, 0x00, 0x00, 0x00, 0x00, 
	0x00, 0x00, 0x00, 0x00, 0x00, 0x00, 0x00, 0x00, 
	0x00, 0x00, 0x00, 0x00, 0xff, 0xff, 0x0f, 0x0f, 
	0x0f, 0x0f, 0x0f, 0x0f, 0x0f, 0x0f, 0x0f, 0x0f, 
	0x0f, 0x0f, 0x0f, 0x0f, 0x0f, 0x0f, 0x0f, 0xbf, 
	0xff, 0xef, 0x2f, 0x0f, 0x0f, 0xcf, 0xff, 0xcf, 
	0x0f, 0x0f, 0x0f, 0x0f, 0x0f, 0x0f, 0x0f, 0x0f, 
	0x0f, 0x0f, 0x0f, 0xff, 0xff, 0xff, 0x00, 0x00, 
	0x00, 0x00, 0x00, 0x00, 0x00, 0x00, 0x00, 0x00, 
	0x00, 0x00, 0x00, 0x00, 0x00, 0x00, 0x00, 0x00, 
	0x00, 0x00, 0x00, 0x00, 0xff, 0xff, 0x4f, 0x0f, 
	0x0f, 0x0f, 0x0f, 0x0f, 0x0f, 0x0f, 0x0f, 0x0f, 
	0x0f, 0x0f, 0x0f, 0x0f, 0x0f, 0x0f, 0x0f, 0xcf, 
	0xff, 0xcf, 0x0f, 0x0f, 0x0f, 0x8f, 0xff, 0xff, 
	0x0f, 0x0f, 0x0f, 0x0f, 0x0f, 0x0f, 0x0f, 0x0f, 
	0x0f, 0x0f, 0x0f, 0xdf, 0xff, 0xff, 0x00, 0x00, 
	0x00, 0x00, 0x00, 0x00, 0x00, 0x00, 0x00, 0x00, 
	0x00, 0x00, 0x00, 0x00, 0x00, 0x00, 0x00, 0x00, 
	0x00, 0x00, 0x00, 0x00, 0xff, 0xff, 0xaf, 0x0f, 
	0x0f, 0x0f, 0x0f, 0x0f, 0x0f, 0x0f, 0x0f, 0x0f, 
	0x0f, 0x0f, 0x0f, 0x0f, 0x0f, 0x0f, 0x0f, 0xdf, 
	0xff, 0x8f, 0x0f, 0x0f, 0x0f, 0x5f, 0xff, 0xff, 
	0x0f, 0x0f, 0x0f, 0x0f, 0x0f, 0x0f, 0x0f, 0x0f, 
	0x0f, 0x0f, 0x0f, 0xdf, 0xff, 0xff, 0x00, 0x00, 
	0x00, 0x00, 0x00, 0x00, 0x00, 0x00, 0x00, 0x00, 
	0x00, 0x00, 0x00, 0x00, 0x00, 0x00, 0x00, 0x00, 
	0x00, 0x00, 0x00, 0x00, 0xff, 0xff, 0xcf, 0x0f, 
	0x0f, 0x0f, 0x0f, 0x0f, 0x1f, 0x7f, 0xdf, 0xff, 
	0x0f, 0x0f, 0x0f, 0x0f, 0x0f, 0x0f, 0x0f, 0xdf, 
	0xff, 0x5f, 0x0f, 0x0f, 0x0f, 0x4f, 0xff, 0xff, 
	0x0f, 0x0f, 0x0f, 0x0f, 0x0f, 0x0f, 0x0f, 0x0f, 
	0x0f, 0x0f, 0x0f, 0xdf, 0xff, 0xff, 0x00, 0x00, 
	0x00, 0x00, 0x00, 0x00, 0x00, 0x00, 0x00, 0x00, 
	0x00, 0x00, 0x00, 0x00, 0x00, 0x00, 0x00, 0x00, 
	0x00, 0x00, 0x00, 0x00, 0xff, 0xff, 0xff, 0x1f, 
	0x7f, 0xef, 0xff, 0xff, 0xff, 0xff, 0xff, 0x9f, 
	0x0f, 0x0f, 0x0f, 0x0f, 0x0f, 0x0f, 0x0f, 0xef, 
	0xff, 0x3f, 0x0f, 0x0f, 0x0f, 0x4f, 0xff, 0xff, 
	0x0f, 0x0f, 0x0f, 0x0f, 0x0f, 0x0f, 0x0f, 0x0f, 
	0x0f, 0x0f, 0x0f, 0xff, 0xff, 0xff, 0x00, 0x00, 
	0x00, 0x00, 0x00, 0x00, 0x00, 0x00, 0x00, 0x00, 
	0x00, 0x00, 0x00, 0x00, 0x00, 0x00, 0x00, 0x00, 
	0x00, 0x00, 0x00, 0x00, 0x00, 0xff, 0xff, 0xff, 
	0xff, 0xff, 0xff, 0xff, 0xff, 0xff, 0xff, 0x0f, 
	0x0f, 0x0f, 0x0f, 0x6f, 0x5f, 0x0f, 0x0f, 0xcf, 
	0xff, 0xbf, 0x0f, 0x0f, 0x0f, 0xdf, 0xff, 0xdf, 
	0x0f, 0x0f, 0x0f, 0x0f, 0x0f, 0x0f, 0x0f, 0x0f, 
	0x0f, 0x0f, 0x7f, 0xff, 0xff, 0xff, 0x00, 0x00, 
	0x00, 0x00, 0x00, 0x00, 0x00, 0x00, 0x00, 0x00, 
	0x00, 0x00, 0x00, 0x00, 0x00, 0x00, 0x00, 0x00, 
	0x00, 0x00, 0x00, 0x00, 0x00, 0xff, 0xff, 0xff, 
	0xff, 0xff, 0xff, 0xff, 0xff, 0xff, 0x7f, 0x0f, 
	0x0f, 0x0f, 0x0f, 0xff, 0xff, 0x3f, 0x0f, 0x7f, 
	0xff, 0xff, 0x5f, 0x4f, 0xbf, 0xff, 0xff, 0x3f, 
	0x0f, 0x0f, 0x0f, 0x0f, 0x0f, 0x0f, 0x0f, 0x0f, 
	0x0f, 0x5f, 0xff, 0xff, 0xff, 0xff, 0x00, 0x00, 
	0x00, 0x00, 0x00, 0x00, 0x00, 0x00, 0x00, 0x00, 
	0x00, 0x00, 0x00, 0x00, 0x00, 0x00, 0x00, 0x00, 
	0x00, 0x00, 0x00, 0x00, 0x00, 0xff, 0xff, 0x00, 
	0x00, 0x00, 0xff, 0xff, 0xff, 0xff, 0x0f, 0x0f, 
	0x0f, 0x0f, 0xdf, 0xff, 0xff, 0xff, 0x9f, 0x0f, 
	0xef, 0xff, 0xff, 0xff, 0xff, 0xff, 0xaf, 0x0f, 
	0x0f, 0x0f, 0x0f, 0x0f, 0x0f, 0x0f, 0x0f, 0x0f, 
	0x5f, 0xff, 0xff, 0xff, 0xff, 0x00, 0x00, 0x00, 
	0x00, 0x00, 0x00, 0x00, 0x00, 0x00, 0x00, 0x00, 
	0x00, 0x00, 0x00, 0x00, 0x00, 0x00, 0x00, 0x00, 
	0x00, 0x00, 0x00, 0x00, 0x00, 0x00, 0x00, 0x00, 
	0x00, 0x00, 0xff, 0xff, 0xff, 0x3f, 0x0f, 0x0f, 
	0x0f, 0x2f, 0xff, 0xff, 0xff, 0xff, 0xff, 0xff, 
	0x2f, 0xff, 0xff, 0xff, 0xff, 0x7f, 0x0f, 0x0f, 
	0x0f, 0x0f, 0x0f, 0x0f, 0x0f, 0x0f, 0x0f, 0x5f, 
	0xff, 0xff, 0xff, 0xff, 0x00, 0x00, 0x00, 0x00, 
	0x00, 0x00, 0x00, 0x00, 0x00, 0x00, 0x00, 0x00, 
	0x00, 0x00, 0x00, 0x00, 0x00, 0x00, 0x00, 0x00, 
	0x00, 0x00, 0x00, 0x00, 0x00, 0x00, 0x00, 0x00, 
	0x00, 0xff, 0xff, 0xff, 0xaf, 0x0f, 0x0f, 0x0f, 
	0x0f, 0xcf, 0xff, 0xff, 0xff, 0xff, 0xff, 0xff, 
	0xff, 0xcf, 0x1f, 0x0f, 0x0f, 0x0f, 0x0f, 0x0f, 
	0x0f, 0x0f, 0x0f, 0x0f, 0x0f, 0x0f, 0x8f, 0xff, 
	0xff, 0xff, 0xff, 0x00, 0x00, 0x00, 0x00, 0x00, 
	0x00, 0x00, 0x00, 0x00, 0x00, 0x00, 0x00, 0x00, 
	0x00, 0x00, 0x00, 0x00, 0x00, 0x00, 0x00, 0x00, 
	0x00, 0x00, 0x00, 0x00, 0x00, 0x00, 0x00, 0x00, 
	0xff, 0xff, 0xff, 0xbf, 0x0f, 0x0f, 0x0f, 0x0f, 
	0x0f, 0xcf, 0xff, 0xff, 0x00, 0xff, 0xff, 0xff, 
	0xff, 0xff, 0xff, 0xcf, 0xcf, 0x2f, 0x0f, 0x0f, 
	0x0f, 0x0f, 0x0f, 0x1f, 0xbf, 0xff, 0xff, 0xff, 
	0xff, 0xff, 0x00, 0x00, 0x00, 0x00, 0x00, 0x00, 
	0x00, 0x00, 0x00, 0x00, 0x00, 0x00, 0x00, 0x00, 
	0x00, 0x00, 0x00, 0x00, 0x00, 0x00, 0x00, 0x00, 
	0x00, 0x00, 0x00, 0x00, 0x00, 0x00, 0x00, 0x00, 
	0xff, 0xff, 0xff, 0xff, 0x3f, 0x0f, 0x0f, 0x0f, 
	0x0f, 0xff, 0xff, 0xff, 0x00, 0x00, 0x00, 0xff, 
	0xff, 0xff, 0xff, 0xff, 0xff, 0xff, 0xff, 0xef, 
	0xff, 0xff, 0xff, 0xff, 0xff, 0xff, 0xff, 0xff, 
	0xff, 0x00, 0x00, 0x00, 0x00, 0x00, 0x00, 0x00, 
	0x00, 0x00, 0x00, 0x00, 0x00, 0x00, 0x00, 0x00, 
	0x00, 0x00, 0x00, 0x00, 0x00, 0x00, 0x00, 0x00, 
	0x00, 0x00, 0x00, 0x00, 0x00, 0x00, 0x00, 0x00, 
	0xff, 0xff, 0xff, 0xff, 0xff, 0xdf, 0x4f, 0x0f, 
	0x0f, 0xff, 0xff, 0xff, 0x00, 0x00, 0x00, 0x00, 
	0x00, 0xff, 0xff, 0xff, 0xff, 0xff, 0xff, 0xff, 
	0xff, 0xff, 0xff, 0xff, 0xff, 0xff, 0xff, 0xff, 
	0x00, 0x00, 0x00, 0x00, 0x00, 0x00, 0x00, 0x00, 
	0x00, 0x00, 0x00, 0x00, 0x00, 0x00, 0x00, 0x00, 
	0x00, 0x00, 0x00, 0x00, 0x00, 0x00, 0x00, 0x00, 
	0x00, 0x00, 0x00, 0x00, 0x00, 0x00, 0x00, 0x00, 
	0x00, 0x00, 0xff, 0xff, 0xff, 0xff, 0xff, 0xdf, 
	0x3f, 0xff, 0xff, 0x00, 0x00, 0x00, 0x00, 0x00, 
	0x00, 0x00, 0x00, 0x00, 0xff, 0xff, 0xff, 0xff, 
	0xff, 0xff, 0xff, 0xff, 0xff, 0xff, 0x00, 0x00, 
	0x00, 0x00, 0x00, 0x00, 0x00, 0x00, 0x00, 0x00, 
	0x00, 0x00, 0x00, 0x00, 0x00, 0x00, 0x00, 0x00, 
	0x00, 0x00, 0x00, 0x00, 0x00, 0x00, 0x00, 0x00, 
	0x00, 0x00, 0x00, 0x00, 0x00, 0x00, 0x00, 0x00, 
	0x00, 0x00, 0x00, 0x00, 0xff, 0xff, 0xff, 0xff, 
	0xff, 0xff, 0xff, 0x00, 0x00, 0x00, 0x00, 0x00, 
	0x00, 0x00, 0x00, 0x00, 0x00, 0x00, 0x00, 0x00, 
	0x00, 0x00, 0x00, 0x00, 0x00, 0x00, 0x00, 0x00, 
	0x00, 0x00, 0x00, 0x00, 0x00, 0x00, 0x00, 0x00, 
	0x00, 0x00, 0x00, 0x00, 0x00, 0x00, 0x00, 0x00, 
	0x00, 0x00, 0x00, 0x00, 0x00, 0x00, 0x00, 0x00, 
	0x00, 0x00, 0x00, 0x00, 0x00, 0x00, 0x00, 0x00, 
	0x00, 0x00, 0x00, 0x00, 0x00, 0x00, 0xff, 0xff, 
	0xff, 0xff, 0xff, 0x00, 0x00, 0x00, 0x00, 0x00, 
	0x00, 0x00, 0x00, 0x00, 0x00, 0x00, 0x00, 0x00, 
	0x00, 0x00, 0x00, 0x00, 0x00, 0x00, 0x00, 0x00, 
	0x00, 0x00, 0x00, 0x00, 0x00, 0x00, 0x00, 0x00, 
	0x00, 0x00, 0x00, 0x00, 0x00, 0x00, 0x00, 0x00, 
	0x00, 0x00, 0x00, 0x00, 0x00, 0x00, 0x00, 0x00, 
	0x00, 0x00, 0x00, 0x00, 0x00, 0x00, 0x00, 0x00, 
	0x00, 0x00, 0x00, 0x00, 0x00, 0x00, 0x00, 0x00, 
	0xff, 0xff, 0x00, 0x00, 0x00, 0x00, 0x00, 0x00, 
	0x00, 0x00, 0x00, 0x00, 0x00, 0x00, 0x00, 0x00, 
	0x00, 0x00, 0x00, 0x00, 0x00, 0x00, 0x00, 0x00, 
	0x00, 0x00, 0x00, 0x00, 0x00, 0x00, 0x00, 0x00, 
	0x00, 0x00, 0x00, 0x00, 0x00, 0x00, 0x00, 0x00, 
	0x00, 0x00, 0x00, 0x00, 0x00, 0x00, 0x00, 0x00, 
	0x00, 0x00, 0x00, 0x00, 0x00, 0x00, 0x00, 0x00, 
	0x00, 0x00, 0x00, 0x00, 0x00, 0x00, 0x00, 0x00, 
	0x00, 0x00, 0x00, 0x00, 0x00, 0x00, 0x00, 0x00, 
	0x00, 0x00, 0x00, 0x00, 0x00, 0x00, 0x00, 0x00, 
	0x00, 0x00, 0x00, 0x00, 0x00, 0x00, 0x00, 0x00, 
	0x00, 0x00, 0x00, 0x00, 0x00, 0x00, 0x00, 0x00, 
	0x00, 0x00, 0x00, 0x00, 0x00, 0x00, 0x00, 0x00, 
	0x00, 0x00, 0x00, 0x00, 0x00, 0x00, 0x00, 0x00, 
	0x00, 0x00, 0x00, 0x00, 0x00, 0x00, 0x00, 0x00, 
	0x00, 0x00, 0x00, 0x00, 0x00, 0x00, 0x00, 0x00, 
	0x00, 0x00, 0x00, 0x00, 0x00, 0x00, 0x00, 0x00, 
	0x00, 0x00, 0x00, 0x00, 0x00, 0x00, 0x00, 0x00, 
	0x00, 0x00, 0x00, 0x00, 0x00, 0x00, 0x00, 0x00, 
	0x00, 0x00, 0x00, 0x00, 0x00, 0x00, 0x00, 0x00, 
	0x00, 0x00, 0x00, 0x00, 0x00, 0x00, 0x00, 0x00, 
	0x00, 0x00, 0x00, 0x00, 0x00, 0x00, 0x00, 0x00, 
	0x00, 0x00, 0x00, 0x00, 0x00, 0x00, 0x00, 0x00, 
	0x00, 0x00, 0x00, 0x00, 0x00, 0x00, 0x00, 0x00, 
	0x00, 0x00, 0x00, 0x00, 0x00, 0x00, 0x00, 0x00, 
	0x00, 0x00, 0x00, 0x00, 0x00, 0x00, 0x00, 0x00, 
	0x00, 0x00, 0x00, 0x00, 0x00, 0x00, 0x00, 0x00, 
	0x00, 0x00, 0x00, 0x00, 0x00, 0x00, 0x00, 0x00, 
	0x00, 0x00, 0x00, 0x00, 0x00, 0x00, 0x00, 0x00, 
	0x00, 0x00, 0x00, 0x00, 0x00, 0x00, 0x00, 0x00, 
	0x00, 0x00, 0x00, 0x00, 0x00, 0x00, 0x00, 0x00, 
	0x00, 0x00, 0x00, 0x00, 0x00, 0x00, 0x00, 0x00, 
	0x00, 0x00, 0x00, 0x00, 0x00, 0x00, 0x00, 0x00, 
	0x00, 0x00, 0x00, 0x00, 0x00, 0x00, 0x00, 0x00, 
	0x00, 0x00, 0x00, 0x00, 0x00, 0x00, 0x00, 0x00, 
	0x00, 0x00, 0x00, 0x00, 0x00, 0x00, 0x00, 0x00, 
	0x00, 0x00, 0x00, 0x00, 0x00, 0x00, 0x00, 0x00, 
	0x00, 0x00, 0x00, 0x00, 0x00, 0x00, 0x00, 0x00, 
	0x00, 0x00, 0x00, 0x00, 0x00, 0x00, 0x00, 0x00, 
	0x00, 0x00, 0x00, 0x00, 0x00, 0x00, 0x00, 0x00, 
	0x00, 0x00, 0x00, 0x00, 0x00, 0x00, 0x00, 0x00, 
	0x00, 0x00, 0x00, 0x00, 0x00, 0x00, 0x00, 0x00, 
	0x00, 0x00, 0x00, 0x00, 0x00, 0x00, 0x00, 0x00, 
	0x00, 0x00, 0x00, 0x00, 0x00, 0x00, 0x00, 0x00, 
	0x00, 0x00, 0x00, 0x00, 0x00, 0x00, 0x00, 0x00, 
	0x00, 0x00, 0x00, 0x00, 0x00, 0x00, 0x00, 0x00, 
	0x00, 0x00, 0x00, 0x00, 0x00, 0x00, 0x00, 0x00, 
	0x00, 0x00, 0x00, 0x00, 0x00, 0x00, 0x00, 0x00, 
	0x00, 0x00, 0x00, 0x00, 0x00, 0x00, 0x00, 0x00, 
	0x00, 0x00, 0x00, 0x00, 0x00, 0x00, 0x00, 0x00, 
	0x00, 0x00, 0x00, 0x00, 0x00, 0x00, 0x00, 0x00, 
	0x00, 0x00, 0x00, 0x00, 0x00, 0x00, 0x00, 0x00, 
	0x00, 0x00, 0x00, 0x00, 0x00, 0x00, 0x00, 0x00, 
	0x00, 0x00, 0x00, 0x00, 0x00, 0x00, 0x00, 0x00, 
	0x00, 0x00, 0x00, 0x00, 0x00, 0x00, 0x00, 0x00, 
	0x00, 0x00, 0x00, 0x00, 0x00, 0x00, 0x00, 0x00, 
	0x00, 0x00, 0x00, 0x00, 0x00, 0x00, 0x00, 0x00, 
	0x00, 0x00, 0x00, 0x00, 0x00, 0x00, 0x00, 0x00, 
	0x00, 0x00, 0x00, 0x00, 0x00, 0x00, 0x00, 0x00, 
	0x00, 0x00, 0x00, 0x00, 0x00, 0x00, 0x00, 0x00, 
	0x00, 0x00, 0x00, 0x00, 0x00, 0x00, 0x00, 0x00, 
	0x00, 0x00, 0x00, 0x00, 0x00, 0x00, 0x00, 0x00, 
	0x00, 0x00, 0x00, 0x00, 0x00, 0x00, 0x00, 0x00, 
	0x00, 0x00, 0x00, 0x00, 0x00, 0x00, 0x00, 0x00, 
	0x00, 0x00, 0x00, 0x00, 0x00, 0x00, 0x00, 0x00, 
	0x00, 0x00, 0x00, 0x00, 0x00, 0x00, 0x00, 0x00, 
	0x00, 0x00, 0x00, 0x00, 0x00, 0x00, 0x00, 0x00, 
	0x00, 0x00, 0x00, 0x00, 0x00, 0x00, 0x00, 0x00, 
	0x00, 0x00, 0x00, 0x00, 0x00, 0x00, 0x00, 0x00, 
	0x00, 0x00, 0x00, 0x00, 0x00, 0x00, 0x00, 0x00, 
	0x00, 0x00, 0x00, 0x00, 0x00, 0x00, 0x00, 0x00, 
	0x00, 0x00, 0x00, 0x00, 0x00, 0x00, 0x00, 0x00, 
	0x00, 0x00, 0x00, 0x00, 0x00, 0x00, 0x00, 0x00, 
	0x00, 0x00, 0x00, 0x00, 0x00, 0x00, 0x00, 0x00, 
	0x00, 0x00, 0x00, 0x00, 0x00, 0x00, 0x00, 0x00, 
	0x00, 0x00, 0x00, 0x00, 0x00, 0x00, 0x00, 0x00, 
	0x00, 0x00, 0x00, 0x00, 0x00, 0x00, 0x00, 0x00, 
	0x00, 0x00, 0x00, 0x00, 0x00, 0x00, 0x00, 0x00, 
	0x00, 0x00, 0x00, 0x00, 0x00, 0x00, 0x00, 0x00, 
	0x00, 0x00, 0x00, 0x00, 0x00, 0x00, 0x00, 0x00, 
	0x00, 0x00, 0x00, 0x00, 0x00, 0x00, 0x00, 0x00, 
	0x00, 0x00, 0x00, 0x00, 0x00, 0x00, 0x00, 0x00, 
	0x00, 0x00, 0x00, 0x00, 0x00, 0x00, 0x00, 0x00, 
	0x00, 0x00, 0x00, 0x00, 0x00, 0x00, 0x00, 0x00, 
	0x00, 0x00, 0x00, 0x00, 0x00, 0x00, 0x00, 0x00, 
	0x00, 0x00, 0x00, 0x00, 0x00, 0x00, 0x00, 0x00, 
	0x00, 0x00, 0x00, 0x00, 0x00, 0x00, 0x00, 0x00, 
	0x00, 0x00, 0x00, 0x00, 0x00, 0x00, 0x00, 0x00, 
	0x00, 0x00, 0x00, 0x00, 0x00, 0x00, 0x00, 0x00, 
	0x00, 0x00, 0x00, 0x00, 0x00, 0x00, 0x00, 0x00, 
	0x00, 0x00, 0x00, 0x00, 0x00, 0x00, 0x00, 0x00, 
	0x00, 0x00, 0x00, 0x00, 0x00, 0x00, 0x00, 0x00, 
	0x00, 0x00, 0x00, 0x00, 0x00, 0x00, 0x00, 0x00, 
	0x00, 0x00, 0x00, 0x00, 0x00, 0x00, 0x00, 0x00, 
	0x00, 0x00, 0x00, 0x00, 0x00, 0x00, 0x00, 0x00, 
	0x00, 0x00, 0x00, 0x00, 0x00, 0x0f, 0x0f, 0x00, 
	0x00, 0x00, 0x00, 0x00, 0x00, 0x00, 0x00, 0x0f, 
	0x0f, 0x00, 0x00, 0x00, 0x00, 0x00, 0x00, 0x00, 
	0x00, 0x0f, 0x0f, 0x00, 0x00, 0x00, 0x00, 0x00, 
	0x00, 0x00, 0x00, 0x00, 0x00, 0x00, 0x00, 0x00, 
	0x00, 0x00, 0x00, 0x00, 0x00, 0x00, 0x00, 0x00, 
	0x00, 0x00, 0x00, 0x00, 0x00, 0x00, 0x00, 0x00, 
	0x00, 0x00, 0x00, 0x00, 0x00, 0x00, 0x00, 0x00, 
	0x00, 0x00, 0x00, 0x00, 0x0f, 0x0f, 0x0f, 0x0f, 
	0x00, 0x00, 0x00, 0x00, 0x00, 0x00, 0x0f, 0x0f, 
	0x0f, 0x0f, 0x00, 0x00, 0x00, 0x00, 0x00, 0x00, 
	0x0f, 0x0f, 0x0f, 0x0f, 0x00, 0x00, 0x00, 0x00, 
	0x00, 0x00, 0x00, 0x00, 0x00, 0x00, 0x00, 0x00, 
	0x00, 0x00, 0x00, 0x00, 0x00, 0x00, 0x00, 0x00, 
	0x00, 0x00, 0x00, 0x00, 0x00, 0x00, 0x00, 0x00, 
	0x00, 0x00, 0x00, 0x00, 0x00, 0x00, 0x00, 0x00, 
	0x00, 0x00, 0x00, 0x00, 0x0f, 0x0f, 0x0f, 0x0f, 
	0x00, 0x00, 0x00, 0x00, 0x00, 0x00, 0x0f, 0x0f, 
	0x0f, 0x0f, 0x00, 0x00, 0x00, 0x00, 0x00, 0x00, 
	0x0f, 0x0f, 0x0f, 0x0f, 0x00, 0x00, 0x00, 0x00, 
	0x00, 0x00, 0x00, 0x00, 0x00, 0x00, 0x00, 0x00, 
	0x00, 0x00, 0x00, 0x00, 0x00, 0x00, 0x00, 0x00, 
	0x00, 0x00, 0x00, 0x00, 0x00, 0x00, 0x00, 0x00, 
	0x00, 0x00, 0x00, 0x00, 0x00, 0x00, 0x00, 0x00, 
	0x00, 0x00, 0x00, 0x00, 0x0f, 0x0f, 0x0f, 0x0f, 
	0x00, 0x00, 0x00, 0x00, 0x00, 0x00, 0x0f, 0x0f, 
	0x0f, 0x0f, 0x00, 0x00, 0x00, 0x00, 0x00, 0x00, 
	0x0f, 0x0f, 0x0f, 0x0f, 0x00, 0x00, 0x00, 0x00, 
	0x00, 0x00, 0x00, 0x00, 0x00, 0x00, 0x00, 0x00, 
	0x00, 0x00, 0x00, 0x00, 0x00, 0x00, 0x00, 0x00, 
	0x00, 0x00, 0x00, 0x00, 0x00, 0x00, 0x00, 0x00, 
	0x00, 0x00, 0x00, 0x00, 0x00, 0x00, 0x00, 0x00, 
	0x00, 0x00, 0x00, 0x00, 0x0f, 0x0f, 0x0f, 0x0f, 
	0x00, 0x00, 0x00, 0x00, 0x00, 0x00, 0x0f, 0x0f, 
	0x0f, 0x0f, 0x00, 0x00, 0x00, 0x00, 0x00, 0x00, 
	0x0f, 0x0f, 0x0f, 0x0f, 0x00, 0x00, 0x00, 0x00, 
	0x00, 0x00, 0x00, 0x00, 0x00, 0x00, 0x00, 0x00, 
	0x00, 0x00, 0x00, 0x00, 0x00, 0x00, 0x00, 0x00, 
	0x00, 0x00, 0x00, 0x00, 0x00, 0x00, 0x00, 0x00, 
	0x00, 0x00, 0x00, 0x00, 0x00, 0x00, 0x00, 0x00, 
	0x00, 0x00, 0x00, 0x00, 0x0f, 0x0f, 0x0f, 0x0f, 
	0x00, 0x00, 0x00, 0x00, 0x00, 0x00, 0x0f, 0x0f, 
	0x0f, 0x0f, 0x00, 0x00, 0x00, 0x00, 0x00, 0x00, 
	0x0f, 0x0f, 0x0f, 0x0f, 0x00, 0x00, 0x00, 0x00, 
	0x00, 0x00, 0x00, 0x00, 0x00, 0x00, 0x00, 0x00, 
	0x00, 0x00, 0x00, 0x00, 0x00, 0x00, 0x00, 0x00, 
	0x00, 0x00, 0x00, 0x00, 0x00, 0x00, 0x00, 0x00, 
	0x00, 0x00, 0x00, 0x00, 0x00, 0x00, 0x00, 0x00, 
	0x00, 0x00, 0x00, 0x00, 0x0f, 0x0f, 0x0f, 0x0f, 
	0x00, 0x00, 0x00, 0x00, 0x00, 0x00, 0x0f, 0x0f, 
	0x0f, 0x0f, 0x00, 0x00, 0x00, 0x00, 0x00, 0x00, 
	0x0f, 0x0f, 0x0f, 0x0f, 0x00, 0x00, 0x00, 0x00, 
	0x00, 0x00, 0x00, 0x00, 0x00, 0x00, 0x00, 0x00, 
	0x00, 0x00, 0x00, 0x00, 0x00, 0x00, 0x00, 0x00, 
	0x00, 0x00, 0x00, 0x00, 0x00, 0x00, 0x00, 0x00, 
	0x00, 0x00, 0x00, 0x00, 0x00, 0x00, 0x00, 0x00, 
	0x00, 0x00, 0x00, 0x00, 0x0f, 0x0f, 0x0f, 0x0f, 
	0x00, 0x00, 0x00, 0x00, 0x00, 0x00, 0x0f, 0x0f, 
	0x0f, 0x0f, 0x00, 0x00, 0x00, 0x00, 0x00, 0x00, 
	0x0f, 0x0f, 0x0f, 0x0f, 0x00, 0x00, 0x00, 0x00, 
	0x00, 0x00, 0x00, 0x00, 0x00, 0x00, 0x00, 0x00, 
	0x00, 0x00, 0x00, 0x00, 0x00, 0x00, 0x00, 0x00, 
	0x00, 0x00, 0x00, 0x00, 0x00, 0x00, 0x00, 0x00, 
	0x00, 0x00, 0x00, 0x00, 0x00, 0x00, 0x00, 0x00, 
	0x00, 0x00, 0x00, 0x00, 0x0f, 0x0f, 0x0f, 0x0f, 
	0x00, 0x00, 0x00, 0x00, 0x00, 0x00, 0x0f, 0x0f, 
	0x0f, 0x0f, 0x00, 0x00, 0x00, 0x00, 0x00, 0x00, 
	0x0f, 0x0f, 0x0f, 0x0f, 0x00, 0x00, 0x00, 0x00, 
	0x00, 0x00, 0x00, 0x00, 0x00, 0x00, 0x00, 0x00, 
	0x00, 0x00, 0x00, 0x00, 0x00, 0x00, 0x00, 0x00, 
	0x00, 0x00, 0x00, 0x00, 0x00, 0x00, 0x00, 0x00, 
	0x00, 0x00, 0x00, 0x00, 0x00, 0x00, 0x00, 0x00, 
	0x00, 0x00, 0x00, 0x00, 0x0f, 0x0f, 0x0f, 0x0f, 
	0x00, 0x00, 0x00, 0x00, 0x00, 0x00, 0x0f, 0x0f, 
	0x0f, 0x0f, 0x00, 0x00, 0x00, 0x00, 0x00, 0x00, 
	0x0f, 0x0f, 0x0f, 0x0f, 0x00, 0x00, 0x00, 0x00, 
	0x00, 0x00, 0x00, 0x00, 0x00, 0x00, 0x00, 0x00, 
	0x00, 0x00, 0x00, 0x00, 0x00, 0x00, 0x00, 0x00, 
	0x00, 0x00, 0x00, 0x00, 0x00, 0x00, 0x00, 0x00, 
	0x00, 0x00, 0x00, 0x00, 0x00, 0x00, 0x00, 0x00, 
	0x00, 0x00, 0x00, 0x00, 0x00, 0x0f, 0x0f, 0x00, 
	0x00, 0x00, 0x00, 0x00, 0x00, 0x00, 0x00, 0x0f, 
	0x0f, 0x00, 0x00, 0x00, 0x00, 0x00, 0x00, 0x00, 
	0x00, 0x0f, 0x0f, 0x00, 0x00, 0x00, 0x00, 0x00, 
	0x00, 0x00, 0x00, 0x00, 0x00, 0x00, 0x00, 0x00, 
	0x00, 0x00, 0x00, 0x00, 0x00, 0x00, 0x00, 0x00, 
	0x00, 0x00, 0x00, 0x00, 0x00, 0x00, 0x00, 0x00, 
	0x00, 0x00, 0x00, 0x00, 0x00, 0x00, 0x00, 0x00, 
	0x00, 0x00, 0x00, 0x00, 0x00, 0x00, 0x00, 0x00, 
	0x00, 0x00, 0x00, 0x00, 0x00, 0x00, 0x00, 0x00, 
	0x00, 0x00, 0x00, 0x00, 0x00, 0x00, 0x00, 0x00, 
	0x00, 0x00, 0x00, 0x00, 0x00, 0x00, 0x00, 0x00, 
	0x00, 0x00, 0x00, 0x00, 0x00, 0x00, 0x00, 0x00, 
	0x00, 0x00, 0x00, 0x00, 0x00, 0x00, 0x00, 0x00, 
	0x00, 0x00, 0x00, 0x00, 0x00, 0x00, 0x00, 0x00, 
	0x00, 0x00, 0x00, 0x00, 0x00, 0x00, 0x00, 0x00, 
	0x00, 0x00, 0x00, 0x00, 0x00, 0x00, 0x00, 0x00, 
	0x00, 0x00, 0x00, 0x00, 0x00, 0x00, 0x00, 0x00, 
	0x00, 0x00, 0x00, 0x00, 0x00, 0x00, 0x00, 0x00, 
	0x00, 0x00, 0x00, 0x00, 0x00, 0x00, 0x00, 0x00, 
	0x00, 0x00, 0x00, 0x00, 0x00, 0x00, 0x00, 0x00, 
	0x00, 0x00, 0x00, 0x00, 0x00, 0x00, 0x00, 0x00, 
	0x00, 0x00, 0x00, 0x00, 0x00, 0x00, 0x00, 0x00, 
	0x00, 0x00, 0x00, 0x00, 0x00, 0x00, 0x00, 0x00, 
	0x00, 0x00, 0x00, 0x00, 0x00, 0x00, 0x00, 0x00, 
	0x00, 0x00, 0x00, 0x00, 0x00, 0x00, 0x00, 0x00, 
	0x00, 0x00, 0x00, 0x00, 0x00, 0x00, 0x00, 0x00, 
	0x00, 0x00, 0x00, 0x00, 0x00, 0x00, 0x00, 0x00, 
	0x00, 0x00, 0x00, 0x00, 0x00, 0x00, 0x00, 0x00, 
	0x00, 0x00, 0x00, 0x00, 0x00, 0x00, 0x00, 0x00, 
	0x00, 0x00, 0x00, 0x00, 0x00, 0x00, 0x00, 0x00, 
	0x00, 0x00, 0x00, 0x00, 0x00, 0x00, 0x00, 0x00, 
	0x00, 0x00, 0x00, 0x00, 0x00, 0x00, 0x00, 0x00, 
	0x00, 0x00, 0x00, 0x00, 0x00, 0x00, 0x00, 0x00, 
	0x00, 0x00, 0x00, 0x00, 0x00, 0x00, 0x00, 0x00, 
	0x00, 0x00, 0x00, 0x00, 0x00, 0x00, 0x00, 0x00, 
	0x00, 0x00, 0x00, 0x00, 0x00, 0x00, 0x00, 0x00, 
	0x00, 0x00, 0x00, 0x00, 0x00, 0x00, 0x00, 0x00, 
	0x00, 0x00, 0x00, 0x00, 0x00, 0x00, 0x00, 0x00, 
	0x00, 0x00, 0x00, 0x00, 0x00, 0x00, 0x00, 0x00, 
	0x00, 0x00, 0x00, 0x00, 0x00, 0x00, 0x00, 0x00, 
	0x00, 0x00, 0x00, 0x00, 0x00, 0x00, 0x00, 0x00, 
	0x00, 0x00, 0x00, 0x00, 0x00, 0x00, 0x00, 0x00, 
	0x00, 0x00, 0x00, 0x00, 0x00, 0x00, 0x00, 0x00, 
	0x00, 0x00, 0x00, 0x00, 0x00, 0x00, 0x00, 0x00, 
	0x00, 0x00, 0x00, 0x00, 0x00, 0x00, 0x00, 0x00, 
	0x00, 0x00, 0x00, 0x00, 0x00, 0x00, 0x00, 0x00, 
	0x00, 0x00, 0x00, 0x00, 0x00, 0x00, 0x00, 0x00, 
	0x00, 0x00, 0x00, 0x00, 0x00, 0x00, 0x00, 0x00, 
	0x00, 0x00, 0x00, 0x00, 0x00, 0x00, 0x00, 0x00, 
	0x00, 0x00, 0x00, 0x00, 0x00, 0x00, 0x00, 0x00, 
	0x00, 0x00, 0x00, 0x00, 0x00, 0x00, 0x00, 0x00, 
	0x00, 0x00, 0x00, 0x00, 0x00, 0x00, 0x00, 0x00, 
	0x00, 0x00, 0x00, 0x00, 0x00, 0x00, 0x00, 0x00, 
	
};

Texture squishy_eye_right_ia8[] = {
	0x00, 0x00, 0x00, 0x00, 0x00, 0x00, 0x00, 0x00, 
	0x00, 0x00, 0x00, 0x00, 0x00, 0x00, 0x00, 0x00, 
	0x00, 0x00, 0x00, 0x00, 0x00, 0x00, 0x00, 0x00, 
	0x00, 0x00, 0x00, 0x00, 0x00, 0x00, 0x00, 0x00, 
	0x00, 0x00, 0x00, 0x00, 0x00, 0x00, 0x00, 0x00, 
	0x00, 0x00, 0x00, 0x00, 0x00, 0x00, 0x00, 0x00, 
	0x00, 0x00, 0x00, 0x00, 0x00, 0x00, 0x00, 0x00, 
	0x00, 0x00, 0x00, 0x00, 0x00, 0x00, 0x00, 0x00, 
	0x00, 0x00, 0x00, 0x00, 0x00, 0x00, 0x00, 0x00, 
	0x00, 0x00, 0x00, 0x00, 0x00, 0x00, 0x00, 0x00, 
	0x00, 0x00, 0x00, 0x00, 0x00, 0x00, 0x00, 0x00, 
	0x00, 0x00, 0x00, 0x00, 0x00, 0x00, 0x00, 0x00, 
	0x00, 0x00, 0x00, 0x00, 0x00, 0x00, 0x00, 0x00, 
	0x00, 0x00, 0x00, 0x00, 0x00, 0x00, 0x00, 0x00, 
	0x00, 0x00, 0x00, 0x00, 0x00, 0x00, 0x00, 0x00, 
	0x00, 0x00, 0x00, 0x00, 0x00, 0x00, 0x00, 0x00, 
	0x00, 0x00, 0x00, 0x00, 0x00, 0x00, 0x00, 0x00, 
	0x00, 0x00, 0x00, 0x00, 0x00, 0x00, 0x00, 0x00, 
	0x00, 0x00, 0x00, 0x00, 0x00, 0x00, 0x00, 0x00, 
	0x00, 0x00, 0x00, 0x00, 0x00, 0x00, 0x00, 0x00, 
	0x00, 0x00, 0x00, 0x00, 0x00, 0x00, 0x00, 0x00, 
	0x00, 0x00, 0x00, 0x00, 0x00, 0x00, 0x00, 0x00, 
	0x00, 0x00, 0x00, 0x00, 0x00, 0x00, 0x00, 0x00, 
	0x00, 0x00, 0x00, 0x00, 0x00, 0x00, 0x00, 0x00, 
	0x00, 0x00, 0x00, 0x00, 0x00, 0x00, 0x00, 0x00, 
	0x00, 0x00, 0x00, 0x00, 0x00, 0x00, 0x00, 0x00, 
	0x00, 0x00, 0x00, 0x00, 0x00, 0x00, 0x00, 0x00, 
	0x00, 0x00, 0x00, 0x00, 0x00, 0x00, 0x00, 0x00, 
	0x00, 0x00, 0x00, 0x00, 0x00, 0x00, 0x00, 0x00, 
	0x00, 0x00, 0x00, 0x00, 0x00, 0x00, 0x00, 0x00, 
	0x00, 0x00, 0x00, 0x00, 0x00, 0x00, 0x00, 0x00, 
	0x00, 0x00, 0x00, 0x00, 0x00, 0x00, 0x00, 0x00, 
	0x00, 0x00, 0x00, 0x00, 0x00, 0x00, 0x00, 0x00, 
	0x00, 0x00, 0x00, 0x00, 0x00, 0x00, 0x00, 0x00, 
	0x00, 0x00, 0x00, 0x00, 0x00, 0x00, 0x00, 0x00, 
	0x00, 0x00, 0x00, 0x00, 0x00, 0x00, 0x00, 0x00, 
	0x00, 0x00, 0x00, 0x00, 0x00, 0x00, 0x00, 0x00, 
	0x00, 0x00, 0x00, 0x00, 0x00, 0x00, 0x00, 0x00, 
	0x00, 0x00, 0x00, 0x00, 0x00, 0x00, 0x00, 0x00, 
	0x00, 0x00, 0x00, 0x00, 0x00, 0x00, 0x00, 0x00, 
	0x00, 0x00, 0x00, 0x00, 0x00, 0x00, 0x00, 0x00, 
	0x00, 0x00, 0x00, 0x00, 0x00, 0x00, 0x00, 0x00, 
	0x00, 0x00, 0x00, 0x00, 0x00, 0x00, 0x00, 0x00, 
	0x00, 0x00, 0x00, 0x00, 0x00, 0x00, 0x00, 0x00, 
	0x00, 0x00, 0x00, 0x00, 0x00, 0x00, 0x00, 0x00, 
	0x00, 0x00, 0x00, 0x00, 0x00, 0x00, 0x00, 0x00, 
	0x00, 0x00, 0x00, 0x00, 0x00, 0x00, 0x00, 0x00, 
	0x00, 0x00, 0x00, 0x00, 0x00, 0x00, 0x00, 0x00, 
	0x00, 0x00, 0x00, 0x00, 0x00, 0x00, 0x00, 0x00, 
	0x00, 0x00, 0x00, 0x00, 0x00, 0xff, 0xff, 0x00, 
	0x00, 0x00, 0x00, 0x00, 0x00, 0x00, 0x00, 0x00, 
	0x00, 0x00, 0x00, 0x00, 0x00, 0x00, 0x00, 0x00, 
	0x00, 0x00, 0x00, 0x00, 0x00, 0x00, 0x00, 0x00, 
	0x00, 0x00, 0x00, 0x00, 0x00, 0x00, 0x00, 0x00, 
	0x00, 0x00, 0x00, 0x00, 0x00, 0x00, 0x00, 0x00, 
	0x00, 0x00, 0x00, 0x00, 0x00, 0x00, 0x00, 0x00, 
	0x00, 0x00, 0x00, 0x00, 0x00, 0x00, 0x00, 0x00, 
	0x00, 0x00, 0x00, 0x00, 0x00, 0xff, 0xff, 0xff, 
	0xff, 0x00, 0x00, 0x00, 0x00, 0x00, 0x00, 0x00, 
	0x00, 0x00, 0x00, 0x00, 0x00, 0x00, 0x00, 0x00, 
	0x00, 0x00, 0x00, 0x00, 0x00, 0x00, 0x00, 0x00, 
	0x00, 0x00, 0x00, 0x00, 0x00, 0x00, 0x00, 0x00, 
	0x00, 0x00, 0x00, 0x00, 0x00, 0x00, 0x00, 0x00, 
	0x00, 0x00, 0x00, 0x00, 0x00, 0x00, 0x00, 0x00, 
	0x00, 0x00, 0x00, 0x00, 0x00, 0x00, 0x00, 0x00, 
	0x00, 0x00, 0x00, 0x00, 0x00, 0x00, 0xff, 0xff, 
	0xff, 0xff, 0xff, 0x00, 0x00, 0x00, 0x00, 0x00, 
	0x00, 0x00, 0x00, 0x00, 0x00, 0x00, 0x00, 0x00, 
	0x00, 0x00, 0x00, 0x00, 0x00, 0x00, 0x00, 0x00, 
	0x00, 0x00, 0x00, 0x00, 0x00, 0x00, 0x00, 0x00, 
	0x00, 0x00, 0x00, 0x00, 0x00, 0x00, 0x00, 0x00, 
	0x00, 0x00, 0x00, 0x00, 0x00, 0x00, 0x00, 0x00, 
	0x00, 0x00, 0x00, 0x00, 0x00, 0x00, 0x00, 0x00, 
	0x00, 0x00, 0x00, 0x00, 0x00, 0x00, 0x00, 0xff, 
	0xff, 0xff, 0xff, 0xff, 0xff, 0x00, 0x00, 0x00, 
	0x00, 0x00, 0x00, 0x00, 0x00, 0x00, 0x00, 0x00, 
	0x00, 0x00, 0x00, 0x00, 0x00, 0x00, 0x00, 0x00, 
	0x00, 0x00, 0x00, 0x00, 0x00, 0x00, 0x00, 0x00, 
	0x00, 0x00, 0x00, 0x00, 0x00, 0x00, 0x00, 0x00, 
	0x00, 0x00, 0x00, 0x00, 0x00, 0x00, 0x00, 0x00, 
	0x00, 0x00, 0x00, 0x00, 0x00, 0x00, 0x00, 0x00, 
	0x00, 0x00, 0x00, 0x00, 0x00, 0x00, 0x00, 0x00, 
	0xff, 0xff, 0xff, 0xff, 0xff, 0xff, 0x00, 0x00, 
	0x00, 0x00, 0x00, 0x00, 0x00, 0x00, 0x00, 0x00, 
	0x00, 0xff, 0xff, 0xff, 0xff, 0xff, 0xff, 0xff, 
	0xff, 0xff, 0xff, 0xff, 0xff, 0xff, 0x00, 0x00, 
	0x00, 0x00, 0x00, 0x00, 0x00, 0x00, 0x00, 0x00, 
	0x00, 0x00, 0x00, 0x00, 0x00, 0x00, 0x00, 0x00, 
	0x00, 0x00, 0x00, 0x00, 0x00, 0x00, 0x00, 0x00, 
	0x00, 0x00, 0xff, 0x00, 0x00, 0x00, 0x00, 0x00, 
	0xff, 0xff, 0xff, 0xff, 0xff, 0xff, 0xff, 0xff, 
	0x00, 0x00, 0x00, 0x00, 0x00, 0x00, 0x00, 0xff, 
	0xff, 0xff, 0xff, 0xff, 0xff, 0xff, 0xff, 0xff, 
	0xff, 0xff, 0xff, 0xff, 0xff, 0xff, 0xff, 0xff, 
	0x00, 0x00, 0x00, 0x00, 0x00, 0x00, 0x00, 0x00, 
	0x00, 0x00, 0x00, 0x00, 0x00, 0x00, 0x00, 0x00, 
	0x00, 0x00, 0x00, 0x00, 0x00, 0x00, 0x00, 0x00, 
	0x00, 0x00, 0xff, 0xff, 0xff, 0xff, 0x00, 0x00, 
	0x00, 0xff, 0xff, 0xff, 0xff, 0xdf, 0xff, 0xff, 
	0xff, 0xff, 0x00, 0x00, 0xff, 0xff, 0xff, 0xff, 
	0xff, 0xff, 0xff, 0xff, 0xff, 0xff, 0xbf, 0xaf, 
	0xaf, 0xaf, 0xaf, 0xbf, 0xff, 0xff, 0xff, 0xff, 
	0xff, 0xff, 0x00, 0x00, 0x00, 0x00, 0x00, 0x00, 
	0x00, 0x00, 0x00, 0x00, 0x00, 0x00, 0x00, 0x00, 
	0x00, 0x00, 0x00, 0x00, 0x00, 0x00, 0x00, 0x00, 
	0x00, 0x00, 0xff, 0xff, 0xff, 0xff, 0xff, 0xff, 
	0x00, 0xff, 0xff, 0xff, 0xff, 0x2f, 0xcf, 0xff, 
	0xff, 0xff, 0xff, 0xff, 0xff, 0xff, 0xff, 0xff, 
	0xff, 0xff, 0xef, 0x5f, 0x0f, 0x0f, 0x0f, 0x0f, 
	0x0f, 0x0f, 0x0f, 0x0f, 0x0f, 0x7f, 0xdf, 0xff, 
	0xff, 0xff, 0xff, 0x00, 0x00, 0x00, 0x00, 0x00, 
	0x00, 0x00, 0x00, 0x00, 0x00, 0x00, 0x00, 0x00, 
	0x00, 0x00, 0x00, 0x00, 0x00, 0x00, 0x00, 0x00, 
	0x00, 0x00, 0xff, 0xff, 0xff, 0xff, 0xff, 0xff, 
	0xff, 0xff, 0xff, 0xff, 0xff, 0xdf, 0x0f, 0x5f, 
	0xff, 0xff, 0xff, 0xff, 0xff, 0xff, 0xff, 0xff, 
	0xef, 0x4f, 0x0f, 0x0f, 0x0f, 0x0f, 0x0f, 0x0f, 
	0x0f, 0x0f, 0x0f, 0x0f, 0x3f, 0xaf, 0x7f, 0x9f, 
	0xff, 0xff, 0xff, 0xff, 0x00, 0x00, 0x00, 0x00, 
	0x00, 0x00, 0x00, 0x00, 0x00, 0x00, 0x00, 0x00, 
	0x00, 0x00, 0x00, 0x00, 0x00, 0x00, 0x00, 0x00, 
	0x00, 0x00, 0x00, 0xff, 0xff, 0x5f, 0xef, 0xff, 
	0xff, 0xff, 0xff, 0xff, 0xff, 0xff, 0x4f, 0x0f, 
	0x0f, 0xbf, 0xff, 0xff, 0xff, 0xff, 0xff, 0x3f, 
	0x0f, 0x0f, 0x0f, 0x0f, 0x0f, 0x0f, 0x0f, 0x0f, 
	0x0f, 0x0f, 0x0f, 0x5f, 0xff, 0xff, 0xff, 0xcf, 
	0xaf, 0xff, 0xff, 0xff, 0xff, 0x00, 0x00, 0x00, 
	0x00, 0x00, 0x00, 0x00, 0x00, 0x00, 0x00, 0x00, 
	0x00, 0x00, 0x00, 0x00, 0x00, 0x00, 0x00, 0x00, 
	0x00, 0x00, 0x00, 0xff, 0xff, 0x8f, 0x0f, 0x7f, 
	0xef, 0xff, 0xff, 0xff, 0xff, 0xff, 0xef, 0x0f, 
	0x0f, 0x0f, 0x0f, 0xcf, 0xff, 0xdf, 0x0f, 0x0f, 
	0x0f, 0x0f, 0x0f, 0x0f, 0x0f, 0x0f, 0x0f, 0x0f, 
	0x0f, 0x0f, 0x1f, 0xef, 0xff, 0xff, 0xef, 0xff, 
	0xef, 0xff, 0xff, 0xff, 0xff, 0xfc, 0x00, 0x00, 
	0x00, 0x00, 0x00, 0x00, 0x00, 0x00, 0x00, 0x00, 
	0x00, 0x00, 0x00, 0x00, 0x00, 0x00, 0x00, 0x00, 
	0x00, 0x00, 0x00, 0xff, 0xff, 0xcf, 0x0f, 0x0f, 
	0x0f, 0x6f, 0xef, 0xff, 0xff, 0xff, 0xff, 0x0f, 
	0x0f, 0x0f, 0x0f, 0x0f, 0x2f, 0x0f, 0x0f, 0x0f, 
	0x0f, 0x0f, 0x0f, 0x0f, 0x0f, 0x0f, 0x0f, 0x0f, 
	0x0f, 0x0f, 0x2f, 0xff, 0xff, 0xef, 0x2f, 0x8f, 
	0xff, 0xff, 0xff, 0xff, 0xff, 0xff, 0x00, 0x00, 
	0x00, 0x00, 0x00, 0x00, 0x00, 0x00, 0x00, 0x00, 
	0x00, 0x00, 0x00, 0x00, 0x00, 0x00, 0x00, 0x00, 
	0x00, 0x00, 0x00, 0xff, 0xff, 0xff, 0x0f, 0x0f, 
	0x0f, 0x0f, 0x0f, 0x0f, 0x5f, 0xdf, 0xef, 0x8f, 
	0x0f, 0x0f, 0x0f, 0x0f, 0x0f, 0x0f, 0x0f, 0x0f, 
	0x0f, 0x0f, 0x0f, 0x0f, 0x0f, 0x0f, 0x0f, 0x0f, 
	0x0f, 0x0f, 0x8f, 0xff, 0xff, 0x8f, 0x0f, 0x1f, 
	0xef, 0xff, 0xff, 0xff, 0xff, 0xff, 0x00, 0x00, 
	0x00, 0x00, 0x00, 0x00, 0x00, 0x00, 0x00, 0x00, 
	0x00, 0x00, 0x00, 0x00, 0x00, 0x00, 0x00, 0x00, 
	0x00, 0x00, 0x00, 0x00, 0xff, 0xff, 0x0f, 0x0f, 
	0x0f, 0x0f, 0x0f, 0x0f, 0x0f, 0x0f, 0x0f, 0x0f, 
	0x0f, 0x0f, 0x0f, 0x0f, 0x0f, 0x0f, 0x0f, 0x0f, 
	0x0f, 0x0f, 0x0f, 0x0f, 0x0f, 0x0f, 0x0f, 0x0f, 
	0x0f, 0x0f, 0xbf, 0xff, 0xef, 0x2f, 0x0f, 0x0f, 
	0xcf, 0xff, 0xff, 0xff, 0xff, 0xff, 0x00, 0x00, 
	0x00, 0x00, 0x00, 0x00, 0x00, 0x00, 0x00, 0x00, 
	0x00, 0x00, 0x00, 0x00, 0x00, 0x00, 0x00, 0x00, 
	0x00, 0x00, 0x00, 0x00, 0xff, 0xff, 0x4f, 0x0f, 
	0x0f, 0x0f, 0x0f, 0x0f, 0x0f, 0x0f, 0x0f, 0x0f, 
	0x0f, 0x0f, 0x0f, 0x0f, 0x0f, 0x0f, 0x0f, 0x0f, 
	0x0f, 0x0f, 0x0f, 0x0f, 0x0f, 0x0f, 0x0f, 0x0f, 
	0x0f, 0x0f, 0xcf, 0xff, 0xcf, 0x0f, 0x0f, 0x0f, 
	0x8f, 0xff, 0xff, 0xff, 0xff, 0xff, 0x00, 0x00, 
	0x00, 0x00, 0x00, 0x00, 0x00, 0x00, 0x00, 0x00, 
	0x00, 0x00, 0x00, 0x00, 0x00, 0x00, 0x00, 0x00, 
	0x00, 0x00, 0x00, 0x00, 0xff, 0xff, 0xaf, 0x0f, 
	0x0f, 0x0f, 0x0f, 0x0f, 0x0f, 0x0f, 0x0f, 0x0f, 
	0x0f, 0x0f, 0x0f, 0x0f, 0x0f, 0x0f, 0x0f, 0x0f, 
	0x0f, 0x0f, 0x0f, 0x0f, 0x0f, 0x0f, 0x0f, 0x0f, 
	0x0f, 0x0f, 0xdf, 0xff, 0x8f, 0x0f, 0x0f, 0x0f, 
	0x5f, 0xff, 0xff, 0xff, 0xff, 0xff, 0x00, 0x00, 
	0x00, 0x00, 0x00, 0x00, 0x00, 0x00, 0x00, 0x00, 
	0x00, 0x00, 0x00, 0x00, 0x00, 0x00, 0x00, 0x00, 
	0x00, 0x00, 0x00, 0x00, 0xff, 0xff, 0xcf, 0x0f, 
	0x0f, 0x0f, 0x0f, 0x0f, 0x1f, 0x7f, 0xdf, 0xff, 
	0x0f, 0x0f, 0x0f, 0x0f, 0x0f, 0x0f, 0x0f, 0x0f, 
	0x0f, 0x0f, 0x0f, 0x0f, 0x0f, 0x0f, 0x0f, 0x0f, 
	0x0f, 0x0f, 0xdf, 0xff, 0x5f, 0x0f, 0x0f, 0x0f, 
	0x4f, 0xff, 0xff, 0xff, 0xff, 0xff, 0x00, 0x00, 
	0x00, 0x00, 0x00, 0x00, 0x00, 0x00, 0x00, 0x00, 
	0x00, 0x00, 0x00, 0x00, 0x00, 0x00, 0x00, 0x00, 
	0x00, 0x00, 0x00, 0x00, 0xff, 0xff, 0xff, 0x1f, 
	0x7f, 0xef, 0xff, 0xff, 0xff, 0xff, 0xff, 0x9f, 
	0x0f, 0x0f, 0x0f, 0x0f, 0x0f, 0x0f, 0x0f, 0x0f, 
	0x0f, 0x0f, 0x0f, 0x0f, 0x0f, 0x0f, 0x0f, 0x0f, 
	0x0f, 0x0f, 0xef, 0xff, 0x3f, 0x0f, 0x0f, 0x0f, 
	0x4f, 0xff, 0xff, 0xff, 0xff, 0xff, 0x00, 0x00, 
	0x00, 0x00, 0x00, 0x00, 0x00, 0x00, 0x00, 0x00, 
	0x00, 0x00, 0x00, 0x00, 0x00, 0x00, 0x00, 0x00, 
	0x00, 0x00, 0x00, 0x00, 0x00, 0xff, 0xff, 0xff, 
	0xff, 0xff, 0xff, 0xff, 0xff, 0xff, 0xff, 0x0f, 
	0x0f, 0x0f, 0x0f, 0x6f, 0x5f, 0x0f, 0x0f, 0x0f, 
	0x0f, 0x0f, 0x0f, 0x0f, 0x0f, 0x0f, 0x0f, 0x0f, 
	0x0f, 0x0f, 0xcf, 0xff, 0xbf, 0x0f, 0x0f, 0x0f, 
	0xdf, 0xff, 0xff, 0xff, 0xff, 0xff, 0x00, 0x00, 
	0x00, 0x00, 0x00, 0x00, 0x00, 0x00, 0x00, 0x00, 
	0x00, 0x00, 0x00, 0x00, 0x00, 0x00, 0x00, 0x00, 
	0x00, 0x00, 0x00, 0x00, 0x00, 0xff, 0xff, 0xff, 
	0xff, 0xff, 0xff, 0xff, 0xff, 0xff, 0x7f, 0x0f, 
	0x0f, 0x0f, 0x0f, 0xff, 0xff, 0x3f, 0x0f, 0x0f, 
	0x0f, 0x0f, 0x0f, 0x0f, 0x0f, 0x0f, 0x0f, 0x0f, 
	0x0f, 0x0f, 0x7f, 0xff, 0xff, 0x5f, 0x4f, 0xbf, 
	0xff, 0xff, 0xff, 0xff, 0xff, 0xff, 0x00, 0x00, 
	0x00, 0x00, 0x00, 0x00, 0x00, 0x00, 0x00, 0x00, 
	0x00, 0x00, 0x00, 0x00, 0x00, 0x00, 0x00, 0x00, 
	0x00, 0x00, 0x00, 0x00, 0x00, 0xff, 0xff, 0x00, 
	0x00, 0x00, 0xff, 0xff, 0xff, 0xff, 0x0f, 0x0f, 
	0x0f, 0x0f, 0xdf, 0xff, 0xff, 0xff, 0x9f, 0x0f, 
	0x0f, 0x0f, 0x0f, 0x0f, 0x0f, 0x0f, 0x0f, 0x0f, 
	0x0f, 0x0f, 0x1f, 0xef, 0xff, 0xff, 0xff, 0xff, 
	0xff, 0xff, 0xff, 0xff, 0xff, 0x00, 0x00, 0x00, 
	0x00, 0x00, 0x00, 0x00, 0x00, 0x00, 0x00, 0x00, 
	0x00, 0x00, 0x00, 0x00, 0x00, 0x00, 0x00, 0x00, 
	0x00, 0x00, 0x00, 0x00, 0x00, 0x00, 0x00, 0x00, 
	0x00, 0x00, 0xff, 0xff, 0xff, 0x3f, 0x0f, 0x0f, 
	0x0f, 0x2f, 0xff, 0xff, 0xff, 0xff, 0xff, 0xff, 
	0x1f, 0x0f, 0x0f, 0x0f, 0x0f, 0x0f, 0x0f, 0x0f, 
	0x0f, 0x0f, 0x0f, 0x2f, 0xff, 0xff, 0xff, 0xff, 
	0xbf, 0xef, 0xff, 0xff, 0x00, 0x00, 0x00, 0x00, 
	0x00, 0x00, 0x00, 0x00, 0x00, 0x00, 0x00, 0x00, 
	0x00, 0x00, 0x00, 0x00, 0x00, 0x00, 0x00, 0x00, 
	0x00, 0x00, 0x00, 0x00, 0x00, 0x00, 0x00, 0x00, 
	0x00, 0xff, 0xff, 0xff, 0xaf, 0x0f, 0x0f, 0x0f, 
	0x0f, 0xcf, 0xff, 0xff, 0xff, 0xff, 0xff, 0xff, 
	0xff, 0xcf, 0x1f, 0x0f, 0x0f, 0x0f, 0x0f, 0x0f, 
	0x0f, 0x0f, 0x0f, 0x0f, 0x0f, 0x0f, 0x8f, 0xef, 
	0xff, 0xff, 0xff, 0xf0, 0x00, 0x00, 0x00, 0x00, 
	0x00, 0x00, 0x00, 0x00, 0x00, 0x00, 0x00, 0x00, 
	0x00, 0x00, 0x00, 0x00, 0x00, 0x00, 0x00, 0x00, 
	0x00, 0x00, 0x00, 0x00, 0x00, 0x00, 0x00, 0x00, 
	0xff, 0xff, 0xff, 0xbf, 0x0f, 0x0f, 0x0f, 0x0f, 
	0x0f, 0xcf, 0xff, 0xff, 0x00, 0xff, 0xff, 0xff, 
	0xff, 0xff, 0xff, 0xcf, 0xcf, 0x2f, 0x0f, 0x0f, 
	0x0f, 0x0f, 0x0f, 0x1f, 0xbf, 0xff, 0xef, 0xff, 
	0xff, 0xff, 0x00, 0x00, 0x00, 0x00, 0x00, 0x00, 
	0x00, 0x00, 0x00, 0x00, 0x00, 0x00, 0x00, 0x00, 
	0x00, 0x00, 0x00, 0x00, 0x00, 0x00, 0x00, 0x00, 
	0x00, 0x00, 0x00, 0x00, 0x00, 0x00, 0x00, 0x00, 
	0xff, 0xff, 0xff, 0xff, 0x3f, 0x0f, 0x0f, 0x0f, 
	0x0f, 0xff, 0xff, 0xff, 0x00, 0x00, 0x00, 0xff, 
	0xff, 0xff, 0xff, 0xff, 0xff, 0xff, 0xff, 0xef, 
	0xff, 0xff, 0xff, 0xff, 0xff, 0xff, 0xff, 0xff, 
	0xff, 0x00, 0x00, 0x00, 0x00, 0x00, 0x00, 0x00, 
	0x00, 0x00, 0x00, 0x00, 0x00, 0x00, 0x00, 0x00, 
	0x00, 0x00, 0x00, 0x00, 0x00, 0x00, 0x00, 0x00, 
	0x00, 0x00, 0x00, 0x00, 0x00, 0x00, 0x00, 0x00, 
	0xff, 0xff, 0xff, 0xff, 0xff, 0xdf, 0x4f, 0x0f, 
	0x0f, 0xff, 0xff, 0xff, 0x00, 0x00, 0x00, 0x00, 
	0x00, 0xff, 0xff, 0xff, 0xff, 0xff, 0xff, 0xff, 
	0xff, 0xff, 0xff, 0xff, 0xff, 0xff, 0xff, 0xff, 
	0x00, 0x00, 0x00, 0x00, 0x00, 0x00, 0x00, 0x00, 
	0x00, 0x00, 0x00, 0x00, 0x00, 0x00, 0x00, 0x00, 
	0x00, 0x00, 0x00, 0x00, 0x00, 0x00, 0x00, 0x00, 
	0x00, 0x00, 0x00, 0x00, 0x00, 0x00, 0x00, 0x00, 
	0x00, 0x00, 0xff, 0xff, 0xff, 0xff, 0xff, 0xdf, 
	0x3f, 0xff, 0xff, 0x00, 0x00, 0x00, 0x00, 0x00, 
	0x00, 0x00, 0x00, 0x00, 0xff, 0xff, 0xff, 0xff, 
	0xff, 0xff, 0xff, 0xff, 0xff, 0xff, 0x00, 0x00, 
	0x00, 0x00, 0x00, 0x00, 0x00, 0x00, 0x00, 0x00, 
	0x00, 0x00, 0x00, 0x00, 0x00, 0x00, 0x00, 0x00, 
	0x00, 0x00, 0x00, 0x00, 0x00, 0x00, 0x00, 0x00, 
	0x00, 0x00, 0x00, 0x00, 0x00, 0x00, 0x00, 0x00, 
	0x00, 0x00, 0x00, 0x00, 0xff, 0xff, 0xff, 0xff, 
	0xff, 0xff, 0xff, 0x00, 0x00, 0x00, 0x00, 0x00, 
	0x00, 0x00, 0x00, 0x00, 0x00, 0x00, 0x00, 0x00, 
	0x00, 0x00, 0x00, 0x00, 0x00, 0x00, 0x00, 0x00, 
	0x00, 0x00, 0x00, 0x00, 0x00, 0x00, 0x00, 0x00, 
	0x00, 0x00, 0x00, 0x00, 0x00, 0x00, 0x00, 0x00, 
	0x00, 0x00, 0x00, 0x00, 0x00, 0x00, 0x00, 0x00, 
	0x00, 0x00, 0x00, 0x00, 0x00, 0x00, 0x00, 0x00, 
	0x00, 0x00, 0x00, 0x00, 0x00, 0x00, 0xff, 0xff, 
	0xff, 0xff, 0xff, 0x00, 0x00, 0x00, 0x00, 0x00, 
	0x00, 0x00, 0x00, 0x00, 0x00, 0x00, 0x00, 0x00, 
	0x00, 0x00, 0x00, 0x00, 0x00, 0x00, 0x00, 0x00, 
	0x00, 0x00, 0x00, 0x00, 0x00, 0x00, 0x00, 0x00, 
	0x00, 0x00, 0x00, 0x00, 0x00, 0x00, 0x00, 0x00, 
	0x00, 0x00, 0x00, 0x00, 0x00, 0x00, 0x00, 0x00, 
	0x00, 0x00, 0x00, 0x00, 0x00, 0x00, 0x00, 0x00, 
	0x00, 0x00, 0x00, 0x00, 0x00, 0x00, 0x00, 0x00, 
	0xff, 0xff, 0x00, 0x00, 0x00, 0x00, 0x00, 0x00, 
	0x00, 0x00, 0x00, 0x00, 0x00, 0x00, 0x00, 0x00, 
	0x00, 0x00, 0x00, 0x00, 0x00, 0x00, 0x00, 0x00, 
	0x00, 0x00, 0x00, 0x00, 0x00, 0x00, 0x00, 0x00, 
	0x00, 0x00, 0x00, 0x00, 0x00, 0x00, 0x00, 0x00, 
	0x00, 0x00, 0x00, 0x00, 0x00, 0x00, 0x00, 0x00, 
	0x00, 0x00, 0x00, 0x00, 0x00, 0x00, 0x00, 0x00, 
	0x00, 0x00, 0x00, 0x00, 0x00, 0x00, 0x00, 0x00, 
	0x00, 0x00, 0x00, 0x00, 0x00, 0x00, 0x00, 0x00, 
	0x00, 0x00, 0x00, 0x00, 0x00, 0x00, 0x00, 0x00, 
	0x00, 0x00, 0x00, 0x00, 0x00, 0x00, 0x00, 0x00, 
	0x00, 0x00, 0x00, 0x00, 0x00, 0x00, 0x00, 0x00, 
	0x00, 0x00, 0x00, 0x00, 0x00, 0x00, 0x00, 0x00, 
	0x00, 0x00, 0x00, 0x00, 0x00, 0x00, 0x00, 0x00, 
	0x00, 0x00, 0x00, 0x00, 0x00, 0x00, 0x00, 0x00, 
	0x00, 0x00, 0x00, 0x00, 0x00, 0x00, 0x00, 0x00, 
	0x00, 0x00, 0x00, 0x00, 0x00, 0x00, 0x00, 0x00, 
	0x00, 0x00, 0x00, 0x00, 0x00, 0x00, 0x00, 0x00, 
	0x00, 0x00, 0x00, 0x00, 0x00, 0x00, 0x00, 0x00, 
	0x00, 0x00, 0x00, 0x00, 0x00, 0x00, 0x00, 0x00, 
	0x00, 0x00, 0x00, 0x00, 0x00, 0x00, 0x00, 0x00, 
	0x00, 0x00, 0x00, 0x00, 0x00, 0x00, 0x00, 0x00, 
	0x00, 0x00, 0x00, 0x00, 0x00, 0x00, 0x00, 0x00, 
	0x00, 0x00, 0x00, 0x00, 0x00, 0x00, 0x00, 0x00, 
	0x00, 0x00, 0x00, 0x00, 0x00, 0x00, 0x00, 0x00, 
	0x00, 0x00, 0x00, 0x00, 0x00, 0x00, 0x00, 0x00, 
	0x00, 0x00, 0x00, 0x00, 0x00, 0x00, 0x00, 0x00, 
	0x00, 0x00, 0x00, 0x00, 0x00, 0x00, 0x00, 0x00, 
	0x00, 0x00, 0x00, 0x00, 0x00, 0x00, 0x00, 0x00, 
	0x00, 0x00, 0x00, 0x00, 0x00, 0x00, 0x00, 0x00, 
	0x00, 0x00, 0x00, 0x00, 0x00, 0x00, 0x00, 0x00, 
	0x00, 0x00, 0x00, 0x00, 0x00, 0x00, 0x00, 0x00, 
	0x00, 0x00, 0x00, 0x00, 0x00, 0x00, 0x00, 0x00, 
	0x00, 0x00, 0x00, 0x00, 0x00, 0x00, 0x00, 0x00, 
	0x00, 0x00, 0x00, 0x00, 0x00, 0x00, 0x00, 0x00, 
	0x00, 0x00, 0x00, 0x00, 0x00, 0x00, 0x00, 0x00, 
	0x00, 0x00, 0x00, 0x00, 0x00, 0x00, 0x00, 0x00, 
	0x00, 0x00, 0x00, 0x00, 0x00, 0x00, 0x00, 0x00, 
	0x00, 0x00, 0x00, 0x00, 0x00, 0x00, 0x00, 0x00, 
	0x00, 0x00, 0x00, 0x00, 0x00, 0x00, 0x00, 0x00, 
	0x00, 0x00, 0x00, 0x00, 0x00, 0x00, 0x00, 0x00, 
	0x00, 0x00, 0x00, 0x00, 0x00, 0x00, 0x00, 0x00, 
	0x00, 0x00, 0x00, 0x00, 0x00, 0x00, 0x00, 0x00, 
	0x00, 0x00, 0x00, 0x00, 0x00, 0x00, 0x00, 0x00, 
	0x00, 0x00, 0x00, 0x00, 0x00, 0x00, 0x00, 0x00, 
	0x00, 0x00, 0x00, 0x00, 0x00, 0x00, 0x00, 0x00, 
	0x00, 0x00, 0x00, 0x00, 0x00, 0x00, 0x00, 0x00, 
	0x00, 0x00, 0x00, 0x00, 0x00, 0x00, 0x00, 0x00, 
	0x00, 0x00, 0x00, 0x00, 0x00, 0x00, 0x00, 0x00, 
	0x00, 0x00, 0x00, 0x00, 0x00, 0x00, 0x00, 0x00, 
	0x00, 0x00, 0x00, 0x00, 0x00, 0x00, 0x00, 0x00, 
	0x00, 0x00, 0x00, 0x00, 0x00, 0x00, 0x00, 0x00, 
	0x00, 0x00, 0x00, 0x00, 0x00, 0x00, 0x00, 0x00, 
	0x00, 0x00, 0x00, 0x00, 0x00, 0x00, 0x00, 0x00, 
	0x00, 0x00, 0x00, 0x00, 0x00, 0x00, 0x00, 0x00, 
	0x00, 0x00, 0x00, 0x00, 0x00, 0x00, 0x00, 0x00, 
	0x00, 0x00, 0x00, 0x00, 0x00, 0x00, 0x00, 0x00, 
	0x00, 0x00, 0x00, 0x00, 0x00, 0x00, 0x00, 0x00, 
	0x00, 0x00, 0x00, 0x00, 0x00, 0x00, 0x00, 0x00, 
	0x00, 0x00, 0x00, 0x00, 0x00, 0x00, 0x00, 0x00, 
	0x00, 0x00, 0x00, 0x00, 0x00, 0x00, 0x00, 0x00, 
	0x00, 0x00, 0x00, 0x00, 0x00, 0x00, 0x00, 0x00, 
	0x00, 0x00, 0x00, 0x00, 0x00, 0x00, 0x00, 0x00, 
	0x00, 0x00, 0x00, 0x00, 0x00, 0x00, 0x00, 0x00, 
	0x00, 0x00, 0x00, 0x00, 0x00, 0x00, 0x00, 0x00, 
	0x00, 0x00, 0x00, 0x00, 0x00, 0x00, 0x00, 0x00, 
	0x00, 0x00, 0x00, 0x00, 0x00, 0x00, 0x00, 0x00, 
	0x00, 0x00, 0x00, 0x00, 0x00, 0x00, 0x00, 0x00, 
	0x00, 0x00, 0x00, 0x00, 0x00, 0x00, 0x00, 0x00, 
	0x00, 0x00, 0x00, 0x00, 0x00, 0x00, 0x00, 0x00, 
	0x00, 0x00, 0x00, 0x00, 0x00, 0x00, 0x00, 0x00, 
	0x00, 0x00, 0x00, 0x00, 0x00, 0x00, 0x00, 0x00, 
	0x00, 0x00, 0x00, 0x00, 0x00, 0x00, 0x00, 0x00, 
	0x00, 0x00, 0x00, 0x00, 0x00, 0x00, 0x00, 0x00, 
	0x00, 0x00, 0x00, 0x00, 0x00, 0x00, 0x00, 0x00, 
	0x00, 0x00, 0x00, 0x00, 0x00, 0x00, 0x00, 0x00, 
	0x00, 0x00, 0x00, 0x00, 0x00, 0x00, 0x00, 0x00, 
	0x00, 0x00, 0x00, 0x00, 0x00, 0x00, 0x00, 0x00, 
	0x00, 0x00, 0x00, 0x00, 0x00, 0x00, 0x00, 0x00, 
	0x00, 0x00, 0x00, 0x00, 0x00, 0x00, 0x00, 0x00, 
	0x00, 0x00, 0x00, 0x00, 0x00, 0x00, 0x00, 0x00, 
	0x00, 0x00, 0x00, 0x00, 0x00, 0x00, 0x00, 0x00, 
	0x00, 0x00, 0x00, 0x00, 0x00, 0x00, 0x00, 0x00, 
	0x00, 0x00, 0x00, 0x00, 0x00, 0x00, 0x00, 0x00, 
	0x00, 0x00, 0x00, 0x00, 0x00, 0x00, 0x00, 0x00, 
	0x00, 0x00, 0x00, 0x00, 0x00, 0x00, 0x00, 0x00, 
	0x00, 0x00, 0x00, 0x00, 0x00, 0x00, 0x00, 0x00, 
	0x00, 0x00, 0x00, 0x00, 0x00, 0x00, 0x00, 0x00, 
	0x00, 0x00, 0x00, 0x00, 0x00, 0x00, 0x00, 0x00, 
	0x00, 0x00, 0x00, 0x00, 0x00, 0x00, 0x00, 0x00, 
	0x00, 0x00, 0x00, 0x00, 0x00, 0x00, 0x00, 0x00, 
	0x00, 0x00, 0x00, 0x00, 0x00, 0x00, 0x00, 0x00, 
	0x00, 0x00, 0x00, 0x00, 0x00, 0x00, 0x00, 0x00, 
	0x00, 0x00, 0x00, 0x00, 0x00, 0x00, 0x00, 0x00, 
	0x00, 0x00, 0x00, 0x00, 0x00, 0x00, 0x00, 0x00, 
	0x00, 0x00, 0x00, 0x00, 0x00, 0x0f, 0x0f, 0x00, 
	0x00, 0x00, 0x00, 0x00, 0x00, 0x00, 0x00, 0x0f, 
	0x0f, 0x00, 0x00, 0x00, 0x00, 0x00, 0x00, 0x00, 
	0x00, 0x0f, 0x0f, 0x00, 0x00, 0x00, 0x00, 0x00, 
	0x00, 0x00, 0x00, 0x00, 0x00, 0x00, 0x00, 0x00, 
	0x00, 0x00, 0x00, 0x00, 0x00, 0x00, 0x00, 0x00, 
	0x00, 0x00, 0x00, 0x00, 0x00, 0x00, 0x00, 0x00, 
	0x00, 0x00, 0x00, 0x00, 0x00, 0x00, 0x00, 0x00, 
	0x00, 0x00, 0x00, 0x00, 0x0f, 0x0f, 0x0f, 0x0f, 
	0x00, 0x00, 0x00, 0x00, 0x00, 0x00, 0x0f, 0x0f, 
	0x0f, 0x0f, 0x00, 0x00, 0x00, 0x00, 0x00, 0x00, 
	0x0f, 0x0f, 0x0f, 0x0f, 0x00, 0x00, 0x00, 0x00, 
	0x00, 0x00, 0x00, 0x00, 0x00, 0x00, 0x00, 0x00, 
	0x00, 0x00, 0x00, 0x00, 0x00, 0x00, 0x00, 0x00, 
	0x00, 0x00, 0x00, 0x00, 0x00, 0x00, 0x00, 0x00, 
	0x00, 0x00, 0x00, 0x00, 0x00, 0x00, 0x00, 0x00, 
	0x00, 0x00, 0x00, 0x00, 0x0f, 0x0f, 0x0f, 0x0f, 
	0x00, 0x00, 0x00, 0x00, 0x00, 0x00, 0x0f, 0x0f, 
	0x0f, 0x0f, 0x00, 0x00, 0x00, 0x00, 0x00, 0x00, 
	0x0f, 0x0f, 0x0f, 0x0f, 0x00, 0x00, 0x00, 0x00, 
	0x00, 0x00, 0x00, 0x00, 0x00, 0x00, 0x00, 0x00, 
	0x00, 0x00, 0x00, 0x00, 0x00, 0x00, 0x00, 0x00, 
	0x00, 0x00, 0x00, 0x00, 0x00, 0x00, 0x00, 0x00, 
	0x00, 0x00, 0x00, 0x00, 0x00, 0x00, 0x00, 0x00, 
	0x00, 0x00, 0x00, 0x00, 0x0f, 0x0f, 0x0f, 0x0f, 
	0x00, 0x00, 0x00, 0x00, 0x00, 0x00, 0x0f, 0x0f, 
	0x0f, 0x0f, 0x00, 0x00, 0x00, 0x00, 0x00, 0x00, 
	0x0f, 0x0f, 0x0f, 0x0f, 0x00, 0x00, 0x00, 0x00, 
	0x00, 0x00, 0x00, 0x00, 0x00, 0x00, 0x00, 0x00, 
	0x00, 0x00, 0x00, 0x00, 0x00, 0x00, 0x00, 0x00, 
	0x00, 0x00, 0x00, 0x00, 0x00, 0x00, 0x00, 0x00, 
	0x00, 0x00, 0x00, 0x00, 0x00, 0x00, 0x00, 0x00, 
	0x00, 0x00, 0x00, 0x00, 0x0f, 0x0f, 0x0f, 0x0f, 
	0x00, 0x00, 0x00, 0x00, 0x00, 0x00, 0x0f, 0x0f, 
	0x0f, 0x0f, 0x00, 0x00, 0x00, 0x00, 0x00, 0x00, 
	0x0f, 0x0f, 0x0f, 0x0f, 0x00, 0x00, 0x00, 0x00, 
	0x00, 0x00, 0x00, 0x00, 0x00, 0x00, 0x00, 0x00, 
	0x00, 0x00, 0x00, 0x00, 0x00, 0x00, 0x00, 0x00, 
	0x00, 0x00, 0x00, 0x00, 0x00, 0x00, 0x00, 0x00, 
	0x00, 0x00, 0x00, 0x00, 0x00, 0x00, 0x00, 0x00, 
	0x00, 0x00, 0x00, 0x00, 0x0f, 0x0f, 0x0f, 0x0f, 
	0x00, 0x00, 0x00, 0x00, 0x00, 0x00, 0x0f, 0x0f, 
	0x0f, 0x0f, 0x00, 0x00, 0x00, 0x00, 0x00, 0x00, 
	0x0f, 0x0f, 0x0f, 0x0f, 0x00, 0x00, 0x00, 0x00, 
	0x00, 0x00, 0x00, 0x00, 0x00, 0x00, 0x00, 0x00, 
	0x00, 0x00, 0x00, 0x00, 0x00, 0x00, 0x00, 0x00, 
	0x00, 0x00, 0x00, 0x00, 0x00, 0x00, 0x00, 0x00, 
	0x00, 0x00, 0x00, 0x00, 0x00, 0x00, 0x00, 0x00, 
	0x00, 0x00, 0x00, 0x00, 0x0f, 0x0f, 0x0f, 0x0f, 
	0x00, 0x00, 0x00, 0x00, 0x00, 0x00, 0x0f, 0x0f, 
	0x0f, 0x0f, 0x00, 0x00, 0x00, 0x00, 0x00, 0x00, 
	0x0f, 0x0f, 0x0f, 0x0f, 0x00, 0x00, 0x00, 0x00, 
	0x00, 0x00, 0x00, 0x00, 0x00, 0x00, 0x00, 0x00, 
	0x00, 0x00, 0x00, 0x00, 0x00, 0x00, 0x00, 0x00, 
	0x00, 0x00, 0x00, 0x00, 0x00, 0x00, 0x00, 0x00, 
	0x00, 0x00, 0x00, 0x00, 0x00, 0x00, 0x00, 0x00, 
	0x00, 0x00, 0x00, 0x00, 0x0f, 0x0f, 0x0f, 0x0f, 
	0x00, 0x00, 0x00, 0x00, 0x00, 0x00, 0x0f, 0x0f, 
	0x0f, 0x0f, 0x00, 0x00, 0x00, 0x00, 0x00, 0x00, 
	0x0f, 0x0f, 0x0f, 0x0f, 0x00, 0x00, 0x00, 0x00, 
	0x00, 0x00, 0x00, 0x00, 0x00, 0x00, 0x00, 0x00, 
	0x00, 0x00, 0x00, 0x00, 0x00, 0x00, 0x00, 0x00, 
	0x00, 0x00, 0x00, 0x00, 0x00, 0x00, 0x00, 0x00, 
	0x00, 0x00, 0x00, 0x00, 0x00, 0x00, 0x00, 0x00, 
	0x00, 0x00, 0x00, 0x00, 0x0f, 0x0f, 0x0f, 0x0f, 
	0x00, 0x00, 0x00, 0x00, 0x00, 0x00, 0x0f, 0x0f, 
	0x0f, 0x0f, 0x00, 0x00, 0x00, 0x00, 0x00, 0x00, 
	0x0f, 0x0f, 0x0f, 0x0f, 0x00, 0x00, 0x00, 0x00, 
	0x00, 0x00, 0x00, 0x00, 0x00, 0x00, 0x00, 0x00, 
	0x00, 0x00, 0x00, 0x00, 0x00, 0x00, 0x00, 0x00, 
	0x00, 0x00, 0x00, 0x00, 0x00, 0x00, 0x00, 0x00, 
	0x00, 0x00, 0x00, 0x00, 0x00, 0x00, 0x00, 0x00, 
	0x00, 0x00, 0x00, 0x00, 0x0f, 0x0f, 0x0f, 0x0f, 
	0x00, 0x00, 0x00, 0x00, 0x00, 0x00, 0x0f, 0x0f, 
	0x0f, 0x0f, 0x00, 0x00, 0x00, 0x00, 0x00, 0x00, 
	0x0f, 0x0f, 0x0f, 0x0f, 0x00, 0x00, 0x00, 0x00, 
	0x00, 0x00, 0x00, 0x00, 0x00, 0x00, 0x00, 0x00, 
	0x00, 0x00, 0x00, 0x00, 0x00, 0x00, 0x00, 0x00, 
	0x00, 0x00, 0x00, 0x00, 0x00, 0x00, 0x00, 0x00, 
	0x00, 0x00, 0x00, 0x00, 0x00, 0x00, 0x00, 0x00, 
	0x00, 0x00, 0x00, 0x00, 0x00, 0x0f, 0x0f, 0x00, 
	0x00, 0x00, 0x00, 0x00, 0x00, 0x00, 0x00, 0x0f, 
	0x0f, 0x00, 0x00, 0x00, 0x00, 0x00, 0x00, 0x00, 
	0x00, 0x0f, 0x0f, 0x00, 0x00, 0x00, 0x00, 0x00, 
	0x00, 0x00, 0x00, 0x00, 0x00, 0x00, 0x00, 0x00, 
	0x00, 0x00, 0x00, 0x00, 0x00, 0x00, 0x00, 0x00, 
	0x00, 0x00, 0x00, 0x00, 0x00, 0x00, 0x00, 0x00, 
	0x00, 0x00, 0x00, 0x00, 0x00, 0x00, 0x00, 0x00, 
	0x00, 0x00, 0x00, 0x00, 0x00, 0x00, 0x00, 0x00, 
	0x00, 0x00, 0x00, 0x00, 0x00, 0x00, 0x00, 0x00, 
	0x00, 0x00, 0x00, 0x00, 0x00, 0x00, 0x00, 0x00, 
	0x00, 0x00, 0x00, 0x00, 0x00, 0x00, 0x00, 0x00, 
	0x00, 0x00, 0x00, 0x00, 0x00, 0x00, 0x00, 0x00, 
	0x00, 0x00, 0x00, 0x00, 0x00, 0x00, 0x00, 0x00, 
	0x00, 0x00, 0x00, 0x00, 0x00, 0x00, 0x00, 0x00, 
	0x00, 0x00, 0x00, 0x00, 0x00, 0x00, 0x00, 0x00, 
	0x00, 0x00, 0x00, 0x00, 0x00, 0x00, 0x00, 0x00, 
	0x00, 0x00, 0x00, 0x00, 0x00, 0x00, 0x00, 0x00, 
	0x00, 0x00, 0x00, 0x00, 0x00, 0x00, 0x00, 0x00, 
	0x00, 0x00, 0x00, 0x00, 0x00, 0x00, 0x00, 0x00, 
	0x00, 0x00, 0x00, 0x00, 0x00, 0x00, 0x00, 0x00, 
	0x00, 0x00, 0x00, 0x00, 0x00, 0x00, 0x00, 0x00, 
	0x00, 0x00, 0x00, 0x00, 0x00, 0x00, 0x00, 0x00, 
	0x00, 0x00, 0x00, 0x00, 0x00, 0x00, 0x00, 0x00, 
	0x00, 0x00, 0x00, 0x00, 0x00, 0x00, 0x00, 0x00, 
	0x00, 0x00, 0x00, 0x00, 0x00, 0x00, 0x00, 0x00, 
	0x00, 0x00, 0x00, 0x00, 0x00, 0x00, 0x00, 0x00, 
	0x00, 0x00, 0x00, 0x00, 0x00, 0x00, 0x00, 0x00, 
	0x00, 0x00, 0x00, 0x00, 0x00, 0x00, 0x00, 0x00, 
	0x00, 0x00, 0x00, 0x00, 0x00, 0x00, 0x00, 0x00, 
	0x00, 0x00, 0x00, 0x00, 0x00, 0x00, 0x00, 0x00, 
	0x00, 0x00, 0x00, 0x00, 0x00, 0x00, 0x00, 0x00, 
	0x00, 0x00, 0x00, 0x00, 0x00, 0x00, 0x00, 0x00, 
	0x00, 0x00, 0x00, 0x00, 0x00, 0x00, 0x00, 0x00, 
	0x00, 0x00, 0x00, 0x00, 0x00, 0x00, 0x00, 0x00, 
	0x00, 0x00, 0x00, 0x00, 0x00, 0x00, 0x00, 0x00, 
	0x00, 0x00, 0x00, 0x00, 0x00, 0x00, 0x00, 0x00, 
	0x00, 0x00, 0x00, 0x00, 0x00, 0x00, 0x00, 0x00, 
	0x00, 0x00, 0x00, 0x00, 0x00, 0x00, 0x00, 0x00, 
	0x00, 0x00, 0x00, 0x00, 0x00, 0x00, 0x00, 0x00, 
	0x00, 0x00, 0x00, 0x00, 0x00, 0x00, 0x00, 0x00, 
	0x00, 0x00, 0x00, 0x00, 0x00, 0x00, 0x00, 0x00, 
	0x00, 0x00, 0x00, 0x00, 0x00, 0x00, 0x00, 0x00, 
	0x00, 0x00, 0x00, 0x00, 0x00, 0x00, 0x00, 0x00, 
	0x00, 0x00, 0x00, 0x00, 0x00, 0x00, 0x00, 0x00, 
	0x00, 0x00, 0x00, 0x00, 0x00, 0x00, 0x00, 0x00, 
	0x00, 0x00, 0x00, 0x00, 0x00, 0x00, 0x00, 0x00, 
	0x00, 0x00, 0x00, 0x00, 0x00, 0x00, 0x00, 0x00, 
	0x00, 0x00, 0x00, 0x00, 0x00, 0x00, 0x00, 0x00, 
	0x00, 0x00, 0x00, 0x00, 0x00, 0x00, 0x00, 0x00, 
	0x00, 0x00, 0x00, 0x00, 0x00, 0x00, 0x00, 0x00, 
	0x00, 0x00, 0x00, 0x00, 0x00, 0x00, 0x00, 0x00, 
	0x00, 0x00, 0x00, 0x00, 0x00, 0x00, 0x00, 0x00, 
	0x00, 0x00, 0x00, 0x00, 0x00, 0x00, 0x00, 0x00, 
	
};

Texture squishy_eye_up_ia8[] = {
	0x00, 0x00, 0x00, 0x00, 0x00, 0x00, 0x00, 0x00, 
	0x00, 0x00, 0x00, 0x00, 0x00, 0x00, 0x00, 0x00, 
	0x00, 0x00, 0x00, 0x00, 0x00, 0x00, 0x00, 0x00, 
	0x00, 0x00, 0x00, 0x00, 0x00, 0x00, 0x00, 0x00, 
	0x00, 0x00, 0x00, 0x00, 0x00, 0x00, 0x00, 0x00, 
	0x00, 0x00, 0x00, 0x00, 0x00, 0x00, 0x00, 0x00, 
	0x00, 0x00, 0x00, 0x00, 0x00, 0x00, 0x00, 0x00, 
	0x00, 0x00, 0x00, 0x00, 0x00, 0x00, 0x00, 0x00, 
	0x00, 0x00, 0x00, 0x00, 0x00, 0x00, 0x00, 0x00, 
	0x00, 0x00, 0x00, 0x00, 0x00, 0x00, 0x00, 0x00, 
	0x00, 0x00, 0x00, 0x00, 0x00, 0x00, 0x00, 0x00, 
	0x00, 0x00, 0x00, 0x00, 0x00, 0x00, 0x00, 0x00, 
	0x00, 0x00, 0x00, 0x00, 0x00, 0x00, 0x00, 0x00, 
	0x00, 0x00, 0x00, 0x00, 0x00, 0x00, 0x00, 0x00, 
	0x00, 0x00, 0x00, 0x00, 0x00, 0x00, 0x00, 0x00, 
	0x00, 0x00, 0x00, 0x00, 0x00, 0x00, 0x00, 0x00, 
	0x00, 0x00, 0x00, 0x00, 0x00, 0x00, 0x00, 0x00, 
	0x00, 0x00, 0x00, 0x00, 0x00, 0x00, 0x00, 0x00, 
	0x00, 0x00, 0x00, 0x00, 0x00, 0x00, 0x00, 0x00, 
	0x00, 0x00, 0x00, 0x00, 0x00, 0x00, 0x00, 0x00, 
	0x00, 0x00, 0x00, 0x00, 0x00, 0x00, 0x00, 0x00, 
	0x00, 0x00, 0x00, 0x00, 0x00, 0x00, 0x00, 0x00, 
	0x00, 0x00, 0x00, 0x00, 0x00, 0x00, 0x00, 0x00, 
	0x00, 0x00, 0x00, 0x00, 0x00, 0x00, 0x00, 0x00, 
	0x00, 0x00, 0x00, 0x00, 0x00, 0x00, 0x00, 0x00, 
	0x00, 0x00, 0x00, 0x00, 0x00, 0x00, 0x00, 0x00, 
	0x00, 0x00, 0x00, 0x00, 0x00, 0x00, 0x00, 0x00, 
	0x00, 0x00, 0x00, 0x00, 0x00, 0x00, 0x00, 0x00, 
	0x00, 0x00, 0x00, 0x00, 0x00, 0x00, 0x00, 0x00, 
	0x00, 0x00, 0x00, 0x00, 0x00, 0x00, 0x00, 0x00, 
	0x00, 0x00, 0x00, 0x00, 0x00, 0x00, 0x00, 0x00, 
	0x00, 0x00, 0x00, 0x00, 0x00, 0x00, 0x00, 0x00, 
	0x00, 0x00, 0x00, 0x00, 0x00, 0x00, 0x00, 0x00, 
	0x00, 0x00, 0x00, 0x00, 0x00, 0x00, 0x00, 0x00, 
	0x00, 0x00, 0x00, 0x00, 0x00, 0x00, 0x00, 0x00, 
	0x00, 0x00, 0x00, 0x00, 0x00, 0x00, 0x00, 0x00, 
	0x00, 0x00, 0x00, 0x00, 0x00, 0x00, 0x00, 0x00, 
	0x00, 0x00, 0x00, 0x00, 0x00, 0x00, 0x00, 0x00, 
	0x00, 0x00, 0x00, 0x00, 0x00, 0x00, 0x00, 0x00, 
	0x00, 0x00, 0x00, 0x00, 0x00, 0x00, 0x00, 0x00, 
	0x00, 0x00, 0x00, 0x00, 0x00, 0x00, 0x00, 0x00, 
	0x00, 0x00, 0x00, 0x00, 0x00, 0x00, 0x00, 0x00, 
	0x00, 0x00, 0x00, 0x00, 0x00, 0x00, 0x00, 0x00, 
	0x00, 0x00, 0x00, 0x00, 0x00, 0x00, 0x00, 0x00, 
	0x00, 0x00, 0x00, 0x00, 0x00, 0x00, 0x00, 0x00, 
	0x00, 0x00, 0x00, 0x00, 0x00, 0x00, 0x00, 0x00, 
	0x00, 0x00, 0x00, 0x00, 0x00, 0x00, 0x00, 0x00, 
	0x00, 0x00, 0x00, 0x00, 0x00, 0x00, 0x00, 0x00, 
	0x00, 0x00, 0x00, 0x00, 0x00, 0x00, 0x00, 0x00, 
	0x00, 0x00, 0x00, 0x00, 0x00, 0xff, 0xff, 0x00, 
	0x00, 0x00, 0x00, 0x00, 0x00, 0x00, 0x00, 0x00, 
	0x00, 0x00, 0x00, 0x00, 0x00, 0x00, 0x00, 0x00, 
	0x00, 0x00, 0x00, 0x00, 0x00, 0x00, 0x00, 0x00, 
	0x00, 0x00, 0x00, 0x00, 0x00, 0x00, 0x00, 0x00, 
	0x00, 0x00, 0x00, 0x00, 0x00, 0x00, 0x00, 0x00, 
	0x00, 0x00, 0x00, 0x00, 0x00, 0x00, 0x00, 0x00, 
	0x00, 0x00, 0x00, 0x00, 0x00, 0x00, 0x00, 0x00, 
	0x00, 0x00, 0x00, 0x00, 0x00, 0xff, 0xff, 0xff, 
	0xff, 0x00, 0x00, 0x00, 0x00, 0x00, 0x00, 0x00, 
	0x00, 0x00, 0x00, 0x00, 0x00, 0x00, 0x00, 0x00, 
	0x00, 0x00, 0x00, 0x00, 0x00, 0x00, 0x00, 0x00, 
	0x00, 0x00, 0x00, 0x00, 0x00, 0x00, 0x00, 0x00, 
	0x00, 0x00, 0x00, 0x00, 0x00, 0x00, 0x00, 0x00, 
	0x00, 0x00, 0x00, 0x00, 0x00, 0x00, 0x00, 0x00, 
	0x00, 0x00, 0x00, 0x00, 0x00, 0x00, 0x00, 0x00, 
	0x00, 0x00, 0x00, 0x00, 0x00, 0x00, 0xff, 0xff, 
	0xff, 0xff, 0xff, 0x00, 0x00, 0x00, 0x00, 0x00, 
	0x00, 0x00, 0x00, 0x00, 0x00, 0x00, 0x00, 0x00, 
	0x00, 0x00, 0x00, 0x00, 0x00, 0x00, 0x00, 0x00, 
	0x00, 0x00, 0x00, 0x00, 0x00, 0x00, 0x00, 0x00, 
	0x00, 0x00, 0x00, 0x00, 0x00, 0x00, 0x00, 0x00, 
	0x00, 0x00, 0x00, 0x00, 0x00, 0x00, 0x00, 0x00, 
	0x00, 0x00, 0x00, 0x00, 0x00, 0x00, 0x00, 0x00, 
	0x00, 0x00, 0x00, 0x00, 0x00, 0x00, 0x00, 0xff, 
	0xff, 0xff, 0xff, 0xff, 0xff, 0x00, 0x00, 0x00, 
	0x00, 0x00, 0x00, 0x00, 0x00, 0x00, 0x00, 0x00, 
	0x00, 0x00, 0x00, 0x00, 0x00, 0x00, 0x00, 0x00, 
	0x00, 0x00, 0x00, 0x00, 0x00, 0x00, 0x00, 0x00, 
	0x00, 0x00, 0x00, 0x00, 0x00, 0x00, 0x00, 0x00, 
	0x00, 0x00, 0x00, 0x00, 0x00, 0x00, 0x00, 0x00, 
	0x00, 0x00, 0x00, 0x00, 0x00, 0x00, 0x00, 0x00, 
	0x00, 0x00, 0x00, 0x00, 0x00, 0x00, 0x00, 0x00, 
	0xff, 0xff, 0xff, 0xff, 0xff, 0xff, 0x00, 0x00, 
	0x00, 0x00, 0x00, 0x00, 0x00, 0x00, 0x00, 0x00, 
	0x00, 0xff, 0xff, 0xff, 0xff, 0xff, 0xff, 0xff, 
	0xff, 0xff, 0xff, 0xff, 0xff, 0xff, 0x00, 0x00, 
	0x00, 0x00, 0x00, 0x00, 0x00, 0x00, 0x00, 0x00, 
	0x00, 0x00, 0x00, 0x00, 0x00, 0x00, 0x00, 0x00, 
	0x00, 0x00, 0x00, 0x00, 0x00, 0x00, 0x00, 0x00, 
	0x00, 0x00, 0xff, 0x00, 0x00, 0x00, 0x00, 0x00, 
	0xff, 0xff, 0xff, 0xff, 0xff, 0xff, 0xff, 0xff, 
	0x00, 0x00, 0x00, 0x00, 0x00, 0x00, 0x00, 0xff, 
	0xff, 0xff, 0xff, 0xff, 0xff, 0xff, 0xff, 0xff, 
	0xff, 0xff, 0xff, 0xff, 0xff, 0xff, 0xff, 0xff, 
	0x00, 0x00, 0x00, 0x00, 0x00, 0x00, 0x00, 0x00, 
	0x00, 0x00, 0x00, 0x00, 0x00, 0x00, 0x00, 0x00, 
	0x00, 0x00, 0x00, 0x00, 0x00, 0x00, 0x00, 0x00, 
	0x00, 0x00, 0xff, 0xff, 0xff, 0xff, 0x00, 0x00, 
	0x00, 0xff, 0xff, 0xff, 0xff, 0xdf, 0xff, 0xff, 
	0xff, 0xff, 0x00, 0x00, 0xff, 0xff, 0xff, 0xff, 
	0xff, 0xff, 0xff, 0xff, 0xff, 0xff, 0xbf, 0xaf, 
	0xaf, 0xaf, 0xaf, 0xbf, 0xff, 0xff, 0xff, 0xff, 
	0xff, 0xff, 0x00, 0x00, 0x00, 0x00, 0x00, 0x00, 
	0x00, 0x00, 0x00, 0x00, 0x00, 0x00, 0x00, 0x00, 
	0x00, 0x00, 0x00, 0x00, 0x00, 0x00, 0x00, 0x00, 
	0x00, 0x00, 0xff, 0xff, 0xff, 0xff, 0xff, 0xff, 
	0x00, 0xff, 0xff, 0xff, 0xff, 0x2f, 0xcf, 0xff, 
	0xff, 0xff, 0xff, 0xff, 0xff, 0xff, 0xff, 0xff, 
	0xff, 0xff, 0xef, 0x5f, 0x0f, 0x0f, 0xcf, 0xff, 
	0xcf, 0x0f, 0x0f, 0x0f, 0x8f, 0xff, 0xff, 0xff, 
	0xff, 0xff, 0xff, 0x00, 0x00, 0x00, 0x00, 0x00, 
	0x00, 0x00, 0x00, 0x00, 0x00, 0x00, 0x00, 0x00, 
	0x00, 0x00, 0x00, 0x00, 0x00, 0x00, 0x00, 0x00, 
	0x00, 0x00, 0xff, 0xff, 0xff, 0xff, 0xff, 0xff, 
	0xff, 0xff, 0xff, 0xff, 0xff, 0xdf, 0x0f, 0x5f, 
	0xff, 0xff, 0xff, 0xff, 0xff, 0xff, 0xff, 0xff, 
	0xef, 0x4f, 0x0f, 0x0f, 0x0f, 0x0f, 0xdf, 0xff, 
	0x8f, 0x0f, 0x0f, 0x0f, 0x5f, 0xff, 0xff, 0xef, 
	0xff, 0xff, 0xff, 0xff, 0x00, 0x00, 0x00, 0x00, 
	0x00, 0x00, 0x00, 0x00, 0x00, 0x00, 0x00, 0x00, 
	0x00, 0x00, 0x00, 0x00, 0x00, 0x00, 0x00, 0x00, 
	0x00, 0x00, 0x00, 0xff, 0xff, 0x5f, 0xef, 0xff, 
	0xff, 0xff, 0xff, 0xff, 0xff, 0xff, 0x4f, 0x0f, 
	0x0f, 0xbf, 0xff, 0xff, 0xff, 0xff, 0xff, 0x3f, 
	0x0f, 0x0f, 0x0f, 0x0f, 0x0f, 0x0f, 0xdf, 0xff, 
	0x5f, 0x0f, 0x0f, 0x0f, 0x4f, 0xff, 0xff, 0x0f, 
	0xef, 0xff, 0xff, 0xff, 0xff, 0x00, 0x00, 0x00, 
	0x00, 0x00, 0x00, 0x00, 0x00, 0x00, 0x00, 0x00, 
	0x00, 0x00, 0x00, 0x00, 0x00, 0x00, 0x00, 0x00, 
	0x00, 0x00, 0x00, 0xff, 0xff, 0x8f, 0x0f, 0x7f, 
	0xef, 0xff, 0xff, 0xff, 0xff, 0xff, 0xef, 0x0f, 
	0x0f, 0x0f, 0x0f, 0xcf, 0xff, 0xdf, 0x0f, 0x0f, 
	0x0f, 0x0f, 0x0f, 0x0f, 0x0f, 0x0f, 0xef, 0xff, 
	0x3f, 0x0f, 0x0f, 0x0f, 0x4f, 0xff, 0xff, 0x0f, 
	0x0f, 0xef, 0xff, 0xff, 0xff, 0xfc, 0x00, 0x00, 
	0x00, 0x00, 0x00, 0x00, 0x00, 0x00, 0x00, 0x00, 
	0x00, 0x00, 0x00, 0x00, 0x00, 0x00, 0x00, 0x00, 
	0x00, 0x00, 0x00, 0xff, 0xff, 0xcf, 0x0f, 0x0f, 
	0x0f, 0x6f, 0xef, 0xff, 0xff, 0xff, 0xff, 0x0f, 
	0x0f, 0x0f, 0x0f, 0x0f, 0x2f, 0x0f, 0x0f, 0x0f, 
	0x0f, 0x0f, 0x0f, 0x0f, 0x0f, 0x0f, 0xcf, 0xff, 
	0xbf, 0x0f, 0x0f, 0x0f, 0xdf, 0xff, 0xdf, 0x0f, 
	0x0f, 0x0f, 0xff, 0xff, 0xff, 0xff, 0x00, 0x00, 
	0x00, 0x00, 0x00, 0x00, 0x00, 0x00, 0x00, 0x00, 
	0x00, 0x00, 0x00, 0x00, 0x00, 0x00, 0x00, 0x00, 
	0x00, 0x00, 0x00, 0xff, 0xff, 0xff, 0x0f, 0x0f, 
	0x0f, 0x0f, 0x0f, 0x0f, 0x5f, 0xdf, 0xef, 0x8f, 
	0x0f, 0x0f, 0x0f, 0x0f, 0x0f, 0x0f, 0x0f, 0x0f, 
	0x0f, 0x0f, 0x0f, 0x0f, 0x0f, 0x0f, 0x7f, 0xff, 
	0xff, 0x5f, 0x4f, 0xbf, 0xff, 0xff, 0x3f, 0x0f, 
	0x0f, 0x0f, 0x7f, 0xff, 0xff, 0xff, 0x00, 0x00, 
	0x00, 0x00, 0x00, 0x00, 0x00, 0x00, 0x00, 0x00, 
	0x00, 0x00, 0x00, 0x00, 0x00, 0x00, 0x00, 0x00, 
	0x00, 0x00, 0x00, 0x00, 0xff, 0xff, 0x0f, 0x0f, 
	0x0f, 0x0f, 0x0f, 0x0f, 0x0f, 0x0f, 0x0f, 0x0f, 
	0x0f, 0x0f, 0x0f, 0x0f, 0x0f, 0x0f, 0x0f, 0x0f, 
	0x0f, 0x0f, 0x0f, 0x0f, 0x0f, 0x0f, 0x1f, 0xef, 
	0xff, 0xff, 0xff, 0xff, 0xff, 0xaf, 0x0f, 0x0f, 
	0x0f, 0x0f, 0x0f, 0xff, 0xff, 0xff, 0x00, 0x00, 
	0x00, 0x00, 0x00, 0x00, 0x00, 0x00, 0x00, 0x00, 
	0x00, 0x00, 0x00, 0x00, 0x00, 0x00, 0x00, 0x00, 
	0x00, 0x00, 0x00, 0x00, 0xff, 0xff, 0x4f, 0x0f, 
	0x0f, 0x0f, 0x0f, 0x0f, 0x0f, 0x0f, 0x0f, 0x0f, 
	0x0f, 0x0f, 0x0f, 0x0f, 0x0f, 0x0f, 0x0f, 0x0f, 
	0x0f, 0x0f, 0x0f, 0x0f, 0x0f, 0x0f, 0x0f, 0x2f, 
	0xff, 0xff, 0xff, 0xff, 0x7f, 0x0f, 0x0f, 0x0f, 
	0x0f, 0x0f, 0x0f, 0xdf, 0xff, 0xff, 0x00, 0x00, 
	0x00, 0x00, 0x00, 0x00, 0x00, 0x00, 0x00, 0x00, 
	0x00, 0x00, 0x00, 0x00, 0x00, 0x00, 0x00, 0x00, 
	0x00, 0x00, 0x00, 0x00, 0xff, 0xff, 0xaf, 0x0f, 
	0x0f, 0x0f, 0x0f, 0x0f, 0x0f, 0x0f, 0x0f, 0x0f, 
	0x0f, 0x0f, 0x0f, 0x0f, 0x0f, 0x0f, 0x0f, 0x0f, 
	0x0f, 0x0f, 0x0f, 0x0f, 0x0f, 0x0f, 0x0f, 0x0f, 
	0x0f, 0x0f, 0x0f, 0x0f, 0x0f, 0x0f, 0x0f, 0x0f, 
	0x0f, 0x0f, 0x0f, 0xdf, 0xff, 0xff, 0x00, 0x00, 
	0x00, 0x00, 0x00, 0x00, 0x00, 0x00, 0x00, 0x00, 
	0x00, 0x00, 0x00, 0x00, 0x00, 0x00, 0x00, 0x00, 
	0x00, 0x00, 0x00, 0x00, 0xff, 0xff, 0xcf, 0x0f, 
	0x0f, 0x0f, 0x0f, 0x0f, 0x1f, 0x7f, 0xdf, 0xff, 
	0x0f, 0x0f, 0x0f, 0x0f, 0x0f, 0x0f, 0x0f, 0x0f, 
	0x0f, 0x0f, 0x0f, 0x0f, 0x0f, 0x0f, 0x0f, 0x0f, 
	0x0f, 0x0f, 0x0f, 0x0f, 0x0f, 0x0f, 0x0f, 0x0f, 
	0x0f, 0x0f, 0x0f, 0xdf, 0xff, 0xff, 0x00, 0x00, 
	0x00, 0x00, 0x00, 0x00, 0x00, 0x00, 0x00, 0x00, 
	0x00, 0x00, 0x00, 0x00, 0x00, 0x00, 0x00, 0x00, 
	0x00, 0x00, 0x00, 0x00, 0xff, 0xff, 0xff, 0x1f, 
	0x7f, 0xef, 0xff, 0xff, 0xff, 0xff, 0xff, 0x9f, 
	0x0f, 0x0f, 0x0f, 0x0f, 0x0f, 0x0f, 0x0f, 0x0f, 
	0x0f, 0x0f, 0x0f, 0x0f, 0x0f, 0x0f, 0x0f, 0x0f, 
	0x0f, 0x0f, 0x0f, 0x0f, 0x0f, 0x0f, 0x0f, 0x0f, 
	0x0f, 0x0f, 0x0f, 0xff, 0xff, 0xff, 0x00, 0x00, 
	0x00, 0x00, 0x00, 0x00, 0x00, 0x00, 0x00, 0x00, 
	0x00, 0x00, 0x00, 0x00, 0x00, 0x00, 0x00, 0x00, 
	0x00, 0x00, 0x00, 0x00, 0x00, 0xff, 0xff, 0xff, 
	0xff, 0xff, 0xff, 0xff, 0xff, 0xff, 0xff, 0x0f, 
	0x0f, 0x0f, 0x0f, 0x6f, 0x5f, 0x0f, 0x0f, 0x0f, 
	0x0f, 0x0f, 0x0f, 0x0f, 0x0f, 0x0f, 0x0f, 0x0f, 
	0x0f, 0x0f, 0x0f, 0x0f, 0x0f, 0x0f, 0x0f, 0x0f, 
	0x0f, 0x0f, 0x7f, 0xff, 0xff, 0xff, 0x00, 0x00, 
	0x00, 0x00, 0x00, 0x00, 0x00, 0x00, 0x00, 0x00, 
	0x00, 0x00, 0x00, 0x00, 0x00, 0x00, 0x00, 0x00, 
	0x00, 0x00, 0x00, 0x00, 0x00, 0xff, 0xff, 0xff, 
	0xff, 0xff, 0xff, 0xff, 0xff, 0xff, 0x7f, 0x0f, 
	0x0f, 0x0f, 0x0f, 0xff, 0xff, 0x3f, 0x0f, 0x0f, 
	0x0f, 0x0f, 0x0f, 0x0f, 0x0f, 0x0f, 0x0f, 0x0f, 
	0x0f, 0x0f, 0x0f, 0x0f, 0x0f, 0x0f, 0x0f, 0x0f, 
	0x0f, 0x5f, 0xff, 0xff, 0xff, 0xff, 0x00, 0x00, 
	0x00, 0x00, 0x00, 0x00, 0x00, 0x00, 0x00, 0x00, 
	0x00, 0x00, 0x00, 0x00, 0x00, 0x00, 0x00, 0x00, 
	0x00, 0x00, 0x00, 0x00, 0x00, 0xff, 0xff, 0x00, 
	0x00, 0x00, 0xff, 0xff, 0xff, 0xff, 0x0f, 0x0f, 
	0x0f, 0x0f, 0xdf, 0xff, 0xff, 0xff, 0x9f, 0x0f, 
	0x0f, 0x0f, 0x0f, 0x0f, 0x0f, 0x0f, 0x0f, 0x0f, 
	0x0f, 0x0f, 0x0f, 0x0f, 0x0f, 0x0f, 0x0f, 0x0f, 
	0x5f, 0xff, 0xff, 0xff, 0xff, 0x00, 0x00, 0x00, 
	0x00, 0x00, 0x00, 0x00, 0x00, 0x00, 0x00, 0x00, 
	0x00, 0x00, 0x00, 0x00, 0x00, 0x00, 0x00, 0x00, 
	0x00, 0x00, 0x00, 0x00, 0x00, 0x00, 0x00, 0x00, 
	0x00, 0x00, 0xff, 0xff, 0xff, 0x3f, 0x0f, 0x0f, 
	0x0f, 0x2f, 0xff, 0xff, 0xff, 0xff, 0xff, 0xff, 
	0x1f, 0x0f, 0x0f, 0x0f, 0x0f, 0x0f, 0x0f, 0x0f, 
	0x0f, 0x0f, 0x0f, 0x0f, 0x0f, 0x0f, 0x0f, 0x5f, 
	0xff, 0xff, 0xff, 0xff, 0x00, 0x00, 0x00, 0x00, 
	0x00, 0x00, 0x00, 0x00, 0x00, 0x00, 0x00, 0x00, 
	0x00, 0x00, 0x00, 0x00, 0x00, 0x00, 0x00, 0x00, 
	0x00, 0x00, 0x00, 0x00, 0x00, 0x00, 0x00, 0x00, 
	0x00, 0xff, 0xff, 0xff, 0xaf, 0x0f, 0x0f, 0x0f, 
	0x0f, 0xcf, 0xff, 0xff, 0xff, 0xff, 0xff, 0xff, 
	0xff, 0xcf, 0x1f, 0x0f, 0x0f, 0x0f, 0x0f, 0x0f, 
	0x0f, 0x0f, 0x0f, 0x0f, 0x0f, 0x0f, 0x8f, 0xff, 
	0xff, 0xff, 0xff, 0x00, 0x00, 0x00, 0x00, 0x00, 
	0x00, 0x00, 0x00, 0x00, 0x00, 0x00, 0x00, 0x00, 
	0x00, 0x00, 0x00, 0x00, 0x00, 0x00, 0x00, 0x00, 
	0x00, 0x00, 0x00, 0x00, 0x00, 0x00, 0x00, 0x00, 
	0xff, 0xff, 0xff, 0xbf, 0x0f, 0x0f, 0x0f, 0x0f, 
	0x0f, 0xcf, 0xff, 0xff, 0x00, 0xff, 0xff, 0xff, 
	0xff, 0xff, 0xff, 0xcf, 0xcf, 0x2f, 0x0f, 0x0f, 
	0x0f, 0x0f, 0x0f, 0x1f, 0xbf, 0xff, 0xff, 0xff, 
	0xff, 0xff, 0x00, 0x00, 0x00, 0x00, 0x00, 0x00, 
	0x00, 0x00, 0x00, 0x00, 0x00, 0x00, 0x00, 0x00, 
	0x00, 0x00, 0x00, 0x00, 0x00, 0x00, 0x00, 0x00, 
	0x00, 0x00, 0x00, 0x00, 0x00, 0x00, 0x00, 0x00, 
	0xff, 0xff, 0xff, 0xff, 0x3f, 0x0f, 0x0f, 0x0f, 
	0x0f, 0xff, 0xff, 0xff, 0x00, 0x00, 0x00, 0xff, 
	0xff, 0xff, 0xff, 0xff, 0xff, 0xff, 0xff, 0xef, 
	0xff, 0xff, 0xff, 0xff, 0xff, 0xff, 0xff, 0xff, 
	0xff, 0x00, 0x00, 0x00, 0x00, 0x00, 0x00, 0x00, 
	0x00, 0x00, 0x00, 0x00, 0x00, 0x00, 0x00, 0x00, 
	0x00, 0x00, 0x00, 0x00, 0x00, 0x00, 0x00, 0x00, 
	0x00, 0x00, 0x00, 0x00, 0x00, 0x00, 0x00, 0x00, 
	0xff, 0xff, 0xff, 0xff, 0xff, 0xdf, 0x4f, 0x0f, 
	0x0f, 0xff, 0xff, 0xff, 0x00, 0x00, 0x00, 0x00, 
	0x00, 0xff, 0xff, 0xff, 0xff, 0xff, 0xff, 0xff, 
	0xff, 0xff, 0xff, 0xff, 0xff, 0xff, 0xff, 0xff, 
	0x00, 0x00, 0x00, 0x00, 0x00, 0x00, 0x00, 0x00, 
	0x00, 0x00, 0x00, 0x00, 0x00, 0x00, 0x00, 0x00, 
	0x00, 0x00, 0x00, 0x00, 0x00, 0x00, 0x00, 0x00, 
	0x00, 0x00, 0x00, 0x00, 0x00, 0x00, 0x00, 0x00, 
	0x00, 0x00, 0xff, 0xff, 0xff, 0xff, 0xff, 0xdf, 
	0x3f, 0xff, 0xff, 0x00, 0x00, 0x00, 0x00, 0x00, 
	0x00, 0x00, 0x00, 0x00, 0xff, 0xff, 0xff, 0xff, 
	0xff, 0xff, 0xff, 0xff, 0xff, 0xff, 0x00, 0x00, 
	0x00, 0x00, 0x00, 0x00, 0x00, 0x00, 0x00, 0x00, 
	0x00, 0x00, 0x00, 0x00, 0x00, 0x00, 0x00, 0x00, 
	0x00, 0x00, 0x00, 0x00, 0x00, 0x00, 0x00, 0x00, 
	0x00, 0x00, 0x00, 0x00, 0x00, 0x00, 0x00, 0x00, 
	0x00, 0x00, 0x00, 0x00, 0xff, 0xff, 0xff, 0xff, 
	0xff, 0xff, 0xff, 0x00, 0x00, 0x00, 0x00, 0x00, 
	0x00, 0x00, 0x00, 0x00, 0x00, 0x00, 0x00, 0x00, 
	0x00, 0x00, 0x00, 0x00, 0x00, 0x00, 0x00, 0x00, 
	0x00, 0x00, 0x00, 0x00, 0x00, 0x00, 0x00, 0x00, 
	0x00, 0x00, 0x00, 0x00, 0x00, 0x00, 0x00, 0x00, 
	0x00, 0x00, 0x00, 0x00, 0x00, 0x00, 0x00, 0x00, 
	0x00, 0x00, 0x00, 0x00, 0x00, 0x00, 0x00, 0x00, 
	0x00, 0x00, 0x00, 0x00, 0x00, 0x00, 0xff, 0xff, 
	0xff, 0xff, 0xff, 0x00, 0x00, 0x00, 0x00, 0x00, 
	0x00, 0x00, 0x00, 0x00, 0x00, 0x00, 0x00, 0x00, 
	0x00, 0x00, 0x00, 0x00, 0x00, 0x00, 0x00, 0x00, 
	0x00, 0x00, 0x00, 0x00, 0x00, 0x00, 0x00, 0x00, 
	0x00, 0x00, 0x00, 0x00, 0x00, 0x00, 0x00, 0x00, 
	0x00, 0x00, 0x00, 0x00, 0x00, 0x00, 0x00, 0x00, 
	0x00, 0x00, 0x00, 0x00, 0x00, 0x00, 0x00, 0x00, 
	0x00, 0x00, 0x00, 0x00, 0x00, 0x00, 0x00, 0x00, 
	0xff, 0xff, 0x00, 0x00, 0x00, 0x00, 0x00, 0x00, 
	0x00, 0x00, 0x00, 0x00, 0x00, 0x00, 0x00, 0x00, 
	0x00, 0x00, 0x00, 0x00, 0x00, 0x00, 0x00, 0x00, 
	0x00, 0x00, 0x00, 0x00, 0x00, 0x00, 0x00, 0x00, 
	0x00, 0x00, 0x00, 0x00, 0x00, 0x00, 0x00, 0x00, 
	0x00, 0x00, 0x00, 0x00, 0x00, 0x00, 0x00, 0x00, 
	0x00, 0x00, 0x00, 0x00, 0x00, 0x00, 0x00, 0x00, 
	0x00, 0x00, 0x00, 0x00, 0x00, 0x00, 0x00, 0x00, 
	0x00, 0x00, 0x00, 0x00, 0x00, 0x00, 0x00, 0x00, 
	0x00, 0x00, 0x00, 0x00, 0x00, 0x00, 0x00, 0x00, 
	0x00, 0x00, 0x00, 0x00, 0x00, 0x00, 0x00, 0x00, 
	0x00, 0x00, 0x00, 0x00, 0x00, 0x00, 0x00, 0x00, 
	0x00, 0x00, 0x00, 0x00, 0x00, 0x00, 0x00, 0x00, 
	0x00, 0x00, 0x00, 0x00, 0x00, 0x00, 0x00, 0x00, 
	0x00, 0x00, 0x00, 0x00, 0x00, 0x00, 0x00, 0x00, 
	0x00, 0x00, 0x00, 0x00, 0x00, 0x00, 0x00, 0x00, 
	0x00, 0x00, 0x00, 0x00, 0x00, 0x00, 0x00, 0x00, 
	0x00, 0x00, 0x00, 0x00, 0x00, 0x00, 0x00, 0x00, 
	0x00, 0x00, 0x00, 0x00, 0x00, 0x00, 0x00, 0x00, 
	0x00, 0x00, 0x00, 0x00, 0x00, 0x00, 0x00, 0x00, 
	0x00, 0x00, 0x00, 0x00, 0x00, 0x00, 0x00, 0x00, 
	0x00, 0x00, 0x00, 0x00, 0x00, 0x00, 0x00, 0x00, 
	0x00, 0x00, 0x00, 0x00, 0x00, 0x00, 0x00, 0x00, 
	0x00, 0x00, 0x00, 0x00, 0x00, 0x00, 0x00, 0x00, 
	0x00, 0x00, 0x00, 0x00, 0x00, 0x00, 0x00, 0x00, 
	0x00, 0x00, 0x00, 0x00, 0x00, 0x00, 0x00, 0x00, 
	0x00, 0x00, 0x00, 0x00, 0x00, 0x00, 0x00, 0x00, 
	0x00, 0x00, 0x00, 0x00, 0x00, 0x00, 0x00, 0x00, 
	0x00, 0x00, 0x00, 0x00, 0x00, 0x00, 0x00, 0x00, 
	0x00, 0x00, 0x00, 0x00, 0x00, 0x00, 0x00, 0x00, 
	0x00, 0x00, 0x00, 0x00, 0x00, 0x00, 0x00, 0x00, 
	0x00, 0x00, 0x00, 0x00, 0x00, 0x00, 0x00, 0x00, 
	0x00, 0x00, 0x00, 0x00, 0x00, 0x00, 0x00, 0x00, 
	0x00, 0x00, 0x00, 0x00, 0x00, 0x00, 0x00, 0x00, 
	0x00, 0x00, 0x00, 0x00, 0x00, 0x00, 0x00, 0x00, 
	0x00, 0x00, 0x00, 0x00, 0x00, 0x00, 0x00, 0x00, 
	0x00, 0x00, 0x00, 0x00, 0x00, 0x00, 0x00, 0x00, 
	0x00, 0x00, 0x00, 0x00, 0x00, 0x00, 0x00, 0x00, 
	0x00, 0x00, 0x00, 0x00, 0x00, 0x00, 0x00, 0x00, 
	0x00, 0x00, 0x00, 0x00, 0x00, 0x00, 0x00, 0x00, 
	0x00, 0x00, 0x00, 0x00, 0x00, 0x00, 0x00, 0x00, 
	0x00, 0x00, 0x00, 0x00, 0x00, 0x00, 0x00, 0x00, 
	0x00, 0x00, 0x00, 0x00, 0x00, 0x00, 0x00, 0x00, 
	0x00, 0x00, 0x00, 0x00, 0x00, 0x00, 0x00, 0x00, 
	0x00, 0x00, 0x00, 0x00, 0x00, 0x00, 0x00, 0x00, 
	0x00, 0x00, 0x00, 0x00, 0x00, 0x00, 0x00, 0x00, 
	0x00, 0x00, 0x00, 0x00, 0x00, 0x00, 0x00, 0x00, 
	0x00, 0x00, 0x00, 0x00, 0x00, 0x00, 0x00, 0x00, 
	0x00, 0x00, 0x00, 0x00, 0x00, 0x00, 0x00, 0x00, 
	0x00, 0x00, 0x00, 0x00, 0x00, 0x00, 0x00, 0x00, 
	0x00, 0x00, 0x00, 0x00, 0x00, 0x00, 0x00, 0x00, 
	0x00, 0x00, 0x00, 0x00, 0x00, 0x00, 0x00, 0x00, 
	0x00, 0x00, 0x00, 0x00, 0x00, 0x00, 0x00, 0x00, 
	0x00, 0x00, 0x00, 0x00, 0x00, 0x00, 0x00, 0x00, 
	0x00, 0x00, 0x00, 0x00, 0x00, 0x00, 0x00, 0x00, 
	0x00, 0x00, 0x00, 0x00, 0x00, 0x00, 0x00, 0x00, 
	0x00, 0x00, 0x00, 0x00, 0x00, 0x00, 0x00, 0x00, 
	0x00, 0x00, 0x00, 0x00, 0x00, 0x00, 0x00, 0x00, 
	0x00, 0x00, 0x00, 0x00, 0x00, 0x00, 0x00, 0x00, 
	0x00, 0x00, 0x00, 0x00, 0x00, 0x00, 0x00, 0x00, 
	0x00, 0x00, 0x00, 0x00, 0x00, 0x00, 0x00, 0x00, 
	0x00, 0x00, 0x00, 0x00, 0x00, 0x00, 0x00, 0x00, 
	0x00, 0x00, 0x00, 0x00, 0x00, 0x00, 0x00, 0x00, 
	0x00, 0x00, 0x00, 0x00, 0x00, 0x00, 0x00, 0x00, 
	0x00, 0x00, 0x00, 0x00, 0x00, 0x00, 0x00, 0x00, 
	0x00, 0x00, 0x00, 0x00, 0x00, 0x00, 0x00, 0x00, 
	0x00, 0x00, 0x00, 0x00, 0x00, 0x00, 0x00, 0x00, 
	0x00, 0x00, 0x00, 0x00, 0x00, 0x00, 0x00, 0x00, 
	0x00, 0x00, 0x00, 0x00, 0x00, 0x00, 0x00, 0x00, 
	0x00, 0x00, 0x00, 0x00, 0x00, 0x00, 0x00, 0x00, 
	0x00, 0x00, 0x00, 0x00, 0x00, 0x00, 0x00, 0x00, 
	0x00, 0x00, 0x00, 0x00, 0x00, 0x00, 0x00, 0x00, 
	0x00, 0x00, 0x00, 0x00, 0x00, 0x00, 0x00, 0x00, 
	0x00, 0x00, 0x00, 0x00, 0x00, 0x00, 0x00, 0x00, 
	0x00, 0x00, 0x00, 0x00, 0x00, 0x00, 0x00, 0x00, 
	0x00, 0x00, 0x00, 0x00, 0x00, 0x00, 0x00, 0x00, 
	0x00, 0x00, 0x00, 0x00, 0x00, 0x00, 0x00, 0x00, 
	0x00, 0x00, 0x00, 0x00, 0x00, 0x00, 0x00, 0x00, 
	0x00, 0x00, 0x00, 0x00, 0x00, 0x00, 0x00, 0x00, 
	0x00, 0x00, 0x00, 0x00, 0x00, 0x00, 0x00, 0x00, 
	0x00, 0x00, 0x00, 0x00, 0x00, 0x00, 0x00, 0x00, 
	0x00, 0x00, 0x00, 0x00, 0x00, 0x00, 0x00, 0x00, 
	0x00, 0x00, 0x00, 0x00, 0x00, 0x00, 0x00, 0x00, 
	0x00, 0x00, 0x00, 0x00, 0x00, 0x00, 0x00, 0x00, 
	0x00, 0x00, 0x00, 0x00, 0x00, 0x00, 0x00, 0x00, 
	0x00, 0x00, 0x00, 0x00, 0x00, 0x00, 0x00, 0x00, 
	0x00, 0x00, 0x00, 0x00, 0x00, 0x00, 0x00, 0x00, 
	0x00, 0x00, 0x00, 0x00, 0x00, 0x00, 0x00, 0x00, 
	0x00, 0x00, 0x00, 0x00, 0x00, 0x00, 0x00, 0x00, 
	0x00, 0x00, 0x00, 0x00, 0x00, 0x00, 0x00, 0x00, 
	0x00, 0x00, 0x00, 0x00, 0x00, 0x00, 0x00, 0x00, 
	0x00, 0x00, 0x00, 0x00, 0x00, 0x00, 0x00, 0x00, 
	0x00, 0x00, 0x00, 0x00, 0x00, 0x00, 0x00, 0x00, 
	0x00, 0x00, 0x00, 0x00, 0x00, 0x00, 0x00, 0x00, 
	0x00, 0x00, 0x00, 0x00, 0x00, 0x00, 0x00, 0x00, 
	0x00, 0x00, 0x00, 0x00, 0x00, 0x0f, 0x0f, 0x00, 
	0x00, 0x00, 0x00, 0x00, 0x00, 0x00, 0x00, 0x0f, 
	0x0f, 0x00, 0x00, 0x00, 0x00, 0x00, 0x00, 0x00, 
	0x00, 0x0f, 0x0f, 0x00, 0x00, 0x00, 0x00, 0x00, 
	0x00, 0x00, 0x00, 0x00, 0x00, 0x00, 0x00, 0x00, 
	0x00, 0x00, 0x00, 0x00, 0x00, 0x00, 0x00, 0x00, 
	0x00, 0x00, 0x00, 0x00, 0x00, 0x00, 0x00, 0x00, 
	0x00, 0x00, 0x00, 0x00, 0x00, 0x00, 0x00, 0x00, 
	0x00, 0x00, 0x00, 0x00, 0x0f, 0x0f, 0x0f, 0x0f, 
	0x00, 0x00, 0x00, 0x00, 0x00, 0x00, 0x0f, 0x0f, 
	0x0f, 0x0f, 0x00, 0x00, 0x00, 0x00, 0x00, 0x00, 
	0x0f, 0x0f, 0x0f, 0x0f, 0x00, 0x00, 0x00, 0x00, 
	0x00, 0x00, 0x00, 0x00, 0x00, 0x00, 0x00, 0x00, 
	0x00, 0x00, 0x00, 0x00, 0x00, 0x00, 0x00, 0x00, 
	0x00, 0x00, 0x00, 0x00, 0x00, 0x00, 0x00, 0x00, 
	0x00, 0x00, 0x00, 0x00, 0x00, 0x00, 0x00, 0x00, 
	0x00, 0x00, 0x00, 0x00, 0x0f, 0x0f, 0x0f, 0x0f, 
	0x00, 0x00, 0x00, 0x00, 0x00, 0x00, 0x0f, 0x0f, 
	0x0f, 0x0f, 0x00, 0x00, 0x00, 0x00, 0x00, 0x00, 
	0x0f, 0x0f, 0x0f, 0x0f, 0x00, 0x00, 0x00, 0x00, 
	0x00, 0x00, 0x00, 0x00, 0x00, 0x00, 0x00, 0x00, 
	0x00, 0x00, 0x00, 0x00, 0x00, 0x00, 0x00, 0x00, 
	0x00, 0x00, 0x00, 0x00, 0x00, 0x00, 0x00, 0x00, 
	0x00, 0x00, 0x00, 0x00, 0x00, 0x00, 0x00, 0x00, 
	0x00, 0x00, 0x00, 0x00, 0x0f, 0x0f, 0x0f, 0x0f, 
	0x00, 0x00, 0x00, 0x00, 0x00, 0x00, 0x0f, 0x0f, 
	0x0f, 0x0f, 0x00, 0x00, 0x00, 0x00, 0x00, 0x00, 
	0x0f, 0x0f, 0x0f, 0x0f, 0x00, 0x00, 0x00, 0x00, 
	0x00, 0x00, 0x00, 0x00, 0x00, 0x00, 0x00, 0x00, 
	0x00, 0x00, 0x00, 0x00, 0x00, 0x00, 0x00, 0x00, 
	0x00, 0x00, 0x00, 0x00, 0x00, 0x00, 0x00, 0x00, 
	0x00, 0x00, 0x00, 0x00, 0x00, 0x00, 0x00, 0x00, 
	0x00, 0x00, 0x00, 0x00, 0x0f, 0x0f, 0x0f, 0x0f, 
	0x00, 0x00, 0x00, 0x00, 0x00, 0x00, 0x0f, 0x0f, 
	0x0f, 0x0f, 0x00, 0x00, 0x00, 0x00, 0x00, 0x00, 
	0x0f, 0x0f, 0x0f, 0x0f, 0x00, 0x00, 0x00, 0x00, 
	0x00, 0x00, 0x00, 0x00, 0x00, 0x00, 0x00, 0x00, 
	0x00, 0x00, 0x00, 0x00, 0x00, 0x00, 0x00, 0x00, 
	0x00, 0x00, 0x00, 0x00, 0x00, 0x00, 0x00, 0x00, 
	0x00, 0x00, 0x00, 0x00, 0x00, 0x00, 0x00, 0x00, 
	0x00, 0x00, 0x00, 0x00, 0x0f, 0x0f, 0x0f, 0x0f, 
	0x00, 0x00, 0x00, 0x00, 0x00, 0x00, 0x0f, 0x0f, 
	0x0f, 0x0f, 0x00, 0x00, 0x00, 0x00, 0x00, 0x00, 
	0x0f, 0x0f, 0x0f, 0x0f, 0x00, 0x00, 0x00, 0x00, 
	0x00, 0x00, 0x00, 0x00, 0x00, 0x00, 0x00, 0x00, 
	0x00, 0x00, 0x00, 0x00, 0x00, 0x00, 0x00, 0x00, 
	0x00, 0x00, 0x00, 0x00, 0x00, 0x00, 0x00, 0x00, 
	0x00, 0x00, 0x00, 0x00, 0x00, 0x00, 0x00, 0x00, 
	0x00, 0x00, 0x00, 0x00, 0x0f, 0x0f, 0x0f, 0x0f, 
	0x00, 0x00, 0x00, 0x00, 0x00, 0x00, 0x0f, 0x0f, 
	0x0f, 0x0f, 0x00, 0x00, 0x00, 0x00, 0x00, 0x00, 
	0x0f, 0x0f, 0x0f, 0x0f, 0x00, 0x00, 0x00, 0x00, 
	0x00, 0x00, 0x00, 0x00, 0x00, 0x00, 0x00, 0x00, 
	0x00, 0x00, 0x00, 0x00, 0x00, 0x00, 0x00, 0x00, 
	0x00, 0x00, 0x00, 0x00, 0x00, 0x00, 0x00, 0x00, 
	0x00, 0x00, 0x00, 0x00, 0x00, 0x00, 0x00, 0x00, 
	0x00, 0x00, 0x00, 0x00, 0x0f, 0x0f, 0x0f, 0x0f, 
	0x00, 0x00, 0x00, 0x00, 0x00, 0x00, 0x0f, 0x0f, 
	0x0f, 0x0f, 0x00, 0x00, 0x00, 0x00, 0x00, 0x00, 
	0x0f, 0x0f, 0x0f, 0x0f, 0x00, 0x00, 0x00, 0x00, 
	0x00, 0x00, 0x00, 0x00, 0x00, 0x00, 0x00, 0x00, 
	0x00, 0x00, 0x00, 0x00, 0x00, 0x00, 0x00, 0x00, 
	0x00, 0x00, 0x00, 0x00, 0x00, 0x00, 0x00, 0x00, 
	0x00, 0x00, 0x00, 0x00, 0x00, 0x00, 0x00, 0x00, 
	0x00, 0x00, 0x00, 0x00, 0x0f, 0x0f, 0x0f, 0x0f, 
	0x00, 0x00, 0x00, 0x00, 0x00, 0x00, 0x0f, 0x0f, 
	0x0f, 0x0f, 0x00, 0x00, 0x00, 0x00, 0x00, 0x00, 
	0x0f, 0x0f, 0x0f, 0x0f, 0x00, 0x00, 0x00, 0x00, 
	0x00, 0x00, 0x00, 0x00, 0x00, 0x00, 0x00, 0x00, 
	0x00, 0x00, 0x00, 0x00, 0x00, 0x00, 0x00, 0x00, 
	0x00, 0x00, 0x00, 0x00, 0x00, 0x00, 0x00, 0x00, 
	0x00, 0x00, 0x00, 0x00, 0x00, 0x00, 0x00, 0x00, 
	0x00, 0x00, 0x00, 0x00, 0x0f, 0x0f, 0x0f, 0x0f, 
	0x00, 0x00, 0x00, 0x00, 0x00, 0x00, 0x0f, 0x0f, 
	0x0f, 0x0f, 0x00, 0x00, 0x00, 0x00, 0x00, 0x00, 
	0x0f, 0x0f, 0x0f, 0x0f, 0x00, 0x00, 0x00, 0x00, 
	0x00, 0x00, 0x00, 0x00, 0x00, 0x00, 0x00, 0x00, 
	0x00, 0x00, 0x00, 0x00, 0x00, 0x00, 0x00, 0x00, 
	0x00, 0x00, 0x00, 0x00, 0x00, 0x00, 0x00, 0x00, 
	0x00, 0x00, 0x00, 0x00, 0x00, 0x00, 0x00, 0x00, 
	0x00, 0x00, 0x00, 0x00, 0x00, 0x0f, 0x0f, 0x00, 
	0x00, 0x00, 0x00, 0x00, 0x00, 0x00, 0x00, 0x0f, 
	0x0f, 0x00, 0x00, 0x00, 0x00, 0x00, 0x00, 0x00, 
	0x00, 0x0f, 0x0f, 0x00, 0x00, 0x00, 0x00, 0x00, 
	0x00, 0x00, 0x00, 0x00, 0x00, 0x00, 0x00, 0x00, 
	0x00, 0x00, 0x00, 0x00, 0x00, 0x00, 0x00, 0x00, 
	0x00, 0x00, 0x00, 0x00, 0x00, 0x00, 0x00, 0x00, 
	0x00, 0x00, 0x00, 0x00, 0x00, 0x00, 0x00, 0x00, 
	0x00, 0x00, 0x00, 0x00, 0x00, 0x00, 0x00, 0x00, 
	0x00, 0x00, 0x00, 0x00, 0x00, 0x00, 0x00, 0x00, 
	0x00, 0x00, 0x00, 0x00, 0x00, 0x00, 0x00, 0x00, 
	0x00, 0x00, 0x00, 0x00, 0x00, 0x00, 0x00, 0x00, 
	0x00, 0x00, 0x00, 0x00, 0x00, 0x00, 0x00, 0x00, 
	0x00, 0x00, 0x00, 0x00, 0x00, 0x00, 0x00, 0x00, 
	0x00, 0x00, 0x00, 0x00, 0x00, 0x00, 0x00, 0x00, 
	0x00, 0x00, 0x00, 0x00, 0x00, 0x00, 0x00, 0x00, 
	0x00, 0x00, 0x00, 0x00, 0x00, 0x00, 0x00, 0x00, 
	0x00, 0x00, 0x00, 0x00, 0x00, 0x00, 0x00, 0x00, 
	0x00, 0x00, 0x00, 0x00, 0x00, 0x00, 0x00, 0x00, 
	0x00, 0x00, 0x00, 0x00, 0x00, 0x00, 0x00, 0x00, 
	0x00, 0x00, 0x00, 0x00, 0x00, 0x00, 0x00, 0x00, 
	0x00, 0x00, 0x00, 0x00, 0x00, 0x00, 0x00, 0x00, 
	0x00, 0x00, 0x00, 0x00, 0x00, 0x00, 0x00, 0x00, 
	0x00, 0x00, 0x00, 0x00, 0x00, 0x00, 0x00, 0x00, 
	0x00, 0x00, 0x00, 0x00, 0x00, 0x00, 0x00, 0x00, 
	0x00, 0x00, 0x00, 0x00, 0x00, 0x00, 0x00, 0x00, 
	0x00, 0x00, 0x00, 0x00, 0x00, 0x00, 0x00, 0x00, 
	0x00, 0x00, 0x00, 0x00, 0x00, 0x00, 0x00, 0x00, 
	0x00, 0x00, 0x00, 0x00, 0x00, 0x00, 0x00, 0x00, 
	0x00, 0x00, 0x00, 0x00, 0x00, 0x00, 0x00, 0x00, 
	0x00, 0x00, 0x00, 0x00, 0x00, 0x00, 0x00, 0x00, 
	0x00, 0x00, 0x00, 0x00, 0x00, 0x00, 0x00, 0x00, 
	0x00, 0x00, 0x00, 0x00, 0x00, 0x00, 0x00, 0x00, 
	0x00, 0x00, 0x00, 0x00, 0x00, 0x00, 0x00, 0x00, 
	0x00, 0x00, 0x00, 0x00, 0x00, 0x00, 0x00, 0x00, 
	0x00, 0x00, 0x00, 0x00, 0x00, 0x00, 0x00, 0x00, 
	0x00, 0x00, 0x00, 0x00, 0x00, 0x00, 0x00, 0x00, 
	0x00, 0x00, 0x00, 0x00, 0x00, 0x00, 0x00, 0x00, 
	0x00, 0x00, 0x00, 0x00, 0x00, 0x00, 0x00, 0x00, 
	0x00, 0x00, 0x00, 0x00, 0x00, 0x00, 0x00, 0x00, 
	0x00, 0x00, 0x00, 0x00, 0x00, 0x00, 0x00, 0x00, 
	0x00, 0x00, 0x00, 0x00, 0x00, 0x00, 0x00, 0x00, 
	0x00, 0x00, 0x00, 0x00, 0x00, 0x00, 0x00, 0x00, 
	0x00, 0x00, 0x00, 0x00, 0x00, 0x00, 0x00, 0x00, 
	0x00, 0x00, 0x00, 0x00, 0x00, 0x00, 0x00, 0x00, 
	0x00, 0x00, 0x00, 0x00, 0x00, 0x00, 0x00, 0x00, 
	0x00, 0x00, 0x00, 0x00, 0x00, 0x00, 0x00, 0x00, 
	0x00, 0x00, 0x00, 0x00, 0x00, 0x00, 0x00, 0x00, 
	0x00, 0x00, 0x00, 0x00, 0x00, 0x00, 0x00, 0x00, 
	0x00, 0x00, 0x00, 0x00, 0x00, 0x00, 0x00, 0x00, 
	0x00, 0x00, 0x00, 0x00, 0x00, 0x00, 0x00, 0x00, 
	0x00, 0x00, 0x00, 0x00, 0x00, 0x00, 0x00, 0x00, 
	0x00, 0x00, 0x00, 0x00, 0x00, 0x00, 0x00, 0x00, 
	0x00, 0x00, 0x00, 0x00, 0x00, 0x00, 0x00, 0x00, 
	
};

Texture squishy_eye_down_ia8[] = {
	0x00, 0x00, 0x00, 0x00, 0x00, 0x00, 0x00, 0x00, 
	0x00, 0x00, 0x00, 0x00, 0x00, 0x00, 0x00, 0x00, 
	0x00, 0x00, 0x00, 0x00, 0x00, 0x00, 0x00, 0x00, 
	0x00, 0x00, 0x00, 0x00, 0x00, 0x00, 0x00, 0x00, 
	0x00, 0x00, 0x00, 0x00, 0x00, 0x00, 0x00, 0x00, 
	0x00, 0x00, 0x00, 0x00, 0x00, 0x00, 0x00, 0x00, 
	0x00, 0x00, 0x00, 0x00, 0x00, 0x00, 0x00, 0x00, 
	0x00, 0x00, 0x00, 0x00, 0x00, 0x00, 0x00, 0x00, 
	0x00, 0x00, 0x00, 0x00, 0x00, 0x00, 0x00, 0x00, 
	0x00, 0x00, 0x00, 0x00, 0x00, 0x00, 0x00, 0x00, 
	0x00, 0x00, 0x00, 0x00, 0x00, 0x00, 0x00, 0x00, 
	0x00, 0x00, 0x00, 0x00, 0x00, 0x00, 0x00, 0x00, 
	0x00, 0x00, 0x00, 0x00, 0x00, 0x00, 0x00, 0x00, 
	0x00, 0x00, 0x00, 0x00, 0x00, 0x00, 0x00, 0x00, 
	0x00, 0x00, 0x00, 0x00, 0x00, 0x00, 0x00, 0x00, 
	0x00, 0x00, 0x00, 0x00, 0x00, 0x00, 0x00, 0x00, 
	0x00, 0x00, 0x00, 0x00, 0x00, 0x00, 0x00, 0x00, 
	0x00, 0x00, 0x00, 0x00, 0x00, 0x00, 0x00, 0x00, 
	0x00, 0x00, 0x00, 0x00, 0x00, 0x00, 0x00, 0x00, 
	0x00, 0x00, 0x00, 0x00, 0x00, 0x00, 0x00, 0x00, 
	0x00, 0x00, 0x00, 0x00, 0x00, 0x00, 0x00, 0x00, 
	0x00, 0x00, 0x00, 0x00, 0x00, 0x00, 0x00, 0x00, 
	0x00, 0x00, 0x00, 0x00, 0x00, 0x00, 0x00, 0x00, 
	0x00, 0x00, 0x00, 0x00, 0x00, 0x00, 0x00, 0x00, 
	0x00, 0x00, 0x00, 0x00, 0x00, 0x00, 0x00, 0x00, 
	0x00, 0x00, 0x00, 0x00, 0x00, 0x00, 0x00, 0x00, 
	0x00, 0x00, 0x00, 0x00, 0x00, 0x00, 0x00, 0x00, 
	0x00, 0x00, 0x00, 0x00, 0x00, 0x00, 0x00, 0x00, 
	0x00, 0x00, 0x00, 0x00, 0x00, 0x00, 0x00, 0x00, 
	0x00, 0x00, 0x00, 0x00, 0x00, 0x00, 0x00, 0x00, 
	0x00, 0x00, 0x00, 0x00, 0x00, 0x00, 0x00, 0x00, 
	0x00, 0x00, 0x00, 0x00, 0x00, 0x00, 0x00, 0x00, 
	0x00, 0x00, 0x00, 0x00, 0x00, 0x00, 0x00, 0x00, 
	0x00, 0x00, 0x00, 0x00, 0x00, 0x00, 0x00, 0x00, 
	0x00, 0x00, 0x00, 0x00, 0x00, 0x00, 0x00, 0x00, 
	0x00, 0x00, 0x00, 0x00, 0x00, 0x00, 0x00, 0x00, 
	0x00, 0x00, 0x00, 0x00, 0x00, 0x00, 0x00, 0x00, 
	0x00, 0x00, 0x00, 0x00, 0x00, 0x00, 0x00, 0x00, 
	0x00, 0x00, 0x00, 0x00, 0x00, 0x00, 0x00, 0x00, 
	0x00, 0x00, 0x00, 0x00, 0x00, 0x00, 0x00, 0x00, 
	0x00, 0x00, 0x00, 0x00, 0x00, 0x00, 0x00, 0x00, 
	0x00, 0x00, 0x00, 0x00, 0x00, 0x00, 0x00, 0x00, 
	0x00, 0x00, 0x00, 0x00, 0x00, 0x00, 0x00, 0x00, 
	0x00, 0x00, 0x00, 0x00, 0x00, 0x00, 0x00, 0x00, 
	0x00, 0x00, 0x00, 0x00, 0x00, 0x00, 0x00, 0x00, 
	0x00, 0x00, 0x00, 0x00, 0x00, 0x00, 0x00, 0x00, 
	0x00, 0x00, 0x00, 0x00, 0x00, 0x00, 0x00, 0x00, 
	0x00, 0x00, 0x00, 0x00, 0x00, 0x00, 0x00, 0x00, 
	0x00, 0x00, 0x00, 0x00, 0x00, 0x00, 0x00, 0x00, 
	0x00, 0x00, 0x00, 0x00, 0x00, 0xff, 0xff, 0x00, 
	0x00, 0x00, 0x00, 0x00, 0x00, 0x00, 0x00, 0x00, 
	0x00, 0x00, 0x00, 0x00, 0x00, 0x00, 0x00, 0x00, 
	0x00, 0x00, 0x00, 0x00, 0x00, 0x00, 0x00, 0x00, 
	0x00, 0x00, 0x00, 0x00, 0x00, 0x00, 0x00, 0x00, 
	0x00, 0x00, 0x00, 0x00, 0x00, 0x00, 0x00, 0x00, 
	0x00, 0x00, 0x00, 0x00, 0x00, 0x00, 0x00, 0x00, 
	0x00, 0x00, 0x00, 0x00, 0x00, 0x00, 0x00, 0x00, 
	0x00, 0x00, 0x00, 0x00, 0x00, 0xff, 0xff, 0xff, 
	0xff, 0x00, 0x00, 0x00, 0x00, 0x00, 0x00, 0x00, 
	0x00, 0x00, 0x00, 0x00, 0x00, 0x00, 0x00, 0x00, 
	0x00, 0x00, 0x00, 0x00, 0x00, 0x00, 0x00, 0x00, 
	0x00, 0x00, 0x00, 0x00, 0x00, 0x00, 0x00, 0x00, 
	0x00, 0x00, 0x00, 0x00, 0x00, 0x00, 0x00, 0x00, 
	0x00, 0x00, 0x00, 0x00, 0x00, 0x00, 0x00, 0x00, 
	0x00, 0x00, 0x00, 0x00, 0x00, 0x00, 0x00, 0x00, 
	0x00, 0x00, 0x00, 0x00, 0x00, 0x00, 0xff, 0xff, 
	0xff, 0xff, 0xff, 0x00, 0x00, 0x00, 0x00, 0x00, 
	0x00, 0x00, 0x00, 0x00, 0x00, 0x00, 0x00, 0x00, 
	0x00, 0x00, 0x00, 0x00, 0x00, 0x00, 0x00, 0x00, 
	0x00, 0x00, 0x00, 0x00, 0x00, 0x00, 0x00, 0x00, 
	0x00, 0x00, 0x00, 0x00, 0x00, 0x00, 0x00, 0x00, 
	0x00, 0x00, 0x00, 0x00, 0x00, 0x00, 0x00, 0x00, 
	0x00, 0x00, 0x00, 0x00, 0x00, 0x00, 0x00, 0x00, 
	0x00, 0x00, 0x00, 0x00, 0x00, 0x00, 0x00, 0xff, 
	0xff, 0xff, 0xff, 0xff, 0xff, 0x00, 0x00, 0x00, 
	0x00, 0x00, 0x00, 0x00, 0x00, 0x00, 0x00, 0x00, 
	0x00, 0x00, 0x00, 0x00, 0x00, 0x00, 0x00, 0x00, 
	0x00, 0x00, 0x00, 0x00, 0x00, 0x00, 0x00, 0x00, 
	0x00, 0x00, 0x00, 0x00, 0x00, 0x00, 0x00, 0x00, 
	0x00, 0x00, 0x00, 0x00, 0x00, 0x00, 0x00, 0x00, 
	0x00, 0x00, 0x00, 0x00, 0x00, 0x00, 0x00, 0x00, 
	0x00, 0x00, 0x00, 0x00, 0x00, 0x00, 0x00, 0x00, 
	0xff, 0xff, 0xff, 0xff, 0xff, 0xff, 0x00, 0x00, 
	0x00, 0x00, 0x00, 0x00, 0x00, 0x00, 0x00, 0x00, 
	0x00, 0xff, 0xff, 0xff, 0xff, 0xff, 0xff, 0xff, 
	0xff, 0xff, 0xff, 0xff, 0xff, 0xff, 0x00, 0x00, 
	0x00, 0x00, 0x00, 0x00, 0x00, 0x00, 0x00, 0x00, 
	0x00, 0x00, 0x00, 0x00, 0x00, 0x00, 0x00, 0x00, 
	0x00, 0x00, 0x00, 0x00, 0x00, 0x00, 0x00, 0x00, 
	0x00, 0x00, 0xff, 0x00, 0x00, 0x00, 0x00, 0x00, 
	0xff, 0xff, 0xff, 0xff, 0xff, 0xff, 0xff, 0xff, 
	0x00, 0x00, 0x00, 0x00, 0x00, 0x00, 0x00, 0xff, 
	0xff, 0xff, 0xff, 0xff, 0xff, 0xff, 0xff, 0xff, 
	0xff, 0xff, 0xff, 0xff, 0xff, 0xff, 0xff, 0xff, 
	0x00, 0x00, 0x00, 0x00, 0x00, 0x00, 0x00, 0x00, 
	0x00, 0x00, 0x00, 0x00, 0x00, 0x00, 0x00, 0x00, 
	0x00, 0x00, 0x00, 0x00, 0x00, 0x00, 0x00, 0x00, 
	0x00, 0x00, 0xff, 0xff, 0xff, 0xff, 0x00, 0x00, 
	0x00, 0xff, 0xff, 0xff, 0xff, 0xdf, 0xff, 0xff, 
	0xff, 0xff, 0x00, 0x00, 0xff, 0xff, 0xff, 0xff, 
	0xff, 0xff, 0xff, 0xff, 0xff, 0xff, 0xbf, 0xaf, 
	0xaf, 0xaf, 0xaf, 0xbf, 0xff, 0xff, 0xff, 0xff, 
	0xff, 0xff, 0x00, 0x00, 0x00, 0x00, 0x00, 0x00, 
	0x00, 0x00, 0x00, 0x00, 0x00, 0x00, 0x00, 0x00, 
	0x00, 0x00, 0x00, 0x00, 0x00, 0x00, 0x00, 0x00, 
	0x00, 0x00, 0xff, 0xff, 0xff, 0xff, 0xff, 0xff, 
	0x00, 0xff, 0xff, 0xff, 0xff, 0x2f, 0xcf, 0xff, 
	0xff, 0xff, 0xff, 0xff, 0xff, 0xff, 0xff, 0xff, 
	0xff, 0xff, 0xef, 0x5f, 0x0f, 0x0f, 0x0f, 0x0f, 
	0x0f, 0x0f, 0x0f, 0x0f, 0x0f, 0xbf, 0xff, 0xff, 
	0xff, 0xff, 0xff, 0x00, 0x00, 0x00, 0x00, 0x00, 
	0x00, 0x00, 0x00, 0x00, 0x00, 0x00, 0x00, 0x00, 
	0x00, 0x00, 0x00, 0x00, 0x00, 0x00, 0x00, 0x00, 
	0x00, 0x00, 0xff, 0xff, 0xff, 0xff, 0xff, 0xff, 
	0xff, 0xff, 0xff, 0xff, 0xff, 0xdf, 0x0f, 0x5f, 
	0xff, 0xff, 0xff, 0xff, 0xff, 0xff, 0xff, 0xff, 
	0xef, 0x4f, 0x0f, 0x0f, 0x0f, 0x0f, 0x0f, 0x0f, 
	0x0f, 0x0f, 0x0f, 0x0f, 0x0f, 0x0f, 0x0f, 0xef, 
	0xff, 0xff, 0xff, 0xff, 0x00, 0x00, 0x00, 0x00, 
	0x00, 0x00, 0x00, 0x00, 0x00, 0x00, 0x00, 0x00, 
	0x00, 0x00, 0x00, 0x00, 0x00, 0x00, 0x00, 0x00, 
	0x00, 0x00, 0x00, 0xff, 0xff, 0x5f, 0xef, 0xff, 
	0xff, 0xff, 0xff, 0xff, 0xff, 0xff, 0x4f, 0x0f, 
	0x0f, 0xbf, 0xff, 0xff, 0xff, 0xff, 0xff, 0x3f, 
	0x0f, 0x0f, 0x0f, 0x0f, 0x0f, 0x0f, 0x0f, 0x0f, 
	0x0f, 0x0f, 0x0f, 0x0f, 0x0f, 0x0f, 0x0f, 0x0f, 
	0xef, 0xff, 0xff, 0xff, 0xff, 0x00, 0x00, 0x00, 
	0x00, 0x00, 0x00, 0x00, 0x00, 0x00, 0x00, 0x00, 
	0x00, 0x00, 0x00, 0x00, 0x00, 0x00, 0x00, 0x00, 
	0x00, 0x00, 0x00, 0xff, 0xff, 0x8f, 0x0f, 0x7f, 
	0xef, 0xff, 0xff, 0xff, 0xff, 0xff, 0xef, 0x0f, 
	0x0f, 0x0f, 0x0f, 0xcf, 0xff, 0xdf, 0x0f, 0x0f, 
	0x0f, 0x0f, 0x0f, 0x0f, 0x0f, 0x0f, 0x0f, 0x0f, 
	0x0f, 0x0f, 0x0f, 0x0f, 0x0f, 0x0f, 0x0f, 0x0f, 
	0x0f, 0xef, 0xff, 0xff, 0xff, 0xfc, 0x00, 0x00, 
	0x00, 0x00, 0x00, 0x00, 0x00, 0x00, 0x00, 0x00, 
	0x00, 0x00, 0x00, 0x00, 0x00, 0x00, 0x00, 0x00, 
	0x00, 0x00, 0x00, 0xff, 0xff, 0xcf, 0x0f, 0x0f, 
	0x0f, 0x6f, 0xef, 0xff, 0xff, 0xff, 0xff, 0x0f, 
	0x0f, 0x0f, 0x0f, 0x0f, 0x2f, 0x0f, 0x0f, 0x0f, 
	0x0f, 0x0f, 0x0f, 0x0f, 0x0f, 0x0f, 0x0f, 0x0f, 
	0x0f, 0x0f, 0x0f, 0x0f, 0x0f, 0x0f, 0x0f, 0x0f, 
	0x0f, 0x0f, 0xff, 0xff, 0xff, 0xff, 0x00, 0x00, 
	0x00, 0x00, 0x00, 0x00, 0x00, 0x00, 0x00, 0x00, 
	0x00, 0x00, 0x00, 0x00, 0x00, 0x00, 0x00, 0x00, 
	0x00, 0x00, 0x00, 0xff, 0xff, 0xff, 0x0f, 0x0f, 
	0x0f, 0x0f, 0x0f, 0x0f, 0x5f, 0xdf, 0xef, 0x8f, 
	0x0f, 0x0f, 0x0f, 0x0f, 0x0f, 0x0f, 0x0f, 0x0f, 
	0x0f, 0x0f, 0x0f, 0x0f, 0x0f, 0x0f, 0x0f, 0x0f, 
	0x0f, 0x0f, 0x0f, 0x0f, 0x0f, 0x0f, 0x0f, 0x0f, 
	0x0f, 0x0f, 0x7f, 0xff, 0xff, 0xff, 0x00, 0x00, 
	0x00, 0x00, 0x00, 0x00, 0x00, 0x00, 0x00, 0x00, 
	0x00, 0x00, 0x00, 0x00, 0x00, 0x00, 0x00, 0x00, 
	0x00, 0x00, 0x00, 0x00, 0xff, 0xff, 0x0f, 0x0f, 
	0x0f, 0x0f, 0x0f, 0x0f, 0x0f, 0x0f, 0x0f, 0x0f, 
	0x0f, 0x0f, 0x0f, 0x0f, 0x0f, 0x0f, 0x0f, 0x0f, 
	0x0f, 0x0f, 0x0f, 0x0f, 0x0f, 0x0f, 0x0f, 0x0f, 
	0x0f, 0x0f, 0x0f, 0x0f, 0x0f, 0x0f, 0x0f, 0x0f, 
	0x0f, 0x0f, 0x0f, 0xff, 0xff, 0xff, 0x00, 0x00, 
	0x00, 0x00, 0x00, 0x00, 0x00, 0x00, 0x00, 0x00, 
	0x00, 0x00, 0x00, 0x00, 0x00, 0x00, 0x00, 0x00, 
	0x00, 0x00, 0x00, 0x00, 0xff, 0xff, 0x4f, 0x0f, 
	0x0f, 0x0f, 0x0f, 0x0f, 0x0f, 0x0f, 0x0f, 0x0f, 
	0x0f, 0x0f, 0x0f, 0x0f, 0x0f, 0x0f, 0x0f, 0x0f, 
	0x0f, 0x0f, 0x0f, 0x0f, 0x0f, 0x0f, 0x0f, 0x0f, 
	0x0f, 0x0f, 0x0f, 0x0f, 0x0f, 0x0f, 0x0f, 0x0f, 
	0x0f, 0x0f, 0x0f, 0xdf, 0xff, 0xff, 0x00, 0x00, 
	0x00, 0x00, 0x00, 0x00, 0x00, 0x00, 0x00, 0x00, 
	0x00, 0x00, 0x00, 0x00, 0x00, 0x00, 0x00, 0x00, 
	0x00, 0x00, 0x00, 0x00, 0xff, 0xff, 0xaf, 0x0f, 
	0x0f, 0x0f, 0x0f, 0x0f, 0x0f, 0x0f, 0x0f, 0x0f, 
	0x0f, 0x0f, 0x0f, 0x0f, 0x0f, 0x0f, 0x0f, 0x0f, 
	0x0f, 0x0f, 0x0f, 0x0f, 0x0f, 0x0f, 0x0f, 0x0f, 
	0x3f, 0xcf, 0xdf, 0xcf, 0x4f, 0x0f, 0x0f, 0x0f, 
	0x0f, 0x0f, 0x0f, 0xdf, 0xff, 0xff, 0x00, 0x00, 
	0x00, 0x00, 0x00, 0x00, 0x00, 0x00, 0x00, 0x00, 
	0x00, 0x00, 0x00, 0x00, 0x00, 0x00, 0x00, 0x00, 
	0x00, 0x00, 0x00, 0x00, 0xff, 0xff, 0xcf, 0x0f, 
	0x0f, 0x0f, 0x0f, 0x0f, 0x1f, 0x7f, 0xdf, 0xff, 
	0x0f, 0x0f, 0x0f, 0x0f, 0x0f, 0x0f, 0x0f, 0x0f, 
	0x0f, 0x0f, 0x0f, 0x0f, 0x0f, 0x0f, 0x0f, 0x5f, 
	0xff, 0xff, 0xff, 0xff, 0xff, 0x6f, 0x0f, 0x0f, 
	0x0f, 0x0f, 0x0f, 0xdf, 0xff, 0xff, 0x00, 0x00, 
	0x00, 0x00, 0x00, 0x00, 0x00, 0x00, 0x00, 0x00, 
	0x00, 0x00, 0x00, 0x00, 0x00, 0x00, 0x00, 0x00, 
	0x00, 0x00, 0x00, 0x00, 0xff, 0xff, 0xff, 0x1f, 
	0x7f, 0xef, 0xff, 0xff, 0xff, 0xff, 0xff, 0x9f, 
	0x0f, 0x0f, 0x0f, 0x0f, 0x0f, 0x0f, 0x0f, 0x0f, 
	0x0f, 0x0f, 0x0f, 0x0f, 0x0f, 0x0f, 0x1f, 0xef, 
	0xff, 0xff, 0xef, 0xff, 0xff, 0xff, 0x2f, 0x0f, 
	0x0f, 0x0f, 0x0f, 0xff, 0xff, 0xff, 0x00, 0x00, 
	0x00, 0x00, 0x00, 0x00, 0x00, 0x00, 0x00, 0x00, 
	0x00, 0x00, 0x00, 0x00, 0x00, 0x00, 0x00, 0x00, 
	0x00, 0x00, 0x00, 0x00, 0x00, 0xff, 0xff, 0xff, 
	0xff, 0xff, 0xff, 0xff, 0xff, 0xff, 0xff, 0x0f, 
	0x0f, 0x0f, 0x0f, 0x6f, 0x5f, 0x0f, 0x0f, 0x0f, 
	0x0f, 0x0f, 0x0f, 0x0f, 0x0f, 0x0f, 0x2f, 0xff, 
	0xff, 0xef, 0x2f, 0x8f, 0xff, 0xff, 0x5f, 0x0f, 
	0x0f, 0x0f, 0x7f, 0xff, 0xff, 0xff, 0x00, 0x00, 
	0x00, 0x00, 0x00, 0x00, 0x00, 0x00, 0x00, 0x00, 
	0x00, 0x00, 0x00, 0x00, 0x00, 0x00, 0x00, 0x00, 
	0x00, 0x00, 0x00, 0x00, 0x00, 0xff, 0xff, 0xff, 
	0xff, 0xff, 0xff, 0xff, 0xff, 0xff, 0x7f, 0x0f, 
	0x0f, 0x0f, 0x0f, 0xff, 0xff, 0x3f, 0x0f, 0x0f, 
	0x0f, 0x0f, 0x0f, 0x0f, 0x0f, 0x0f, 0x8f, 0xff, 
	0xff, 0x8f, 0x0f, 0x1f, 0xef, 0xff, 0x9f, 0x0f, 
	0x0f, 0x5f, 0xff, 0xff, 0xff, 0xff, 0x00, 0x00, 
	0x00, 0x00, 0x00, 0x00, 0x00, 0x00, 0x00, 0x00, 
	0x00, 0x00, 0x00, 0x00, 0x00, 0x00, 0x00, 0x00, 
	0x00, 0x00, 0x00, 0x00, 0x00, 0xff, 0xff, 0x00, 
	0x00, 0x00, 0xff, 0xff, 0xff, 0xff, 0x0f, 0x0f, 
	0x0f, 0x0f, 0xdf, 0xff, 0xff, 0xff, 0x9f, 0x0f, 
	0x0f, 0x0f, 0x0f, 0x0f, 0x0f, 0x0f, 0xbf, 0xff, 
	0xef, 0x2f, 0x0f, 0x0f, 0xcf, 0xff, 0xcf, 0x0f, 
	0x5f, 0xff, 0xff, 0xff, 0xff, 0x00, 0x00, 0x00, 
	0x00, 0x00, 0x00, 0x00, 0x00, 0x00, 0x00, 0x00, 
	0x00, 0x00, 0x00, 0x00, 0x00, 0x00, 0x00, 0x00, 
	0x00, 0x00, 0x00, 0x00, 0x00, 0x00, 0x00, 0x00, 
	0x00, 0x00, 0xff, 0xff, 0xff, 0x3f, 0x0f, 0x0f, 
	0x0f, 0x2f, 0xff, 0xff, 0xff, 0xff, 0xff, 0xff, 
	0x1f, 0x0f, 0x0f, 0x0f, 0x0f, 0x0f, 0xcf, 0xff, 
	0xcf, 0x0f, 0x0f, 0x0f, 0x8f, 0xff, 0xff, 0x5f, 
	0xff, 0xff, 0xff, 0xff, 0x00, 0x00, 0x00, 0x00, 
	0x00, 0x00, 0x00, 0x00, 0x00, 0x00, 0x00, 0x00, 
	0x00, 0x00, 0x00, 0x00, 0x00, 0x00, 0x00, 0x00, 
	0x00, 0x00, 0x00, 0x00, 0x00, 0x00, 0x00, 0x00, 
	0x00, 0xff, 0xff, 0xff, 0xaf, 0x0f, 0x0f, 0x0f, 
	0x0f, 0xcf, 0xff, 0xff, 0xff, 0xff, 0xff, 0xff, 
	0xff, 0xcf, 0x1f, 0x0f, 0x0f, 0x0f, 0xdf, 0xff, 
	0x8f, 0x0f, 0x0f, 0x0f, 0x5f, 0xff, 0xff, 0xff, 
	0xff, 0xff, 0xff, 0x00, 0x00, 0x00, 0x00, 0x00, 
	0x00, 0x00, 0x00, 0x00, 0x00, 0x00, 0x00, 0x00, 
	0x00, 0x00, 0x00, 0x00, 0x00, 0x00, 0x00, 0x00, 
	0x00, 0x00, 0x00, 0x00, 0x00, 0x00, 0x00, 0x00, 
	0xff, 0xff, 0xff, 0xbf, 0x0f, 0x0f, 0x0f, 0x0f, 
	0x0f, 0xcf, 0xff, 0xff, 0x00, 0xff, 0xff, 0xff, 
	0xff, 0xff, 0xff, 0xcf, 0xcf, 0x2f, 0xdf, 0xff, 
	0x5f, 0x0f, 0x0f, 0x0f, 0x4f, 0xff, 0xff, 0xff, 
	0xff, 0xff, 0x00, 0x00, 0x00, 0x00, 0x00, 0x00, 
	0x00, 0x00, 0x00, 0x00, 0x00, 0x00, 0x00, 0x00, 
	0x00, 0x00, 0x00, 0x00, 0x00, 0x00, 0x00, 0x00, 
	0x00, 0x00, 0x00, 0x00, 0x00, 0x00, 0x00, 0x00, 
	0xff, 0xff, 0xff, 0xff, 0x3f, 0x0f, 0x0f, 0x0f, 
	0x0f, 0xff, 0xff, 0xff, 0x00, 0x00, 0x00, 0xff, 
	0xff, 0xff, 0xff, 0xff, 0xff, 0xff, 0xff, 0xef, 
	0xff, 0xff, 0xff, 0xff, 0xff, 0xff, 0xff, 0xff, 
	0xff, 0x00, 0x00, 0x00, 0x00, 0x00, 0x00, 0x00, 
	0x00, 0x00, 0x00, 0x00, 0x00, 0x00, 0x00, 0x00, 
	0x00, 0x00, 0x00, 0x00, 0x00, 0x00, 0x00, 0x00, 
	0x00, 0x00, 0x00, 0x00, 0x00, 0x00, 0x00, 0x00, 
	0xff, 0xff, 0xff, 0xff, 0xff, 0xdf, 0x4f, 0x0f, 
	0x0f, 0xff, 0xff, 0xff, 0x00, 0x00, 0x00, 0x00, 
	0x00, 0xff, 0xff, 0xff, 0xff, 0xff, 0xff, 0xff, 
	0xff, 0xff, 0xff, 0xff, 0xff, 0xff, 0xff, 0xff, 
	0x00, 0x00, 0x00, 0x00, 0x00, 0x00, 0x00, 0x00, 
	0x00, 0x00, 0x00, 0x00, 0x00, 0x00, 0x00, 0x00, 
	0x00, 0x00, 0x00, 0x00, 0x00, 0x00, 0x00, 0x00, 
	0x00, 0x00, 0x00, 0x00, 0x00, 0x00, 0x00, 0x00, 
	0x00, 0x00, 0xff, 0xff, 0xff, 0xff, 0xff, 0xdf, 
	0x3f, 0xff, 0xff, 0x00, 0x00, 0x00, 0x00, 0x00, 
	0x00, 0x00, 0x00, 0x00, 0xff, 0xff, 0xff, 0xff, 
	0xff, 0xff, 0xff, 0xff, 0xff, 0xff, 0x00, 0x00, 
	0x00, 0x00, 0x00, 0x00, 0x00, 0x00, 0x00, 0x00, 
	0x00, 0x00, 0x00, 0x00, 0x00, 0x00, 0x00, 0x00, 
	0x00, 0x00, 0x00, 0x00, 0x00, 0x00, 0x00, 0x00, 
	0x00, 0x00, 0x00, 0x00, 0x00, 0x00, 0x00, 0x00, 
	0x00, 0x00, 0x00, 0x00, 0xff, 0xff, 0xff, 0xff, 
	0xff, 0xff, 0xff, 0x00, 0x00, 0x00, 0x00, 0x00, 
	0x00, 0x00, 0x00, 0x00, 0x00, 0x00, 0x00, 0x00, 
	0x00, 0x00, 0x00, 0x00, 0x00, 0x00, 0x00, 0x00, 
	0x00, 0x00, 0x00, 0x00, 0x00, 0x00, 0x00, 0x00, 
	0x00, 0x00, 0x00, 0x00, 0x00, 0x00, 0x00, 0x00, 
	0x00, 0x00, 0x00, 0x00, 0x00, 0x00, 0x00, 0x00, 
	0x00, 0x00, 0x00, 0x00, 0x00, 0x00, 0x00, 0x00, 
	0x00, 0x00, 0x00, 0x00, 0x00, 0x00, 0xff, 0xff, 
	0xff, 0xff, 0xff, 0x00, 0x00, 0x00, 0x00, 0x00, 
	0x00, 0x00, 0x00, 0x00, 0x00, 0x00, 0x00, 0x00, 
	0x00, 0x00, 0x00, 0x00, 0x00, 0x00, 0x00, 0x00, 
	0x00, 0x00, 0x00, 0x00, 0x00, 0x00, 0x00, 0x00, 
	0x00, 0x00, 0x00, 0x00, 0x00, 0x00, 0x00, 0x00, 
	0x00, 0x00, 0x00, 0x00, 0x00, 0x00, 0x00, 0x00, 
	0x00, 0x00, 0x00, 0x00, 0x00, 0x00, 0x00, 0x00, 
	0x00, 0x00, 0x00, 0x00, 0x00, 0x00, 0x00, 0x00, 
	0xff, 0xff, 0x00, 0x00, 0x00, 0x00, 0x00, 0x00, 
	0x00, 0x00, 0x00, 0x00, 0x00, 0x00, 0x00, 0x00, 
	0x00, 0x00, 0x00, 0x00, 0x00, 0x00, 0x00, 0x00, 
	0x00, 0x00, 0x00, 0x00, 0x00, 0x00, 0x00, 0x00, 
	0x00, 0x00, 0x00, 0x00, 0x00, 0x00, 0x00, 0x00, 
	0x00, 0x00, 0x00, 0x00, 0x00, 0x00, 0x00, 0x00, 
	0x00, 0x00, 0x00, 0x00, 0x00, 0x00, 0x00, 0x00, 
	0x00, 0x00, 0x00, 0x00, 0x00, 0x00, 0x00, 0x00, 
	0x00, 0x00, 0x00, 0x00, 0x00, 0x00, 0x00, 0x00, 
	0x00, 0x00, 0x00, 0x00, 0x00, 0x00, 0x00, 0x00, 
	0x00, 0x00, 0x00, 0x00, 0x00, 0x00, 0x00, 0x00, 
	0x00, 0x00, 0x00, 0x00, 0x00, 0x00, 0x00, 0x00, 
	0x00, 0x00, 0x00, 0x00, 0x00, 0x00, 0x00, 0x00, 
	0x00, 0x00, 0x00, 0x00, 0x00, 0x00, 0x00, 0x00, 
	0x00, 0x00, 0x00, 0x00, 0x00, 0x00, 0x00, 0x00, 
	0x00, 0x00, 0x00, 0x00, 0x00, 0x00, 0x00, 0x00, 
	0x00, 0x00, 0x00, 0x00, 0x00, 0x00, 0x00, 0x00, 
	0x00, 0x00, 0x00, 0x00, 0x00, 0x00, 0x00, 0x00, 
	0x00, 0x00, 0x00, 0x00, 0x00, 0x00, 0x00, 0x00, 
	0x00, 0x00, 0x00, 0x00, 0x00, 0x00, 0x00, 0x00, 
	0x00, 0x00, 0x00, 0x00, 0x00, 0x00, 0x00, 0x00, 
	0x00, 0x00, 0x00, 0x00, 0x00, 0x00, 0x00, 0x00, 
	0x00, 0x00, 0x00, 0x00, 0x00, 0x00, 0x00, 0x00, 
	0x00, 0x00, 0x00, 0x00, 0x00, 0x00, 0x00, 0x00, 
	0x00, 0x00, 0x00, 0x00, 0x00, 0x00, 0x00, 0x00, 
	0x00, 0x00, 0x00, 0x00, 0x00, 0x00, 0x00, 0x00, 
	0x00, 0x00, 0x00, 0x00, 0x00, 0x00, 0x00, 0x00, 
	0x00, 0x00, 0x00, 0x00, 0x00, 0x00, 0x00, 0x00, 
	0x00, 0x00, 0x00, 0x00, 0x00, 0x00, 0x00, 0x00, 
	0x00, 0x00, 0x00, 0x00, 0x00, 0x00, 0x00, 0x00, 
	0x00, 0x00, 0x00, 0x00, 0x00, 0x00, 0x00, 0x00, 
	0x00, 0x00, 0x00, 0x00, 0x00, 0x00, 0x00, 0x00, 
	0x00, 0x00, 0x00, 0x00, 0x00, 0x00, 0x00, 0x00, 
	0x00, 0x00, 0x00, 0x00, 0x00, 0x00, 0x00, 0x00, 
	0x00, 0x00, 0x00, 0x00, 0x00, 0x00, 0x00, 0x00, 
	0x00, 0x00, 0x00, 0x00, 0x00, 0x00, 0x00, 0x00, 
	0x00, 0x00, 0x00, 0x00, 0x00, 0x00, 0x00, 0x00, 
	0x00, 0x00, 0x00, 0x00, 0x00, 0x00, 0x00, 0x00, 
	0x00, 0x00, 0x00, 0x00, 0x00, 0x00, 0x00, 0x00, 
	0x00, 0x00, 0x00, 0x00, 0x00, 0x00, 0x00, 0x00, 
	0x00, 0x00, 0x00, 0x00, 0x00, 0x00, 0x00, 0x00, 
	0x00, 0x00, 0x00, 0x00, 0x00, 0x00, 0x00, 0x00, 
	0x00, 0x00, 0x00, 0x00, 0x00, 0x00, 0x00, 0x00, 
	0x00, 0x00, 0x00, 0x00, 0x00, 0x00, 0x00, 0x00, 
	0x00, 0x00, 0x00, 0x00, 0x00, 0x00, 0x00, 0x00, 
	0x00, 0x00, 0x00, 0x00, 0x00, 0x00, 0x00, 0x00, 
	0x00, 0x00, 0x00, 0x00, 0x00, 0x00, 0x00, 0x00, 
	0x00, 0x00, 0x00, 0x00, 0x00, 0x00, 0x00, 0x00, 
	0x00, 0x00, 0x00, 0x00, 0x00, 0x00, 0x00, 0x00, 
	0x00, 0x00, 0x00, 0x00, 0x00, 0x00, 0x00, 0x00, 
	0x00, 0x00, 0x00, 0x00, 0x00, 0x00, 0x00, 0x00, 
	0x00, 0x00, 0x00, 0x00, 0x00, 0x00, 0x00, 0x00, 
	0x00, 0x00, 0x00, 0x00, 0x00, 0x00, 0x00, 0x00, 
	0x00, 0x00, 0x00, 0x00, 0x00, 0x00, 0x00, 0x00, 
	0x00, 0x00, 0x00, 0x00, 0x00, 0x00, 0x00, 0x00, 
	0x00, 0x00, 0x00, 0x00, 0x00, 0x00, 0x00, 0x00, 
	0x00, 0x00, 0x00, 0x00, 0x00, 0x00, 0x00, 0x00, 
	0x00, 0x00, 0x00, 0x00, 0x00, 0x00, 0x00, 0x00, 
	0x00, 0x00, 0x00, 0x00, 0x00, 0x00, 0x00, 0x00, 
	0x00, 0x00, 0x00, 0x00, 0x00, 0x00, 0x00, 0x00, 
	0x00, 0x00, 0x00, 0x00, 0x00, 0x00, 0x00, 0x00, 
	0x00, 0x00, 0x00, 0x00, 0x00, 0x00, 0x00, 0x00, 
	0x00, 0x00, 0x00, 0x00, 0x00, 0x00, 0x00, 0x00, 
	0x00, 0x00, 0x00, 0x00, 0x00, 0x00, 0x00, 0x00, 
	0x00, 0x00, 0x00, 0x00, 0x00, 0x00, 0x00, 0x00, 
	0x00, 0x00, 0x00, 0x00, 0x00, 0x00, 0x00, 0x00, 
	0x00, 0x00, 0x00, 0x00, 0x00, 0x00, 0x00, 0x00, 
	0x00, 0x00, 0x00, 0x00, 0x00, 0x00, 0x00, 0x00, 
	0x00, 0x00, 0x00, 0x00, 0x00, 0x00, 0x00, 0x00, 
	0x00, 0x00, 0x00, 0x00, 0x00, 0x00, 0x00, 0x00, 
	0x00, 0x00, 0x00, 0x00, 0x00, 0x00, 0x00, 0x00, 
	0x00, 0x00, 0x00, 0x00, 0x00, 0x00, 0x00, 0x00, 
	0x00, 0x00, 0x00, 0x00, 0x00, 0x00, 0x00, 0x00, 
	0x00, 0x00, 0x00, 0x00, 0x00, 0x00, 0x00, 0x00, 
	0x00, 0x00, 0x00, 0x00, 0x00, 0x00, 0x00, 0x00, 
	0x00, 0x00, 0x00, 0x00, 0x00, 0x00, 0x00, 0x00, 
	0x00, 0x00, 0x00, 0x00, 0x00, 0x00, 0x00, 0x00, 
	0x00, 0x00, 0x00, 0x00, 0x00, 0x00, 0x00, 0x00, 
	0x00, 0x00, 0x00, 0x00, 0x00, 0x00, 0x00, 0x00, 
	0x00, 0x00, 0x00, 0x00, 0x00, 0x00, 0x00, 0x00, 
	0x00, 0x00, 0x00, 0x00, 0x00, 0x00, 0x00, 0x00, 
	0x00, 0x00, 0x00, 0x00, 0x00, 0x00, 0x00, 0x00, 
	0x00, 0x00, 0x00, 0x00, 0x00, 0x00, 0x00, 0x00, 
	0x00, 0x00, 0x00, 0x00, 0x00, 0x00, 0x00, 0x00, 
	0x00, 0x00, 0x00, 0x00, 0x00, 0x00, 0x00, 0x00, 
	0x00, 0x00, 0x00, 0x00, 0x00, 0x00, 0x00, 0x00, 
	0x00, 0x00, 0x00, 0x00, 0x00, 0x00, 0x00, 0x00, 
	0x00, 0x00, 0x00, 0x00, 0x00, 0x00, 0x00, 0x00, 
	0x00, 0x00, 0x00, 0x00, 0x00, 0x00, 0x00, 0x00, 
	0x00, 0x00, 0x00, 0x00, 0x00, 0x00, 0x00, 0x00, 
	0x00, 0x00, 0x00, 0x00, 0x00, 0x00, 0x00, 0x00, 
	0x00, 0x00, 0x00, 0x00, 0x00, 0x00, 0x00, 0x00, 
	0x00, 0x00, 0x00, 0x00, 0x00, 0x00, 0x00, 0x00, 
	0x00, 0x00, 0x00, 0x00, 0x00, 0x00, 0x00, 0x00, 
	0x00, 0x00, 0x00, 0x00, 0x00, 0x00, 0x00, 0x00, 
	0x00, 0x00, 0x00, 0x00, 0x00, 0x0f, 0x0f, 0x00, 
	0x00, 0x00, 0x00, 0x00, 0x00, 0x00, 0x00, 0x0f, 
	0x0f, 0x00, 0x00, 0x00, 0x00, 0x00, 0x00, 0x00, 
	0x00, 0x0f, 0x0f, 0x00, 0x00, 0x00, 0x00, 0x00, 
	0x00, 0x00, 0x00, 0x00, 0x00, 0x00, 0x00, 0x00, 
	0x00, 0x00, 0x00, 0x00, 0x00, 0x00, 0x00, 0x00, 
	0x00, 0x00, 0x00, 0x00, 0x00, 0x00, 0x00, 0x00, 
	0x00, 0x00, 0x00, 0x00, 0x00, 0x00, 0x00, 0x00, 
	0x00, 0x00, 0x00, 0x00, 0x0f, 0x0f, 0x0f, 0x0f, 
	0x00, 0x00, 0x00, 0x00, 0x00, 0x00, 0x0f, 0x0f, 
	0x0f, 0x0f, 0x00, 0x00, 0x00, 0x00, 0x00, 0x00, 
	0x0f, 0x0f, 0x0f, 0x0f, 0x00, 0x00, 0x00, 0x00, 
	0x00, 0x00, 0x00, 0x00, 0x00, 0x00, 0x00, 0x00, 
	0x00, 0x00, 0x00, 0x00, 0x00, 0x00, 0x00, 0x00, 
	0x00, 0x00, 0x00, 0x00, 0x00, 0x00, 0x00, 0x00, 
	0x00, 0x00, 0x00, 0x00, 0x00, 0x00, 0x00, 0x00, 
	0x00, 0x00, 0x00, 0x00, 0x0f, 0x0f, 0x0f, 0x0f, 
	0x00, 0x00, 0x00, 0x00, 0x00, 0x00, 0x0f, 0x0f, 
	0x0f, 0x0f, 0x00, 0x00, 0x00, 0x00, 0x00, 0x00, 
	0x0f, 0x0f, 0x0f, 0x0f, 0x00, 0x00, 0x00, 0x00, 
	0x00, 0x00, 0x00, 0x00, 0x00, 0x00, 0x00, 0x00, 
	0x00, 0x00, 0x00, 0x00, 0x00, 0x00, 0x00, 0x00, 
	0x00, 0x00, 0x00, 0x00, 0x00, 0x00, 0x00, 0x00, 
	0x00, 0x00, 0x00, 0x00, 0x00, 0x00, 0x00, 0x00, 
	0x00, 0x00, 0x00, 0x00, 0x0f, 0x0f, 0x0f, 0x0f, 
	0x00, 0x00, 0x00, 0x00, 0x00, 0x00, 0x0f, 0x0f, 
	0x0f, 0x0f, 0x00, 0x00, 0x00, 0x00, 0x00, 0x00, 
	0x0f, 0x0f, 0x0f, 0x0f, 0x00, 0x00, 0x00, 0x00, 
	0x00, 0x00, 0x00, 0x00, 0x00, 0x00, 0x00, 0x00, 
	0x00, 0x00, 0x00, 0x00, 0x00, 0x00, 0x00, 0x00, 
	0x00, 0x00, 0x00, 0x00, 0x00, 0x00, 0x00, 0x00, 
	0x00, 0x00, 0x00, 0x00, 0x00, 0x00, 0x00, 0x00, 
	0x00, 0x00, 0x00, 0x00, 0x0f, 0x0f, 0x0f, 0x0f, 
	0x00, 0x00, 0x00, 0x00, 0x00, 0x00, 0x0f, 0x0f, 
	0x0f, 0x0f, 0x00, 0x00, 0x00, 0x00, 0x00, 0x00, 
	0x0f, 0x0f, 0x0f, 0x0f, 0x00, 0x00, 0x00, 0x00, 
	0x00, 0x00, 0x00, 0x00, 0x00, 0x00, 0x00, 0x00, 
	0x00, 0x00, 0x00, 0x00, 0x00, 0x00, 0x00, 0x00, 
	0x00, 0x00, 0x00, 0x00, 0x00, 0x00, 0x00, 0x00, 
	0x00, 0x00, 0x00, 0x00, 0x00, 0x00, 0x00, 0x00, 
	0x00, 0x00, 0x00, 0x00, 0x0f, 0x0f, 0x0f, 0x0f, 
	0x00, 0x00, 0x00, 0x00, 0x00, 0x00, 0x0f, 0x0f, 
	0x0f, 0x0f, 0x00, 0x00, 0x00, 0x00, 0x00, 0x00, 
	0x0f, 0x0f, 0x0f, 0x0f, 0x00, 0x00, 0x00, 0x00, 
	0x00, 0x00, 0x00, 0x00, 0x00, 0x00, 0x00, 0x00, 
	0x00, 0x00, 0x00, 0x00, 0x00, 0x00, 0x00, 0x00, 
	0x00, 0x00, 0x00, 0x00, 0x00, 0x00, 0x00, 0x00, 
	0x00, 0x00, 0x00, 0x00, 0x00, 0x00, 0x00, 0x00, 
	0x00, 0x00, 0x00, 0x00, 0x0f, 0x0f, 0x0f, 0x0f, 
	0x00, 0x00, 0x00, 0x00, 0x00, 0x00, 0x0f, 0x0f, 
	0x0f, 0x0f, 0x00, 0x00, 0x00, 0x00, 0x00, 0x00, 
	0x0f, 0x0f, 0x0f, 0x0f, 0x00, 0x00, 0x00, 0x00, 
	0x00, 0x00, 0x00, 0x00, 0x00, 0x00, 0x00, 0x00, 
	0x00, 0x00, 0x00, 0x00, 0x00, 0x00, 0x00, 0x00, 
	0x00, 0x00, 0x00, 0x00, 0x00, 0x00, 0x00, 0x00, 
	0x00, 0x00, 0x00, 0x00, 0x00, 0x00, 0x00, 0x00, 
	0x00, 0x00, 0x00, 0x00, 0x0f, 0x0f, 0x0f, 0x0f, 
	0x00, 0x00, 0x00, 0x00, 0x00, 0x00, 0x0f, 0x0f, 
	0x0f, 0x0f, 0x00, 0x00, 0x00, 0x00, 0x00, 0x00, 
	0x0f, 0x0f, 0x0f, 0x0f, 0x00, 0x00, 0x00, 0x00, 
	0x00, 0x00, 0x00, 0x00, 0x00, 0x00, 0x00, 0x00, 
	0x00, 0x00, 0x00, 0x00, 0x00, 0x00, 0x00, 0x00, 
	0x00, 0x00, 0x00, 0x00, 0x00, 0x00, 0x00, 0x00, 
	0x00, 0x00, 0x00, 0x00, 0x00, 0x00, 0x00, 0x00, 
	0x00, 0x00, 0x00, 0x00, 0x0f, 0x0f, 0x0f, 0x0f, 
	0x00, 0x00, 0x00, 0x00, 0x00, 0x00, 0x0f, 0x0f, 
	0x0f, 0x0f, 0x00, 0x00, 0x00, 0x00, 0x00, 0x00, 
	0x0f, 0x0f, 0x0f, 0x0f, 0x00, 0x00, 0x00, 0x00, 
	0x00, 0x00, 0x00, 0x00, 0x00, 0x00, 0x00, 0x00, 
	0x00, 0x00, 0x00, 0x00, 0x00, 0x00, 0x00, 0x00, 
	0x00, 0x00, 0x00, 0x00, 0x00, 0x00, 0x00, 0x00, 
	0x00, 0x00, 0x00, 0x00, 0x00, 0x00, 0x00, 0x00, 
	0x00, 0x00, 0x00, 0x00, 0x0f, 0x0f, 0x0f, 0x0f, 
	0x00, 0x00, 0x00, 0x00, 0x00, 0x00, 0x0f, 0x0f, 
	0x0f, 0x0f, 0x00, 0x00, 0x00, 0x00, 0x00, 0x00, 
	0x0f, 0x0f, 0x0f, 0x0f, 0x00, 0x00, 0x00, 0x00, 
	0x00, 0x00, 0x00, 0x00, 0x00, 0x00, 0x00, 0x00, 
	0x00, 0x00, 0x00, 0x00, 0x00, 0x00, 0x00, 0x00, 
	0x00, 0x00, 0x00, 0x00, 0x00, 0x00, 0x00, 0x00, 
	0x00, 0x00, 0x00, 0x00, 0x00, 0x00, 0x00, 0x00, 
	0x00, 0x00, 0x00, 0x00, 0x00, 0x0f, 0x0f, 0x00, 
	0x00, 0x00, 0x00, 0x00, 0x00, 0x00, 0x00, 0x0f, 
	0x0f, 0x00, 0x00, 0x00, 0x00, 0x00, 0x00, 0x00, 
	0x00, 0x0f, 0x0f, 0x00, 0x00, 0x00, 0x00, 0x00, 
	0x00, 0x00, 0x00, 0x00, 0x00, 0x00, 0x00, 0x00, 
	0x00, 0x00, 0x00, 0x00, 0x00, 0x00, 0x00, 0x00, 
	0x00, 0x00, 0x00, 0x00, 0x00, 0x00, 0x00, 0x00, 
	0x00, 0x00, 0x00, 0x00, 0x00, 0x00, 0x00, 0x00, 
	0x00, 0x00, 0x00, 0x00, 0x00, 0x00, 0x00, 0x00, 
	0x00, 0x00, 0x00, 0x00, 0x00, 0x00, 0x00, 0x00, 
	0x00, 0x00, 0x00, 0x00, 0x00, 0x00, 0x00, 0x00, 
	0x00, 0x00, 0x00, 0x00, 0x00, 0x00, 0x00, 0x00, 
	0x00, 0x00, 0x00, 0x00, 0x00, 0x00, 0x00, 0x00, 
	0x00, 0x00, 0x00, 0x00, 0x00, 0x00, 0x00, 0x00, 
	0x00, 0x00, 0x00, 0x00, 0x00, 0x00, 0x00, 0x00, 
	0x00, 0x00, 0x00, 0x00, 0x00, 0x00, 0x00, 0x00, 
	0x00, 0x00, 0x00, 0x00, 0x00, 0x00, 0x00, 0x00, 
	0x00, 0x00, 0x00, 0x00, 0x00, 0x00, 0x00, 0x00, 
	0x00, 0x00, 0x00, 0x00, 0x00, 0x00, 0x00, 0x00, 
	0x00, 0x00, 0x00, 0x00, 0x00, 0x00, 0x00, 0x00, 
	0x00, 0x00, 0x00, 0x00, 0x00, 0x00, 0x00, 0x00, 
	0x00, 0x00, 0x00, 0x00, 0x00, 0x00, 0x00, 0x00, 
	0x00, 0x00, 0x00, 0x00, 0x00, 0x00, 0x00, 0x00, 
	0x00, 0x00, 0x00, 0x00, 0x00, 0x00, 0x00, 0x00, 
	0x00, 0x00, 0x00, 0x00, 0x00, 0x00, 0x00, 0x00, 
	0x00, 0x00, 0x00, 0x00, 0x00, 0x00, 0x00, 0x00, 
	0x00, 0x00, 0x00, 0x00, 0x00, 0x00, 0x00, 0x00, 
	0x00, 0x00, 0x00, 0x00, 0x00, 0x00, 0x00, 0x00, 
	0x00, 0x00, 0x00, 0x00, 0x00, 0x00, 0x00, 0x00, 
	0x00, 0x00, 0x00, 0x00, 0x00, 0x00, 0x00, 0x00, 
	0x00, 0x00, 0x00, 0x00, 0x00, 0x00, 0x00, 0x00, 
	0x00, 0x00, 0x00, 0x00, 0x00, 0x00, 0x00, 0x00, 
	0x00, 0x00, 0x00, 0x00, 0x00, 0x00, 0x00, 0x00, 
	0x00, 0x00, 0x00, 0x00, 0x00, 0x00, 0x00, 0x00, 
	0x00, 0x00, 0x00, 0x00, 0x00, 0x00, 0x00, 0x00, 
	0x00, 0x00, 0x00, 0x00, 0x00, 0x00, 0x00, 0x00, 
	0x00, 0x00, 0x00, 0x00, 0x00, 0x00, 0x00, 0x00, 
	0x00, 0x00, 0x00, 0x00, 0x00, 0x00, 0x00, 0x00, 
	0x00, 0x00, 0x00, 0x00, 0x00, 0x00, 0x00, 0x00, 
	0x00, 0x00, 0x00, 0x00, 0x00, 0x00, 0x00, 0x00, 
	0x00, 0x00, 0x00, 0x00, 0x00, 0x00, 0x00, 0x00, 
	0x00, 0x00, 0x00, 0x00, 0x00, 0x00, 0x00, 0x00, 
	0x00, 0x00, 0x00, 0x00, 0x00, 0x00, 0x00, 0x00, 
	0x00, 0x00, 0x00, 0x00, 0x00, 0x00, 0x00, 0x00, 
	0x00, 0x00, 0x00, 0x00, 0x00, 0x00, 0x00, 0x00, 
	0x00, 0x00, 0x00, 0x00, 0x00, 0x00, 0x00, 0x00, 
	0x00, 0x00, 0x00, 0x00, 0x00, 0x00, 0x00, 0x00, 
	0x00, 0x00, 0x00, 0x00, 0x00, 0x00, 0x00, 0x00, 
	0x00, 0x00, 0x00, 0x00, 0x00, 0x00, 0x00, 0x00, 
	0x00, 0x00, 0x00, 0x00, 0x00, 0x00, 0x00, 0x00, 
	0x00, 0x00, 0x00, 0x00, 0x00, 0x00, 0x00, 0x00, 
	0x00, 0x00, 0x00, 0x00, 0x00, 0x00, 0x00, 0x00, 
	0x00, 0x00, 0x00, 0x00, 0x00, 0x00, 0x00, 0x00, 
	0x00, 0x00, 0x00, 0x00, 0x00, 0x00, 0x00, 0x00, 
	
};

Texture squishy_eye_dead_ia8[] = {
	0x00, 0x00, 0x00, 0x00, 0x00, 0x00, 0x00, 0x00, 
	0x00, 0x00, 0x00, 0x00, 0x00, 0x00, 0x00, 0x00, 
	0x00, 0x00, 0x00, 0x00, 0x00, 0x00, 0x00, 0x00, 
	0x00, 0x00, 0x00, 0x00, 0x00, 0x00, 0x00, 0x00, 
	0x00, 0x00, 0x00, 0x00, 0x00, 0x00, 0x00, 0x00, 
	0x00, 0x00, 0x00, 0x00, 0x00, 0x00, 0x00, 0x00, 
	0x00, 0x00, 0x00, 0x00, 0x00, 0x00, 0x00, 0x00, 
	0x00, 0x00, 0x00, 0x00, 0x00, 0x00, 0x00, 0x00, 
	0x00, 0x00, 0x00, 0x00, 0x00, 0x00, 0x00, 0x00, 
	0x00, 0x00, 0x00, 0x00, 0x00, 0x00, 0x00, 0x00, 
	0x00, 0x00, 0x00, 0x00, 0x00, 0x00, 0x00, 0x00, 
	0x00, 0x00, 0x00, 0x00, 0x00, 0x00, 0x00, 0x00, 
	0x00, 0x00, 0x00, 0x00, 0x00, 0x00, 0x00, 0x00, 
	0x00, 0x00, 0x00, 0x00, 0x00, 0x00, 0x00, 0x00, 
	0x00, 0x00, 0x00, 0x00, 0x00, 0x00, 0x00, 0x00, 
	0x00, 0x00, 0x00, 0x00, 0x00, 0x00, 0x00, 0x00, 
	0x00, 0x00, 0x00, 0x00, 0x00, 0x00, 0x00, 0x00, 
	0x00, 0x00, 0x00, 0x00, 0x00, 0x00, 0x00, 0x00, 
	0x00, 0x00, 0x00, 0x00, 0x00, 0x00, 0x00, 0x00, 
	0x00, 0x00, 0x00, 0x00, 0x00, 0x00, 0x00, 0x00, 
	0x00, 0x00, 0x00, 0x00, 0x00, 0x00, 0x00, 0x00, 
	0x00, 0x00, 0x00, 0x00, 0x00, 0x00, 0x00, 0x00, 
	0x00, 0x00, 0x00, 0x00, 0x00, 0x00, 0x00, 0x00, 
	0x00, 0x00, 0x00, 0x00, 0x00, 0x00, 0x00, 0x00, 
	0x00, 0x00, 0x00, 0x00, 0x00, 0x00, 0x00, 0x00, 
	0x00, 0x00, 0x00, 0x00, 0x00, 0x00, 0x00, 0x00, 
	0x00, 0x00, 0x00, 0x00, 0x00, 0x00, 0x00, 0x00, 
	0x00, 0x00, 0x00, 0x00, 0x00, 0x00, 0x00, 0x00, 
	0x00, 0x00, 0x00, 0x00, 0x00, 0x00, 0x00, 0x00, 
	0x00, 0x00, 0x00, 0x00, 0x00, 0x00, 0x00, 0x00, 
	0x00, 0x00, 0x00, 0x00, 0x00, 0x00, 0x00, 0x00, 
	0x00, 0x00, 0x00, 0x00, 0x00, 0x00, 0x00, 0x00, 
	0x00, 0x00, 0x00, 0x00, 0x00, 0x00, 0x00, 0x00, 
	0x00, 0x00, 0x00, 0x00, 0x00, 0x00, 0x00, 0x00, 
	0x00, 0x00, 0x00, 0x00, 0x00, 0x00, 0x00, 0x00, 
	0x00, 0x00, 0x00, 0x00, 0x00, 0x00, 0x00, 0x00, 
	0x00, 0x00, 0x00, 0x00, 0x00, 0x00, 0x00, 0x00, 
	0x00, 0x00, 0x00, 0x00, 0x00, 0x00, 0x00, 0x00, 
	0x00, 0x00, 0x00, 0x00, 0x00, 0x00, 0x00, 0x00, 
	0x00, 0x00, 0x00, 0x00, 0x00, 0x00, 0x00, 0x00, 
	0x00, 0x00, 0x00, 0x00, 0x00, 0x00, 0x00, 0x00, 
	0x00, 0x00, 0x00, 0x00, 0x00, 0x00, 0x00, 0x00, 
	0x00, 0x00, 0x00, 0x00, 0x00, 0x00, 0x00, 0x00, 
	0x00, 0x00, 0x00, 0x00, 0x00, 0x00, 0x00, 0x00, 
	0x00, 0x00, 0x00, 0x00, 0x00, 0x00, 0x00, 0x00, 
	0x00, 0x00, 0x00, 0x00, 0x00, 0x00, 0x00, 0x00, 
	0x00, 0x00, 0x00, 0x00, 0x00, 0x00, 0x00, 0x00, 
	0x00, 0x00, 0x00, 0x00, 0x00, 0x00, 0x00, 0x00, 
	0x00, 0x00, 0x00, 0x00, 0x00, 0x00, 0x00, 0x00, 
	0x00, 0x00, 0x00, 0x00, 0x00, 0xff, 0xff, 0x00, 
	0x00, 0x00, 0x00, 0x00, 0x00, 0x00, 0x00, 0x00, 
	0x00, 0x00, 0x00, 0x00, 0x00, 0x00, 0x00, 0x00, 
	0x00, 0x00, 0x00, 0x00, 0x00, 0x00, 0x00, 0x00, 
	0x00, 0x00, 0x00, 0x00, 0x00, 0x00, 0x00, 0x00, 
	0x00, 0x00, 0x00, 0x00, 0x00, 0x00, 0x00, 0x00, 
	0x00, 0x00, 0x00, 0x00, 0x00, 0x00, 0x00, 0x00, 
	0x00, 0x00, 0x00, 0x00, 0x00, 0x00, 0x00, 0x00, 
	0x00, 0x00, 0x00, 0x00, 0x00, 0xff, 0xff, 0xff, 
	0xff, 0x00, 0x00, 0x00, 0x00, 0x00, 0x00, 0x00, 
	0x00, 0x00, 0x00, 0x00, 0x00, 0x00, 0x00, 0x00, 
	0x00, 0x00, 0x00, 0x00, 0x00, 0x00, 0x00, 0x00, 
	0x00, 0x00, 0x00, 0x00, 0x00, 0x00, 0x00, 0x00, 
	0x00, 0x00, 0x00, 0x00, 0x00, 0x00, 0x00, 0x00, 
	0x00, 0x00, 0x00, 0x00, 0x00, 0x00, 0x00, 0x00, 
	0x00, 0x00, 0x00, 0x00, 0x00, 0x00, 0x00, 0x00, 
	0x00, 0x00, 0x00, 0x00, 0x00, 0x00, 0xff, 0xff, 
	0xff, 0xff, 0xff, 0x00, 0x00, 0x00, 0x00, 0x00, 
	0x00, 0x00, 0x00, 0x00, 0x00, 0x00, 0x00, 0x00, 
	0x00, 0x00, 0x00, 0x00, 0x00, 0x00, 0x00, 0x00, 
	0x00, 0x00, 0x00, 0x00, 0x00, 0x00, 0x00, 0x00, 
	0x00, 0x00, 0x00, 0x00, 0x00, 0x00, 0x00, 0x00, 
	0x00, 0x00, 0x00, 0x00, 0x00, 0x00, 0x00, 0x00, 
	0x00, 0x00, 0x00, 0x00, 0x00, 0x00, 0x00, 0x00, 
	0x00, 0x00, 0x00, 0x00, 0x00, 0x00, 0x00, 0xff, 
	0xff, 0xff, 0xff, 0xff, 0xff, 0x00, 0x00, 0x00, 
	0x00, 0x00, 0x00, 0x00, 0x00, 0x00, 0x00, 0x00, 
	0x00, 0x00, 0x00, 0x00, 0x00, 0x00, 0x00, 0x00, 
	0x00, 0x00, 0x00, 0x00, 0x00, 0x00, 0x00, 0x00, 
	0x00, 0x00, 0x00, 0x00, 0x00, 0x00, 0x00, 0x00, 
	0x00, 0x00, 0x00, 0x00, 0x00, 0x00, 0x00, 0x00, 
	0x00, 0x00, 0x00, 0x00, 0x00, 0x00, 0x00, 0x00, 
	0x00, 0x00, 0x00, 0x00, 0x00, 0x00, 0x00, 0x00, 
	0xff, 0xff, 0xff, 0xff, 0xff, 0xff, 0x00, 0x00, 
	0x00, 0x00, 0x00, 0x00, 0x00, 0x00, 0x00, 0x00, 
	0x00, 0xff, 0xff, 0xff, 0xff, 0xff, 0xff, 0xff, 
	0xff, 0xff, 0xff, 0xff, 0xff, 0xff, 0x00, 0x00, 
	0x00, 0x00, 0x00, 0x00, 0x00, 0x00, 0x00, 0x00, 
	0x00, 0x00, 0x00, 0x00, 0x00, 0x00, 0x00, 0x00, 
	0x00, 0x00, 0x00, 0x00, 0x00, 0x00, 0x00, 0x00, 
	0x00, 0x00, 0xff, 0x00, 0x00, 0x00, 0x00, 0x00, 
	0xff, 0xff, 0xff, 0xff, 0xff, 0xff, 0xff, 0xff, 
	0x00, 0x00, 0x00, 0x00, 0x00, 0x00, 0x00, 0xff, 
	0xff, 0xff, 0xff, 0xff, 0xff, 0xff, 0xff, 0xff, 
	0xff, 0xff, 0xff, 0xff, 0xff, 0xff, 0xff, 0xff, 
	0x00, 0x00, 0x00, 0x00, 0x00, 0x00, 0x00, 0x00, 
	0x00, 0x00, 0x00, 0x00, 0x00, 0x00, 0x00, 0x00, 
	0x00, 0x00, 0x00, 0x00, 0x00, 0x00, 0x00, 0x00, 
	0x00, 0x00, 0xff, 0xff, 0xff, 0xff, 0x00, 0x00, 
	0x00, 0xff, 0xff, 0xff, 0xff, 0xdf, 0xff, 0xff, 
	0xff, 0xff, 0x00, 0x00, 0xff, 0xff, 0xff, 0xff, 
	0xff, 0xff, 0xff, 0xff, 0xff, 0xff, 0xbf, 0xaf, 
	0xaf, 0xaf, 0xaf, 0xbf, 0xff, 0xff, 0xff, 0xff, 
	0xff, 0xff, 0x00, 0x00, 0x00, 0x00, 0x00, 0x00, 
	0x00, 0x00, 0x00, 0x00, 0x00, 0x00, 0x00, 0x00, 
	0x00, 0x00, 0x00, 0x00, 0x00, 0x00, 0x00, 0x00, 
	0x00, 0x00, 0xff, 0xff, 0xff, 0xff, 0xff, 0xff, 
	0x00, 0xff, 0xff, 0xff, 0xff, 0x2f, 0xcf, 0xff, 
	0xff, 0xff, 0xff, 0xff, 0xff, 0xff, 0xff, 0xff, 
	0xff, 0xff, 0xef, 0x5f, 0x0f, 0x0f, 0x0f, 0x0f, 
	0x0f, 0x0f, 0x0f, 0x0f, 0x0f, 0xbf, 0xff, 0xff, 
	0xff, 0xff, 0xff, 0x00, 0x00, 0x00, 0x00, 0x00, 
	0x00, 0x00, 0x00, 0x00, 0x00, 0x00, 0x00, 0x00, 
	0x00, 0x00, 0x00, 0x00, 0x00, 0x00, 0x00, 0x00, 
	0x00, 0x00, 0xff, 0xff, 0xff, 0xff, 0xff, 0xff, 
	0xff, 0xff, 0xff, 0xff, 0xff, 0xdf, 0x0f, 0x5f, 
	0xff, 0xff, 0xff, 0xff, 0xff, 0xff, 0xff, 0xff, 
	0xef, 0x4f, 0x0f, 0x0f, 0x0f, 0x0f, 0x0f, 0x0f, 
	0x0f, 0x0f, 0x0f, 0x0f, 0x0f, 0x0f, 0x0f, 0xef, 
	0xff, 0xff, 0xff, 0xff, 0x00, 0x00, 0x00, 0x00, 
	0x00, 0x00, 0x00, 0x00, 0x00, 0x00, 0x00, 0x00, 
	0x00, 0x00, 0x00, 0x00, 0x00, 0x00, 0x00, 0x00, 
	0x00, 0x00, 0x00, 0xff, 0xff, 0x5f, 0xef, 0xff, 
	0xff, 0xff, 0xff, 0xff, 0xff, 0xff, 0x4f, 0x0f, 
	0x0f, 0xbf, 0xff, 0xff, 0xff, 0xff, 0xff, 0x3f, 
	0x0f, 0x0f, 0x0f, 0x0f, 0x0f, 0x0f, 0x0f, 0x0f, 
	0x0f, 0x0f, 0x0f, 0x0f, 0x0f, 0x0f, 0x0f, 0x0f, 
	0xef, 0xff, 0xff, 0xff, 0xff, 0x00, 0x00, 0x00, 
	0x00, 0x00, 0x00, 0x00, 0x00, 0x00, 0x00, 0x00, 
	0x00, 0x00, 0x00, 0x00, 0x00, 0x00, 0x00, 0x00, 
	0x00, 0x00, 0x00, 0xff, 0xff, 0x8f, 0x0f, 0x7f, 
	0xef, 0xff, 0xff, 0xff, 0xff, 0xff, 0xef, 0x0f, 
	0x0f, 0x0f, 0x0f, 0xcf, 0xff, 0xdf, 0x0f, 0x0f, 
	0x0f, 0x0f, 0x0f, 0x0f, 0x0f, 0x0f, 0x0f, 0x0f, 
	0x0f, 0x0f, 0x0f, 0x0f, 0x0f, 0x0f, 0x0f, 0x0f, 
	0x0f, 0xef, 0xff, 0xff, 0xff, 0xfc, 0x00, 0x00, 
	0x00, 0x00, 0x00, 0x00, 0x00, 0x00, 0x00, 0x00, 
	0x00, 0x00, 0x00, 0x00, 0x00, 0x00, 0x00, 0x00, 
	0x00, 0x00, 0x00, 0xff, 0xff, 0xcf, 0x0f, 0x0f, 
	0x0f, 0x6f, 0xef, 0xff, 0xff, 0xff, 0xff, 0x0f, 
	0x0f, 0x0f, 0x0f, 0x0f, 0x2f, 0x0f, 0x0f, 0x0f, 
	0x0f, 0x0f, 0x0f, 0x0f, 0x0f, 0x0f, 0x0f, 0x0f, 
	0x0f, 0x0f, 0x0f, 0x0f, 0x0f, 0x0f, 0x0f, 0x0f, 
	0x0f, 0x0f, 0xff, 0xff, 0xff, 0xff, 0x00, 0x00, 
	0x00, 0x00, 0x00, 0x00, 0x00, 0x00, 0x00, 0x00, 
	0x00, 0x00, 0x00, 0x00, 0x00, 0x00, 0x00, 0x00, 
	0x00, 0x00, 0x00, 0xff, 0xff, 0xff, 0x0f, 0x0f, 
	0x0f, 0x0f, 0x0f, 0x0f, 0x5f, 0xdf, 0xef, 0x8f, 
	0x0f, 0x0f, 0x0f, 0x0f, 0x0f, 0x0f, 0x0f, 0x0f, 
	0x0f, 0x0f, 0x0f, 0x0f, 0x0f, 0x0f, 0x0f, 0x0f, 
	0x0f, 0x0f, 0x0f, 0x0f, 0x0f, 0x0f, 0x0f, 0x0f, 
	0x0f, 0x0f, 0x7f, 0xff, 0xff, 0xff, 0x00, 0x00, 
	0x00, 0x00, 0x00, 0x00, 0x00, 0x00, 0x00, 0x00, 
	0x00, 0x00, 0x00, 0x00, 0x00, 0x00, 0x00, 0x00, 
	0x00, 0x00, 0x00, 0x00, 0xff, 0xff, 0x0f, 0x0f, 
	0x0f, 0x0f, 0x0f, 0x0f, 0x0f, 0x0f, 0x0f, 0x0f, 
	0x0f, 0x0f, 0x0f, 0x0f, 0x0f, 0x0f, 0x0f, 0x0f, 
	0x0f, 0x0f, 0x0f, 0x0f, 0x0f, 0x0f, 0x0f, 0x0f, 
	0x0f, 0x0f, 0x0f, 0x0f, 0x0f, 0x0f, 0x0f, 0x0f, 
	0x0f, 0x0f, 0x0f, 0xff, 0xff, 0xff, 0x00, 0x00, 
	0x00, 0x00, 0x00, 0x00, 0x00, 0x00, 0x00, 0x00, 
	0x00, 0x00, 0x00, 0x00, 0x00, 0x00, 0x00, 0x00, 
	0x00, 0x00, 0x00, 0x00, 0xff, 0xff, 0x4f, 0x0f, 
	0x0f, 0x0f, 0x0f, 0x0f, 0x0f, 0x0f, 0x0f, 0x0f, 
	0x0f, 0x0f, 0x0f, 0x0f, 0x0f, 0x0f, 0x0f, 0x0f, 
	0x0f, 0x0f, 0x0f, 0x0f, 0x0f, 0x0f, 0x0f, 0x0f, 
	0x0f, 0x0f, 0x0f, 0x0f, 0x0f, 0x0f, 0x0f, 0x0f, 
	0x0f, 0x0f, 0x0f, 0xdf, 0xff, 0xff, 0x00, 0x00, 
	0x00, 0x00, 0x00, 0x00, 0x00, 0x00, 0x00, 0x00, 
	0x00, 0x00, 0x00, 0x00, 0x00, 0x00, 0x00, 0x00, 
	0x00, 0x00, 0x00, 0x00, 0xff, 0xff, 0xaf, 0x0f, 
	0x0f, 0x0f, 0x0f, 0x0f, 0x0f, 0x0f, 0x0f, 0x0f, 
	0x0f, 0x0f, 0x0f, 0x0f, 0x0f, 0x0f, 0x0f, 0x0f, 
	0x0f, 0x0f, 0x0f, 0x0f, 0x0f, 0x0f, 0x0f, 0x0f, 
	0x0f, 0x0f, 0x0f, 0x0f, 0x0f, 0x0f, 0x0f, 0x0f, 
	0x0f, 0x0f, 0x0f, 0xdf, 0xff, 0xff, 0x00, 0x00, 
	0x00, 0x00, 0x00, 0x00, 0x00, 0x00, 0x00, 0x00, 
	0x00, 0x00, 0x00, 0x00, 0x00, 0x00, 0x00, 0x00, 
	0x00, 0x00, 0x00, 0x00, 0xff, 0xff, 0xcf, 0x0f, 
	0x0f, 0x0f, 0x0f, 0x0f, 0x1f, 0x7f, 0xdf, 0xff, 
	0x0f, 0x0f, 0x0f, 0x0f, 0x0f, 0x0f, 0x0f, 0x0f, 
	0x0f, 0x0f, 0x0f, 0x0f, 0x0f, 0x0f, 0x0f, 0x0f, 
	0x0f, 0x0f, 0x0f, 0x0f, 0x0f, 0x0f, 0x0f, 0x0f, 
	0x0f, 0x0f, 0x0f, 0xdf, 0xff, 0xff, 0x00, 0x00, 
	0x00, 0x00, 0x00, 0x00, 0x00, 0x00, 0x00, 0x00, 
	0x00, 0x00, 0x00, 0x00, 0x00, 0x00, 0x00, 0x00, 
	0x00, 0x00, 0x00, 0x00, 0xff, 0xff, 0xff, 0x1f, 
	0x7f, 0xef, 0xff, 0xff, 0xff, 0xff, 0xff, 0x9f, 
	0x0f, 0x0f, 0x0f, 0x0f, 0x0f, 0x0f, 0x0f, 0x0f, 
	0x0f, 0x0f, 0x0f, 0x0f, 0x0f, 0x0f, 0x0f, 0x0f, 
	0x0f, 0x0f, 0x0f, 0x0f, 0x0f, 0x0f, 0x0f, 0x0f, 
	0x0f, 0x0f, 0x0f, 0xff, 0xff, 0xff, 0x00, 0x00, 
	0x00, 0x00, 0x00, 0x00, 0x00, 0x00, 0x00, 0x00, 
	0x00, 0x00, 0x00, 0x00, 0x00, 0x00, 0x00, 0x00, 
	0x00, 0x00, 0x00, 0x00, 0x00, 0xff, 0xff, 0xff, 
	0xff, 0xff, 0xff, 0xff, 0xff, 0xff, 0xff, 0x0f, 
	0x0f, 0x0f, 0x0f, 0x6f, 0x5f, 0x0f, 0x0f, 0x0f, 
	0x0f, 0x0f, 0x0f, 0x0f, 0x0f, 0x0f, 0x0f, 0x0f, 
	0x0f, 0x0f, 0x0f, 0x0f, 0x0f, 0x0f, 0x0f, 0x0f, 
	0x0f, 0x0f, 0x7f, 0xff, 0xff, 0xff, 0x00, 0x00, 
	0x00, 0x00, 0x00, 0x00, 0x00, 0x00, 0x00, 0x00, 
	0x00, 0x00, 0x00, 0x00, 0x00, 0x00, 0x00, 0x00, 
	0x00, 0x00, 0x00, 0x00, 0x00, 0xff, 0xff, 0xff, 
	0xff, 0xff, 0xff, 0xff, 0xff, 0xff, 0x7f, 0x0f, 
	0x0f, 0x0f, 0x0f, 0xff, 0xff, 0x3f, 0x0f, 0x0f, 
	0x0f, 0x0f, 0x0f, 0x0f, 0x0f, 0x0f, 0x0f, 0x0f, 
	0x0f, 0x0f, 0x0f, 0x0f, 0x0f, 0x0f, 0x0f, 0x0f, 
	0x0f, 0x5f, 0xff, 0xff, 0xff, 0xff, 0x00, 0x00, 
	0x00, 0x00, 0x00, 0x00, 0x00, 0x00, 0x00, 0x00, 
	0x00, 0x00, 0x00, 0x00, 0x00, 0x00, 0x00, 0x00, 
	0x00, 0x00, 0x00, 0x00, 0x00, 0xff, 0xff, 0x00, 
	0x00, 0x00, 0xff, 0xff, 0xff, 0xff, 0x0f, 0x0f, 
	0x0f, 0x0f, 0xdf, 0xff, 0xff, 0xff, 0x9f, 0x0f, 
	0x0f, 0x0f, 0x0f, 0x0f, 0x0f, 0x0f, 0x0f, 0x0f, 
	0x0f, 0x0f, 0x0f, 0x0f, 0x0f, 0x0f, 0x0f, 0x0f, 
	0x5f, 0xff, 0xff, 0xff, 0xff, 0x00, 0x00, 0x00, 
	0x00, 0x00, 0x00, 0x00, 0x00, 0x00, 0x00, 0x00, 
	0x00, 0x00, 0x00, 0x00, 0x00, 0x00, 0x00, 0x00, 
	0x00, 0x00, 0x00, 0x00, 0x00, 0x00, 0x00, 0x00, 
	0x00, 0x00, 0xff, 0xff, 0xff, 0x3f, 0x0f, 0x0f, 
	0x0f, 0x2f, 0xff, 0xff, 0xff, 0xff, 0xff, 0xff, 
	0x1f, 0x0f, 0x0f, 0x0f, 0x0f, 0x0f, 0x0f, 0x0f, 
	0x0f, 0x0f, 0x0f, 0x0f, 0x0f, 0x0f, 0x0f, 0x5f, 
	0xff, 0xff, 0xff, 0xff, 0x00, 0x00, 0x00, 0x00, 
	0x00, 0x00, 0x00, 0x00, 0x00, 0x00, 0x00, 0x00, 
	0x00, 0x00, 0x00, 0x00, 0x00, 0x00, 0x00, 0x00, 
	0x00, 0x00, 0x00, 0x00, 0x00, 0x00, 0x00, 0x00, 
	0x00, 0xff, 0xff, 0xff, 0xaf, 0x0f, 0x0f, 0x0f, 
	0x0f, 0xcf, 0xff, 0xff, 0xff, 0xff, 0xff, 0xff, 
	0xff, 0xcf, 0x1f, 0x0f, 0x0f, 0x0f, 0x0f, 0x0f, 
	0x0f, 0x0f, 0x0f, 0x0f, 0x0f, 0x0f, 0x8f, 0xff, 
	0xff, 0xff, 0xff, 0x00, 0x00, 0x00, 0x00, 0x00, 
	0x00, 0x00, 0x00, 0x00, 0x00, 0x00, 0x00, 0x00, 
	0x00, 0x00, 0x00, 0x00, 0x00, 0x00, 0x00, 0x00, 
	0x00, 0x00, 0x00, 0x00, 0x00, 0x00, 0x00, 0x00, 
	0xff, 0xff, 0xff, 0xbf, 0x0f, 0x0f, 0x0f, 0x0f, 
	0x0f, 0xcf, 0xff, 0xff, 0x00, 0xff, 0xff, 0xff, 
	0xff, 0xff, 0xff, 0xcf, 0xcf, 0x2f, 0x0f, 0x0f, 
	0x0f, 0x0f, 0x0f, 0x1f, 0xbf, 0xff, 0xff, 0xff, 
	0xff, 0xff, 0x00, 0x00, 0x00, 0x00, 0x00, 0x00, 
	0x00, 0x00, 0x00, 0x00, 0x00, 0x00, 0x00, 0x00, 
	0x00, 0x00, 0x00, 0x00, 0x00, 0x00, 0x00, 0x00, 
	0x00, 0x00, 0x00, 0x00, 0x00, 0x00, 0x00, 0x00, 
	0xff, 0xff, 0xff, 0xff, 0x3f, 0x0f, 0x0f, 0x0f, 
	0x0f, 0xff, 0xff, 0xff, 0x00, 0x00, 0x00, 0xff, 
	0xff, 0xff, 0xff, 0xff, 0xff, 0xff, 0xff, 0xef, 
	0xff, 0xff, 0xff, 0xff, 0xff, 0xff, 0xff, 0xff, 
	0xff, 0x00, 0x00, 0x00, 0x00, 0x00, 0x00, 0x00, 
	0x00, 0x00, 0x00, 0x00, 0x00, 0x00, 0x00, 0x00, 
	0x00, 0x00, 0x00, 0x00, 0x00, 0x00, 0x00, 0x00, 
	0x00, 0x00, 0x00, 0x00, 0x00, 0x00, 0x00, 0x00, 
	0xff, 0xff, 0xff, 0xff, 0xff, 0xdf, 0x4f, 0x0f, 
	0x0f, 0xff, 0xff, 0xff, 0x00, 0x00, 0x00, 0x00, 
	0x00, 0xff, 0xff, 0xff, 0xff, 0xff, 0xff, 0xff, 
	0xff, 0xff, 0xff, 0xff, 0xff, 0xff, 0xff, 0xff, 
	0x00, 0x00, 0x00, 0x00, 0x00, 0x00, 0x00, 0x00, 
	0x00, 0x00, 0x00, 0x00, 0x00, 0x00, 0x00, 0x00, 
	0x00, 0x00, 0x00, 0x00, 0x00, 0x00, 0x00, 0x00, 
	0x00, 0x00, 0x00, 0x00, 0x00, 0x00, 0x00, 0x00, 
	0x00, 0x00, 0xff, 0xff, 0xff, 0xff, 0xff, 0xdf, 
	0x3f, 0xff, 0xff, 0x00, 0x00, 0x00, 0x00, 0x00, 
	0x00, 0x00, 0x00, 0x00, 0xff, 0xff, 0xff, 0xff, 
	0xff, 0xff, 0xff, 0xff, 0xff, 0xff, 0x00, 0x00, 
	0x00, 0x00, 0x00, 0x00, 0x00, 0x00, 0x00, 0x00, 
	0x00, 0x00, 0x00, 0x00, 0x00, 0x00, 0x00, 0x00, 
	0x00, 0x00, 0x00, 0x00, 0x00, 0x00, 0x00, 0x00, 
	0x00, 0x00, 0x00, 0x00, 0x00, 0x00, 0x00, 0x00, 
	0x00, 0x00, 0x00, 0x00, 0xff, 0xff, 0xff, 0xff, 
	0xff, 0xff, 0xff, 0x00, 0x00, 0x00, 0x00, 0x00, 
	0x00, 0x00, 0x00, 0x00, 0x00, 0x00, 0x00, 0x00, 
	0x00, 0x00, 0x00, 0x00, 0x00, 0x00, 0x00, 0x00, 
	0x00, 0x00, 0x00, 0x00, 0x00, 0x00, 0x00, 0x00, 
	0x00, 0x00, 0x00, 0x00, 0x00, 0x00, 0x00, 0x00, 
	0x00, 0x00, 0x00, 0x00, 0x00, 0x00, 0x00, 0x00, 
	0x00, 0x00, 0x00, 0x00, 0x00, 0x00, 0x00, 0x00, 
	0x00, 0x00, 0x00, 0x00, 0x00, 0x00, 0xff, 0xff, 
	0xff, 0xff, 0xff, 0x00, 0x00, 0x00, 0x00, 0x00, 
	0x00, 0x00, 0x00, 0x00, 0x00, 0x00, 0x00, 0x00, 
	0x00, 0x00, 0x00, 0x00, 0x00, 0x00, 0x00, 0x00, 
	0x00, 0x00, 0x00, 0x00, 0x00, 0x00, 0x00, 0x00, 
	0x00, 0x00, 0x00, 0x00, 0x00, 0x00, 0x00, 0x00, 
	0x00, 0x00, 0x00, 0x00, 0x00, 0x00, 0x00, 0x00, 
	0x00, 0x00, 0x00, 0x00, 0x00, 0x00, 0x00, 0x00, 
	0x00, 0x00, 0x00, 0x00, 0x00, 0x00, 0x00, 0x00, 
	0xff, 0xff, 0x00, 0x00, 0x00, 0x00, 0x00, 0x00, 
	0x00, 0x00, 0x00, 0x00, 0x00, 0x00, 0x00, 0x00, 
	0x00, 0x00, 0x00, 0x00, 0x00, 0x00, 0x00, 0x00, 
	0x00, 0x00, 0x00, 0x00, 0x00, 0x00, 0x00, 0x00, 
	0x00, 0x00, 0x00, 0x00, 0x00, 0x00, 0x00, 0x00, 
	0x00, 0x00, 0x00, 0x00, 0x00, 0x00, 0x00, 0x00, 
	0x00, 0x00, 0x00, 0x00, 0x00, 0x00, 0x00, 0x00, 
	0x00, 0x00, 0x00, 0x00, 0x00, 0x00, 0x00, 0x00, 
	0x00, 0x00, 0x00, 0x00, 0x00, 0x00, 0x00, 0x00, 
	0x00, 0x00, 0x00, 0x00, 0x00, 0x00, 0x00, 0x00, 
	0x00, 0x00, 0x00, 0x00, 0x00, 0x00, 0x00, 0x00, 
	0x00, 0x00, 0x00, 0x00, 0x00, 0x00, 0x00, 0x00, 
	0x00, 0x00, 0x00, 0x00, 0x00, 0x00, 0x00, 0x00, 
	0x00, 0x00, 0x00, 0x00, 0x00, 0x00, 0x00, 0x00, 
	0x00, 0x00, 0x00, 0x00, 0x00, 0x00, 0x00, 0x00, 
	0x00, 0x00, 0x00, 0x00, 0x00, 0x00, 0x00, 0x00, 
	0x00, 0x00, 0x00, 0x00, 0x00, 0x00, 0x00, 0x00, 
	0x00, 0x00, 0x00, 0x00, 0x00, 0x00, 0x00, 0x00, 
	0x00, 0x00, 0x00, 0x00, 0x00, 0x00, 0x00, 0x00, 
	0x00, 0x00, 0x00, 0x00, 0x00, 0x00, 0x00, 0x00, 
	0x00, 0x00, 0x00, 0x00, 0x00, 0x00, 0x00, 0x00, 
	0x00, 0x00, 0x00, 0x00, 0x00, 0x00, 0x00, 0x00, 
	0x00, 0x00, 0x00, 0x00, 0x00, 0x00, 0x00, 0x00, 
	0x00, 0x00, 0x00, 0x00, 0x00, 0x00, 0x00, 0x00, 
	0x00, 0x00, 0x00, 0x00, 0x00, 0x00, 0x00, 0x00, 
	0x00, 0x00, 0x00, 0x00, 0x00, 0x00, 0x00, 0x00, 
	0x00, 0x00, 0x00, 0x00, 0x00, 0x00, 0x00, 0x00, 
	0x00, 0x00, 0x00, 0x00, 0x00, 0x00, 0x00, 0x00, 
	0x00, 0x00, 0x00, 0x00, 0x00, 0x00, 0x00, 0x00, 
	0x00, 0x00, 0x00, 0x00, 0x00, 0x00, 0x00, 0x00, 
	0x00, 0x00, 0x00, 0x00, 0x00, 0x00, 0x00, 0x00, 
	0x00, 0x00, 0x00, 0x00, 0x00, 0x00, 0x00, 0x00, 
	0x00, 0x00, 0x00, 0x00, 0x00, 0x00, 0x00, 0x00, 
	0x00, 0x00, 0x00, 0x00, 0x00, 0x00, 0x00, 0x00, 
	0x00, 0x00, 0x00, 0x00, 0x00, 0x00, 0x00, 0x00, 
	0x00, 0x00, 0x00, 0x00, 0x00, 0x00, 0x00, 0x00, 
	0x00, 0x00, 0x00, 0x00, 0x00, 0x00, 0x00, 0x00, 
	0x00, 0x00, 0x00, 0x00, 0x00, 0x00, 0x00, 0x00, 
	0x00, 0x00, 0x00, 0x00, 0x00, 0x00, 0x00, 0x00, 
	0x00, 0x00, 0x00, 0x00, 0x00, 0x00, 0x00, 0x00, 
	0x00, 0x00, 0x00, 0x00, 0x00, 0x00, 0x00, 0x00, 
	0x00, 0x00, 0x00, 0x00, 0x00, 0x00, 0x00, 0x00, 
	0x00, 0x00, 0x00, 0x00, 0x00, 0x00, 0x00, 0x00, 
	0x00, 0x00, 0x00, 0x00, 0x00, 0x00, 0x00, 0x00, 
	0x00, 0x00, 0x00, 0x00, 0x00, 0x00, 0x00, 0x00, 
	0x00, 0x00, 0x00, 0x00, 0x00, 0x00, 0x00, 0x00, 
	0x00, 0x00, 0x00, 0x00, 0x00, 0x00, 0x00, 0x00, 
	0x00, 0x00, 0x00, 0x00, 0x00, 0x00, 0x00, 0x00, 
	0x00, 0x00, 0x00, 0x00, 0x00, 0x00, 0x00, 0x00, 
	0x00, 0x00, 0x00, 0x00, 0x00, 0x00, 0x00, 0x00, 
	0x00, 0x00, 0x00, 0x00, 0x00, 0x00, 0x00, 0x00, 
	0x00, 0x00, 0x00, 0x00, 0x00, 0x00, 0x00, 0x00, 
	0x00, 0x00, 0x00, 0x00, 0x00, 0x00, 0x00, 0x00, 
	0x00, 0x00, 0x00, 0x00, 0x00, 0x00, 0x00, 0x00, 
	0x00, 0x00, 0x00, 0x00, 0x00, 0x00, 0x00, 0x00, 
	0x00, 0x00, 0x00, 0x00, 0x00, 0x00, 0x00, 0x00, 
	0x00, 0x00, 0x00, 0x00, 0x00, 0x00, 0x00, 0x00, 
	0x00, 0x00, 0x00, 0x00, 0x00, 0x00, 0x00, 0x00, 
	0x00, 0x00, 0x00, 0x00, 0x00, 0x00, 0x00, 0x00, 
	0x00, 0x00, 0x00, 0x00, 0x00, 0x00, 0x00, 0x00, 
	0x00, 0x00, 0x00, 0x00, 0x00, 0x00, 0x00, 0x00, 
	0x00, 0x00, 0x00, 0x00, 0x00, 0x00, 0x00, 0x00, 
	0x00, 0x00, 0x00, 0x00, 0x00, 0x00, 0x00, 0x00, 
	0x00, 0x00, 0x00, 0x00, 0x00, 0x00, 0x00, 0x00, 
	0x00, 0x00, 0x00, 0x00, 0x00, 0x00, 0x00, 0x00, 
	0x00, 0x00, 0x00, 0x00, 0x00, 0x00, 0x00, 0x00, 
	0x00, 0x00, 0x00, 0x00, 0x00, 0x00, 0x00, 0x00, 
	0x00, 0x00, 0x00, 0x00, 0x00, 0x00, 0x00, 0x00, 
	0x00, 0x00, 0x00, 0x00, 0x00, 0x00, 0x00, 0x00, 
	0x00, 0x00, 0x00, 0x00, 0x00, 0x00, 0x00, 0x00, 
	0x00, 0x00, 0x00, 0x00, 0x00, 0x00, 0x00, 0x00, 
	0x00, 0x00, 0x00, 0x00, 0x00, 0x00, 0x00, 0x00, 
	0x00, 0x00, 0x00, 0x00, 0x00, 0x00, 0x00, 0x00, 
	0x00, 0x00, 0x00, 0x00, 0x00, 0x00, 0x00, 0x00, 
	0x00, 0x00, 0x00, 0x00, 0x00, 0x00, 0x00, 0x00, 
	0x00, 0x00, 0x00, 0x00, 0x00, 0x00, 0x00, 0x00, 
	0x00, 0x00, 0x00, 0x00, 0x00, 0x00, 0x00, 0x00, 
	0x00, 0x00, 0x00, 0x00, 0x00, 0x00, 0x00, 0x00, 
	0x00, 0x00, 0x00, 0x00, 0x00, 0x00, 0x00, 0x00, 
	0x00, 0x00, 0x00, 0x00, 0x00, 0x00, 0x00, 0x00, 
	0x00, 0x00, 0x00, 0x00, 0x00, 0x00, 0x00, 0x00, 
	0x00, 0x00, 0x00, 0x00, 0x00, 0x00, 0x00, 0x00, 
	0x00, 0x00, 0x00, 0x00, 0x00, 0x00, 0x00, 0x00, 
	0x00, 0x00, 0x00, 0x00, 0x00, 0x00, 0x00, 0x00, 
	0x00, 0x00, 0x00, 0x00, 0x00, 0x00, 0x00, 0x00, 
	0x00, 0x00, 0x00, 0x00, 0x00, 0x00, 0x00, 0x00, 
	0x00, 0x00, 0x00, 0x00, 0x00, 0x00, 0x00, 0x00, 
	0x00, 0x00, 0x00, 0x00, 0x00, 0x00, 0x00, 0x00, 
	0x00, 0x00, 0x00, 0x00, 0x00, 0x00, 0x00, 0x00, 
	0x00, 0x00, 0x00, 0x00, 0x00, 0x00, 0x00, 0x00, 
	0x00, 0x00, 0x00, 0x00, 0x00, 0x00, 0x00, 0x00, 
	0x00, 0x00, 0x00, 0x00, 0x00, 0x00, 0x00, 0x00, 
	0x00, 0x00, 0x00, 0x00, 0x00, 0x00, 0x00, 0x00, 
	0x00, 0x00, 0x00, 0x00, 0x00, 0x00, 0x00, 0x00, 
	0x00, 0x00, 0x00, 0x00, 0x00, 0x00, 0x00, 0x00, 
	0x00, 0x00, 0x00, 0x00, 0x00, 0x0f, 0x0f, 0x00, 
	0x00, 0x00, 0x00, 0x00, 0x00, 0x00, 0x00, 0x0f, 
	0x0f, 0x00, 0x00, 0x00, 0x00, 0x00, 0x00, 0x00, 
	0x00, 0x0f, 0x0f, 0x00, 0x00, 0x00, 0x00, 0x00, 
	0x00, 0x00, 0x00, 0x00, 0x00, 0x00, 0x00, 0x00, 
	0x00, 0x00, 0x00, 0x00, 0x00, 0x00, 0x00, 0x00, 
	0x00, 0x00, 0x00, 0x00, 0x00, 0x00, 0x00, 0x00, 
	0x00, 0x00, 0x00, 0x00, 0x00, 0x00, 0x00, 0x00, 
	0x00, 0x00, 0x00, 0x00, 0x0f, 0x0f, 0x0f, 0x0f, 
	0x00, 0x00, 0x00, 0x00, 0x00, 0x00, 0x0f, 0x0f, 
	0x0f, 0x0f, 0x00, 0x00, 0x00, 0x00, 0x00, 0x00, 
	0x0f, 0x0f, 0x0f, 0x0f, 0x00, 0x00, 0x00, 0x00, 
	0x00, 0x00, 0x00, 0x00, 0x00, 0x00, 0x00, 0x00, 
	0x00, 0x00, 0x00, 0x00, 0x00, 0x00, 0x00, 0x00, 
	0x00, 0x00, 0x00, 0x00, 0x00, 0x00, 0x00, 0x00, 
	0x00, 0x00, 0x00, 0x00, 0x00, 0x00, 0x00, 0x00, 
	0x00, 0x00, 0x00, 0x00, 0x0f, 0x0f, 0x0f, 0x0f, 
	0x00, 0x00, 0x00, 0x00, 0x00, 0x00, 0x0f, 0x0f, 
	0x0f, 0x0f, 0x00, 0x00, 0x00, 0x00, 0x00, 0x00, 
	0x0f, 0x0f, 0x0f, 0x0f, 0x00, 0x00, 0x00, 0x00, 
	0x00, 0x00, 0x00, 0x00, 0x00, 0x00, 0x00, 0x00, 
	0x00, 0x00, 0x00, 0x00, 0x00, 0x00, 0x00, 0x00, 
	0x00, 0x00, 0x00, 0x00, 0x00, 0x00, 0x00, 0x00, 
	0x00, 0x00, 0x00, 0x00, 0x00, 0x00, 0x00, 0x00, 
	0x00, 0x00, 0x00, 0x00, 0x0f, 0x0f, 0x0f, 0x0f, 
	0x00, 0x00, 0x00, 0x00, 0x00, 0x00, 0x0f, 0x0f, 
	0x0f, 0x0f, 0x00, 0x00, 0x00, 0x00, 0x00, 0x00, 
	0x0f, 0x0f, 0x0f, 0x0f, 0x00, 0x00, 0x00, 0x00, 
	0x00, 0x00, 0x00, 0x00, 0x00, 0x00, 0x00, 0x00, 
	0x00, 0x00, 0x00, 0x00, 0x00, 0x00, 0x00, 0x00, 
	0x00, 0x00, 0x00, 0x00, 0x00, 0x00, 0x00, 0x00, 
	0x00, 0x00, 0x00, 0x00, 0x00, 0x00, 0x00, 0x00, 
	0x00, 0x00, 0x00, 0x00, 0x0f, 0x0f, 0x0f, 0x0f, 
	0x00, 0x00, 0x00, 0x00, 0x00, 0x00, 0x0f, 0x0f, 
	0x0f, 0x0f, 0x00, 0x00, 0x00, 0x00, 0x00, 0x00, 
	0x0f, 0x0f, 0x0f, 0x0f, 0x00, 0x00, 0x00, 0x00, 
	0x00, 0x00, 0x00, 0x00, 0x00, 0x00, 0x00, 0x00, 
	0x00, 0x00, 0x00, 0x00, 0x00, 0x00, 0x00, 0x00, 
	0x00, 0x00, 0x00, 0x00, 0x00, 0x00, 0x00, 0x00, 
	0x00, 0x00, 0x00, 0x00, 0x00, 0x00, 0x00, 0x00, 
	0x00, 0x00, 0x00, 0x00, 0x0f, 0x0f, 0x0f, 0x0f, 
	0x00, 0x00, 0x00, 0x00, 0x00, 0x00, 0x0f, 0x0f, 
	0x0f, 0x0f, 0x00, 0x00, 0x00, 0x00, 0x00, 0x00, 
	0x0f, 0x0f, 0x0f, 0x0f, 0x00, 0x00, 0x00, 0x00, 
	0x00, 0x00, 0x00, 0x00, 0x00, 0x00, 0x00, 0x00, 
	0x00, 0x00, 0x00, 0x00, 0x00, 0x00, 0x00, 0x00, 
	0x00, 0x00, 0x00, 0x00, 0x00, 0x00, 0x00, 0x00, 
	0x00, 0x00, 0x00, 0x00, 0x00, 0x00, 0x00, 0x00, 
	0x00, 0x00, 0x00, 0x00, 0x0f, 0x0f, 0x0f, 0x0f, 
	0x00, 0x00, 0x00, 0x00, 0x00, 0x00, 0x0f, 0x0f, 
	0x0f, 0x0f, 0x00, 0x00, 0x00, 0x00, 0x00, 0x00, 
	0x0f, 0x0f, 0x0f, 0x0f, 0x00, 0x00, 0x00, 0x00, 
	0x00, 0x00, 0x00, 0x00, 0x00, 0x00, 0x00, 0x00, 
	0x00, 0x00, 0x00, 0x00, 0x00, 0x00, 0x00, 0x00, 
	0x00, 0x00, 0x00, 0x00, 0x00, 0x00, 0x00, 0x00, 
	0x00, 0x00, 0x00, 0x00, 0x00, 0x00, 0x00, 0x00, 
	0x00, 0x00, 0x00, 0x00, 0x0f, 0x0f, 0x0f, 0x0f, 
	0x00, 0x00, 0x00, 0x00, 0x00, 0x00, 0x0f, 0x0f, 
	0x0f, 0x0f, 0x00, 0x00, 0x00, 0x00, 0x00, 0x00, 
	0x0f, 0x0f, 0x0f, 0x0f, 0x00, 0x00, 0x00, 0x00, 
	0x00, 0x00, 0x00, 0x00, 0x00, 0x00, 0x00, 0x00, 
	0x00, 0x00, 0x00, 0x00, 0x00, 0x00, 0x00, 0x00, 
	0x00, 0x00, 0x00, 0x00, 0x00, 0x00, 0x00, 0x00, 
	0x00, 0x00, 0x00, 0x00, 0x00, 0x00, 0x00, 0x00, 
	0x00, 0x00, 0x00, 0x00, 0x0f, 0x0f, 0x0f, 0x0f, 
	0x00, 0x00, 0x00, 0x00, 0x00, 0x00, 0x0f, 0x0f, 
	0x0f, 0x0f, 0x00, 0x00, 0x00, 0x00, 0x00, 0x00, 
	0x0f, 0x0f, 0x0f, 0x0f, 0x00, 0x00, 0x00, 0x00, 
	0x00, 0x00, 0x00, 0x00, 0x00, 0x00, 0x00, 0x00, 
	0x00, 0x00, 0x00, 0x00, 0x00, 0x00, 0x00, 0x00, 
	0x00, 0x00, 0x00, 0x00, 0x00, 0x00, 0x00, 0x00, 
	0x00, 0x00, 0x00, 0x00, 0x00, 0x00, 0x00, 0x00, 
	0x00, 0x00, 0x00, 0x00, 0x0f, 0x0f, 0x0f, 0x0f, 
	0x00, 0x00, 0x00, 0x00, 0x00, 0x00, 0x0f, 0x0f, 
	0x0f, 0x0f, 0x00, 0x00, 0x00, 0x00, 0x00, 0x00, 
	0x0f, 0x0f, 0x0f, 0x0f, 0x00, 0x00, 0x00, 0x00, 
	0x00, 0x00, 0x00, 0x00, 0x00, 0x00, 0x00, 0x00, 
	0x00, 0x00, 0x00, 0x00, 0x00, 0x00, 0x00, 0x00, 
	0x00, 0x00, 0x00, 0x00, 0x00, 0x00, 0x00, 0x00, 
	0x00, 0x00, 0x00, 0x00, 0x00, 0x00, 0x00, 0x00, 
	0x00, 0x00, 0x00, 0x00, 0x00, 0x0f, 0x0f, 0x00, 
	0x00, 0x00, 0x00, 0x00, 0x00, 0x00, 0x00, 0x0f, 
	0x0f, 0x00, 0x00, 0x00, 0x00, 0x00, 0x00, 0x00, 
	0x00, 0x0f, 0x0f, 0x00, 0x00, 0x00, 0x00, 0x00, 
	0x00, 0x00, 0x00, 0x00, 0x00, 0x00, 0x00, 0x00, 
	0x00, 0x00, 0x00, 0x00, 0x00, 0x00, 0x00, 0x00, 
	0x00, 0x00, 0x00, 0x00, 0x00, 0x00, 0x00, 0x00, 
	0x00, 0x00, 0x00, 0x00, 0x00, 0x00, 0x00, 0x00, 
	0x00, 0x00, 0x00, 0x00, 0x00, 0x00, 0x00, 0x00, 
	0x00, 0x00, 0x00, 0x00, 0x00, 0x00, 0x00, 0x00, 
	0x00, 0x00, 0x00, 0x00, 0x00, 0x00, 0x00, 0x00, 
	0x00, 0x00, 0x00, 0x00, 0x00, 0x00, 0x00, 0x00, 
	0x00, 0x00, 0x00, 0x00, 0x00, 0x00, 0x00, 0x00, 
	0x00, 0x00, 0x00, 0x00, 0x00, 0x00, 0x00, 0x00, 
	0x00, 0x00, 0x00, 0x00, 0x00, 0x00, 0x00, 0x00, 
	0x00, 0x00, 0x00, 0x00, 0x00, 0x00, 0x00, 0x00, 
	0x00, 0x00, 0x00, 0x00, 0x00, 0x00, 0x00, 0x00, 
	0x00, 0x00, 0x00, 0x00, 0x00, 0x00, 0x00, 0x00, 
	0x00, 0x00, 0x00, 0x00, 0x00, 0x00, 0x00, 0x00, 
	0x00, 0x00, 0x00, 0x00, 0x00, 0x00, 0x00, 0x00, 
	0x00, 0x00, 0x00, 0x00, 0x00, 0x00, 0x00, 0x00, 
	0x00, 0x00, 0x00, 0x00, 0x00, 0x00, 0x00, 0x00, 
	0x00, 0x00, 0x00, 0x00, 0x00, 0x00, 0x00, 0x00, 
	0x00, 0x00, 0x00, 0x00, 0x00, 0x00, 0x00, 0x00, 
	0x00, 0x00, 0x00, 0x00, 0x00, 0x00, 0x00, 0x00, 
	0x00, 0x00, 0x00, 0x00, 0x00, 0x00, 0x00, 0x00, 
	0x00, 0x00, 0x00, 0x00, 0x00, 0x00, 0x00, 0x00, 
	0x00, 0x00, 0x00, 0x00, 0x00, 0x00, 0x00, 0x00, 
	0x00, 0x00, 0x00, 0x00, 0x00, 0x00, 0x00, 0x00, 
	0x00, 0x00, 0x00, 0x00, 0x00, 0x00, 0x00, 0x00, 
	0x00, 0x00, 0x00, 0x00, 0x00, 0x00, 0x00, 0x00, 
	0x00, 0x00, 0x00, 0x00, 0x00, 0x00, 0x00, 0x00, 
	0x00, 0x00, 0x00, 0x00, 0x00, 0x00, 0x00, 0x00, 
	0x00, 0x00, 0x00, 0x00, 0x00, 0x00, 0x00, 0x00, 
	0x00, 0x00, 0x00, 0x00, 0x00, 0x00, 0x00, 0x00, 
	0x00, 0x00, 0x00, 0x00, 0x00, 0x00, 0x00, 0x00, 
	0x00, 0x00, 0x00, 0x00, 0x00, 0x00, 0x00, 0x00, 
	0x00, 0x00, 0x00, 0x00, 0x00, 0x00, 0x00, 0x00, 
	0x00, 0x00, 0x00, 0x00, 0x00, 0x00, 0x00, 0x00, 
	0x00, 0x00, 0x00, 0x00, 0x00, 0x00, 0x00, 0x00, 
	0x00, 0x00, 0x00, 0x00, 0x00, 0x00, 0x00, 0x00, 
	0x00, 0x00, 0x00, 0x00, 0x00, 0x00, 0x00, 0x00, 
	0x00, 0x00, 0x00, 0x00, 0x00, 0x00, 0x00, 0x00, 
	0x00, 0x00, 0x00, 0x00, 0x00, 0x00, 0x00, 0x00, 
	0x00, 0x00, 0x00, 0x00, 0x00, 0x00, 0x00, 0x00, 
	0x00, 0x00, 0x00, 0x00, 0x00, 0x00, 0x00, 0x00, 
	0x00, 0x00, 0x00, 0x00, 0x00, 0x00, 0x00, 0x00, 
	0x00, 0x00, 0x00, 0x00, 0x00, 0x00, 0x00, 0x00, 
	0x00, 0x00, 0x00, 0x00, 0x00, 0x00, 0x00, 0x00, 
	0x00, 0x00, 0x00, 0x00, 0x00, 0x00, 0x00, 0x00, 
	0x00, 0x00, 0x00, 0x00, 0x00, 0x00, 0x00, 0x00, 
	0x00, 0x00, 0x00, 0x00, 0x00, 0x00, 0x00, 0x00, 
	0x00, 0x00, 0x00, 0x00, 0x00, 0x00, 0x00, 0x00, 
	0x00, 0x00, 0x00, 0x00, 0x00, 0x00, 0x00, 0x00, 
	
};

Vtx squishy_Butt_mesh_layer_1_vtx_0[64] = {
	{{{-94, 85, 0}, 0, {-16, 1008}, {0x81, 0xFA, 0x00, 0xFF}}},
	{{{-96, 67, -72}, 0, {-16, 1008}, {0x82, 0xF0, 0x08, 0xFF}}},
	{{{-93, 24, -105}, 0, {-16, 1008}, {0x81, 0xFB, 0x01, 0xFF}}},
	{{{-93, 24, 105}, 0, {-16, 1008}, {0x81, 0xFB, 0xFF, 0xFF}}},
	{{{-92, -46, -105}, 0, {-16, 1008}, {0x81, 0xFD, 0x00, 0xFF}}},
	{{{-92, -46, 105}, 0, {-16, 1008}, {0x81, 0xFD, 0x00, 0xFF}}},
	{{{-91, -82, 57}, 0, {-16, 1008}, {0x81, 0xFD, 0x00, 0xFF}}},
	{{{-91, -82, -57}, 0, {-16, 1008}, {0x81, 0xFD, 0x00, 0xFF}}},
	{{{-96, 67, 72}, 0, {-16, 1008}, {0x82, 0xF0, 0xF8, 0xFF}}},
	{{{-12, -40, -87}, 0, {-16, 1008}, {0x40, 0xCC, 0x9F, 0xFF}}},
	{{{-54, -47, -105}, 0, {-16, 1008}, {0x35, 0xCF, 0x97, 0xFF}}},
	{{{-56, 22, -105}, 0, {-16, 1008}, {0x27, 0x26, 0x8D, 0xFF}}},
	{{{-12, -70, -47}, 0, {-16, 1008}, {0x3D, 0x96, 0xDE, 0xFF}}},
	{{{15, -49, -39}, 0, {-16, 1008}, {0x5D, 0xAE, 0xE4, 0xFF}}},
	{{{16, -23, -71}, 0, {-16, 1008}, {0x5B, 0xDD, 0xAF, 0xFF}}},
	{{{-12, 20, -87}, 0, {-16, 1008}, {0x34, 0x18, 0x8F, 0xFF}}},
	{{{-6, 62, -64}, 0, {-16, 1008}, {0x1A, 0x67, 0xBA, 0xFF}}},
	{{{-59, 63, -63}, 0, {-16, 1008}, {0x07, 0x70, 0xC5, 0xFF}}},
	{{{-59, 80, 0}, 0, {-16, 1008}, {0x0B, 0x7E, 0x00, 0xFF}}},
	{{{-7, 72, 0}, 0, {-16, 1008}, {0x17, 0x7D, 0x00, 0xFF}}},
	{{{-59, 63, 63}, 0, {-16, 1008}, {0x07, 0x70, 0x3B, 0xFF}}},
	{{{-6, 62, 64}, 0, {-16, 1008}, {0x1A, 0x67, 0x46, 0xFF}}},
	{{{-56, 22, 105}, 0, {-16, 1008}, {0x27, 0x26, 0x73, 0xFF}}},
	{{{-12, 20, 87}, 0, {-16, 1008}, {0x34, 0x18, 0x71, 0xFF}}},
	{{{-54, -47, 105}, 0, {-16, 1008}, {0x35, 0xCF, 0x69, 0xFF}}},
	{{{-12, -40, 87}, 0, {-16, 1008}, {0x40, 0xCC, 0x61, 0xFF}}},
	{{{-52, -82, 57}, 0, {-16, 1008}, {0x2B, 0x90, 0x29, 0xFF}}},
	{{{-12, -70, 47}, 0, {-16, 1008}, {0x3D, 0x96, 0x22, 0xFF}}},
	{{{-52, -82, -57}, 0, {-16, 1008}, {0x2B, 0x90, 0xD7, 0xFF}}},
	{{{15, -49, 39}, 0, {-16, 1008}, {0x5D, 0xAE, 0x1C, 0xFF}}},
	{{{16, -23, 71}, 0, {-16, 1008}, {0x5B, 0xDD, 0x51, 0xFF}}},
	{{{61, 11, 0}, 0, {-16, 1008}, {0x7F, 0xFB, 0x00, 0xFF}}},
	{{{17, 21, -71}, 0, {-16, 1008}, {0x54, 0x07, 0xA1, 0xFF}}},
	{{{28, 55, -57}, 0, {-16, 1008}, {0x4F, 0x4B, 0xBF, 0xFF}}},
	{{{28, 62, 0}, 0, {-16, 1008}, {0x49, 0x68, 0x00, 0xFF}}},
	{{{28, 55, 57}, 0, {-16, 1008}, {0x4F, 0x4B, 0x41, 0xFF}}},
	{{{17, 21, 71}, 0, {-16, 1008}, {0x54, 0x07, 0x5F, 0xFF}}},
	{{{-59, 63, -63}, 0, {-16, 1008}, {0x4A, 0x5B, 0xD0, 0xFF}}},
	{{{-56, 22, -105}, 0, {-16, 1008}, {0x4D, 0x28, 0xA3, 0xFF}}},
	{{{-74, 25, -117}, 0, {-16, 1008}, {0x07, 0x2A, 0x88, 0xFF}}},
	{{{-71, -53, -117}, 0, {-16, 1008}, {0x04, 0xC7, 0x8E, 0xFF}}},
	{{{-54, -47, -105}, 0, {-16, 1008}, {0x4D, 0xD4, 0xA6, 0xFF}}},
	{{{-69, -92, -64}, 0, {-16, 1008}, {0x06, 0x89, 0xD5, 0xFF}}},
	{{{-52, -82, -57}, 0, {-16, 1008}, {0x47, 0x9B, 0xE2, 0xFF}}},
	{{{-69, -92, 64}, 0, {-16, 1008}, {0x06, 0x89, 0x2B, 0xFF}}},
	{{{-52, -82, 57}, 0, {-16, 1008}, {0x47, 0x9B, 0x1E, 0xFF}}},
	{{{-71, -53, 117}, 0, {-16, 1008}, {0x04, 0xC7, 0x72, 0xFF}}},
	{{{-54, -47, 105}, 0, {-16, 1008}, {0x4D, 0xD4, 0x5A, 0xFF}}},
	{{{-74, 25, 117}, 0, {-16, 1008}, {0x07, 0x2A, 0x78, 0xFF}}},
	{{{-56, 22, 105}, 0, {-16, 1008}, {0x4D, 0x28, 0x5D, 0xFF}}},
	{{{-79, 73, 77}, 0, {-16, 1008}, {0x07, 0x6A, 0x46, 0xFF}}},
	{{{-59, 63, 63}, 0, {-16, 1008}, {0x4A, 0x5B, 0x30, 0xFF}}},
	{{{-77, 93, 0}, 0, {-16, 1008}, {0x0B, 0x7F, 0x00, 0xFF}}},
	{{{-59, 80, 0}, 0, {-16, 1008}, {0x48, 0x68, 0x00, 0xFF}}},
	{{{-79, 73, -77}, 0, {-16, 1008}, {0x07, 0x6A, 0xBA, 0xFF}}},
	{{{-93, 24, -105}, 0, {-16, 1008}, {0xBF, 0x25, 0x99, 0xFF}}},
	{{{-92, -46, -105}, 0, {-16, 1008}, {0xB9, 0xCF, 0xA2, 0xFF}}},
	{{{-91, -82, -57}, 0, {-16, 1008}, {0xC3, 0x95, 0xE1, 0xFF}}},
	{{{-91, -82, 57}, 0, {-16, 1008}, {0xC3, 0x95, 0x1F, 0xFF}}},
	{{{-92, -46, 105}, 0, {-16, 1008}, {0xB9, 0xCF, 0x5E, 0xFF}}},
	{{{-93, 24, 105}, 0, {-16, 1008}, {0xBF, 0x25, 0x67, 0xFF}}},
	{{{-96, 67, 72}, 0, {-16, 1008}, {0xC6, 0x60, 0x3C, 0xFF}}},
	{{{-94, 85, 0}, 0, {-16, 1008}, {0xCB, 0x73, 0x00, 0xFF}}},
	{{{-96, 67, -72}, 0, {-16, 1008}, {0xC6, 0x60, 0xC4, 0xFF}}},
};

Gfx squishy_Butt_mesh_layer_1_tri_0[] = {
	gsSPVertex(squishy_Butt_mesh_layer_1_vtx_0 + 0, 64, 0),
	gsSP2Triangles(0, 1, 2, 0, 3, 0, 2, 0),
	gsSP2Triangles(4, 3, 2, 0, 4, 5, 3, 0),
	gsSP2Triangles(6, 5, 4, 0, 6, 4, 7, 0),
	gsSP2Triangles(8, 0, 3, 0, 9, 10, 11, 0),
	gsSP2Triangles(12, 10, 9, 0, 13, 12, 9, 0),
	gsSP2Triangles(13, 9, 14, 0, 14, 9, 15, 0),
	gsSP2Triangles(9, 11, 15, 0, 15, 11, 16, 0),
	gsSP2Triangles(11, 17, 16, 0, 16, 17, 18, 0),
	gsSP2Triangles(16, 18, 19, 0, 19, 18, 20, 0),
	gsSP2Triangles(19, 20, 21, 0, 21, 20, 22, 0),
	gsSP2Triangles(23, 21, 22, 0, 23, 22, 24, 0),
	gsSP2Triangles(23, 24, 25, 0, 25, 24, 26, 0),
	gsSP2Triangles(25, 26, 27, 0, 27, 26, 28, 0),
	gsSP2Triangles(27, 28, 12, 0, 12, 28, 10, 0),
	gsSP2Triangles(29, 27, 12, 0, 30, 27, 29, 0),
	gsSP2Triangles(29, 31, 30, 0, 13, 31, 29, 0),
	gsSP2Triangles(29, 12, 13, 0, 14, 31, 13, 0),
	gsSP2Triangles(32, 31, 14, 0, 14, 15, 32, 0),
	gsSP2Triangles(32, 15, 33, 0, 15, 16, 33, 0),
	gsSP2Triangles(33, 16, 34, 0, 16, 19, 34, 0),
	gsSP2Triangles(34, 19, 21, 0, 35, 34, 21, 0),
	gsSP2Triangles(35, 21, 23, 0, 36, 35, 23, 0),
	gsSP2Triangles(36, 23, 25, 0, 36, 25, 30, 0),
	gsSP2Triangles(30, 25, 27, 0, 30, 31, 36, 0),
	gsSP2Triangles(36, 31, 35, 0, 35, 31, 34, 0),
	gsSP2Triangles(31, 33, 34, 0, 33, 31, 32, 0),
	gsSP2Triangles(37, 38, 39, 0, 38, 40, 39, 0),
	gsSP2Triangles(38, 41, 40, 0, 41, 42, 40, 0),
	gsSP2Triangles(41, 43, 42, 0, 43, 44, 42, 0),
	gsSP2Triangles(43, 45, 44, 0, 45, 46, 44, 0),
	gsSP2Triangles(45, 47, 46, 0, 47, 48, 46, 0),
	gsSP2Triangles(47, 49, 48, 0, 49, 50, 48, 0),
	gsSP2Triangles(49, 51, 50, 0, 51, 52, 50, 0),
	gsSP2Triangles(51, 53, 52, 0, 53, 54, 52, 0),
	gsSP2Triangles(53, 37, 54, 0, 37, 39, 54, 0),
	gsSP2Triangles(54, 39, 55, 0, 39, 56, 55, 0),
	gsSP2Triangles(39, 40, 56, 0, 40, 57, 56, 0),
	gsSP2Triangles(40, 42, 57, 0, 42, 58, 57, 0),
	gsSP2Triangles(42, 44, 58, 0, 44, 59, 58, 0),
	gsSP2Triangles(44, 46, 59, 0, 46, 60, 59, 0),
	gsSP2Triangles(46, 48, 60, 0, 48, 61, 60, 0),
	gsSP2Triangles(48, 50, 61, 0, 50, 62, 61, 0),
	gsSP2Triangles(50, 52, 62, 0, 52, 63, 62, 0),
	gsSP2Triangles(52, 54, 63, 0, 54, 55, 63, 0),
	gsSPEndDisplayList(),
};

Vtx squishy_Butt_mesh_layer_1_vtx_1[19] = {
	{{{-123, -22, 77}, 0, {-16, 1008}, {0x9C, 0xDD, 0x46, 0xFF}}},
	{{{-82, -43, 107}, 0, {-16, 1008}, {0xAD, 0xD0, 0x53, 0xFF}}},
	{{{-84, 19, 107}, 0, {-16, 1008}, {0xBE, 0x1D, 0x68, 0xFF}}},
	{{{-120, -50, 46}, 0, {-16, 1008}, {0xA3, 0xAC, 0x18, 0xFF}}},
	{{{-137, -19, 35}, 0, {-16, 1008}, {0x86, 0xE0, 0x12, 0xFF}}},
	{{{-124, 36, 77}, 0, {-16, 1008}, {0xA9, 0x36, 0x4B, 0xFF}}},
	{{{-85, 66, 59}, 0, {-16, 1008}, {0xD8, 0x6E, 0x32, 0xFF}}},
	{{{-120, 68, 0}, 0, {-16, 1008}, {0xC4, 0x70, 0x00, 0xFF}}},
	{{{-85, 66, -59}, 0, {-16, 1008}, {0xD8, 0x6E, 0xCE, 0xFF}}},
	{{{-124, 36, -77}, 0, {-16, 1008}, {0xA9, 0x36, 0xB5, 0xFF}}},
	{{{-84, 19, -107}, 0, {-16, 1008}, {0xBE, 0x1D, 0x98, 0xFF}}},
	{{{-82, -43, -107}, 0, {-16, 1008}, {0xAD, 0xD0, 0xAD, 0xFF}}},
	{{{-123, -22, -77}, 0, {-16, 1008}, {0x9C, 0xDD, 0xBA, 0xFF}}},
	{{{-81, -74, -59}, 0, {-16, 1008}, {0xB4, 0x9F, 0xE0, 0xFF}}},
	{{{-120, -50, -46}, 0, {-16, 1008}, {0xA3, 0xAC, 0xE8, 0xFF}}},
	{{{-81, -74, 59}, 0, {-16, 1008}, {0xB4, 0x9F, 0x20, 0xFF}}},
	{{{-137, -19, -35}, 0, {-16, 1008}, {0x86, 0xE0, 0xEE, 0xFF}}},
	{{{-140, 35, -37}, 0, {-16, 1008}, {0x89, 0x26, 0xE7, 0xFF}}},
	{{{-140, 35, 37}, 0, {-16, 1008}, {0x89, 0x26, 0x19, 0xFF}}},
};

Gfx squishy_Butt_mesh_layer_1_tri_1[] = {
	gsSPVertex(squishy_Butt_mesh_layer_1_vtx_1 + 0, 19, 0),
	gsSP2Triangles(0, 1, 2, 0, 3, 1, 0, 0),
	gsSP2Triangles(4, 3, 0, 0, 4, 0, 5, 0),
	gsSP2Triangles(0, 2, 5, 0, 5, 2, 6, 0),
	gsSP2Triangles(7, 5, 6, 0, 7, 6, 8, 0),
	gsSP2Triangles(7, 8, 9, 0, 8, 10, 9, 0),
	gsSP2Triangles(9, 10, 11, 0, 9, 11, 12, 0),
	gsSP2Triangles(12, 11, 13, 0, 12, 13, 14, 0),
	gsSP2Triangles(14, 13, 15, 0, 14, 15, 3, 0),
	gsSP2Triangles(3, 15, 1, 0, 16, 14, 3, 0),
	gsSP2Triangles(16, 12, 14, 0, 17, 12, 16, 0),
	gsSP2Triangles(16, 18, 17, 0, 16, 4, 18, 0),
	gsSP2Triangles(16, 3, 4, 0, 4, 5, 18, 0),
	gsSP2Triangles(18, 5, 7, 0, 18, 7, 17, 0),
	gsSP2Triangles(17, 7, 9, 0, 17, 9, 12, 0),
	gsSPEndDisplayList(),
};

Vtx squishy_Torso_mesh_layer_1_vtx_0[94] = {
	{{{83, 78, -55}, 0, {-16, 1008}, {0x64, 0x4E, 0xF4, 0xFF}}},
	{{{91, 51, 0}, 0, {-16, 1008}, {0x5F, 0x54, 0x00, 0xFF}}},
	{{{99, 47, -36}, 0, {-16, 1008}, {0x70, 0x3B, 0xF4, 0xFF}}},
	{{{56, 85, 0}, 0, {-16, 1008}, {0x41, 0x6D, 0x00, 0xFF}}},
	{{{59, 94, -62}, 0, {-16, 1008}, {0x3E, 0x6E, 0xF8, 0xFF}}},
	{{{53, 90, -103}, 0, {-16, 1008}, {0x2D, 0x51, 0xA9, 0xFF}}},
	{{{74, 57, -97}, 0, {-16, 1008}, {0x53, 0x1A, 0xA3, 0xFF}}},
	{{{86, 28, -89}, 0, {-16, 1008}, {0x4F, 0x14, 0x9F, 0xFF}}},
	{{{101, 13, -81}, 0, {-16, 1008}, {0x50, 0x1D, 0xA1, 0xFF}}},
	{{{93, -2, -85}, 0, {-16, 1008}, {0x2C, 0x00, 0x89, 0xFF}}},
	{{{103, -38, -80}, 0, {-16, 1008}, {0x68, 0xEF, 0xB9, 0xFF}}},
	{{{93, -51, -89}, 0, {-16, 1008}, {0x3E, 0xCA, 0x9F, 0xFF}}},
	{{{100, -66, -49}, 0, {-16, 1008}, {0x5E, 0xAD, 0xEF, 0xFF}}},
	{{{103, -38, 80}, 0, {-16, 1008}, {0x68, 0xEF, 0x47, 0xFF}}},
	{{{100, -66, 49}, 0, {-16, 1008}, {0x5E, 0xAD, 0x11, 0xFF}}},
	{{{93, -51, 89}, 0, {-16, 1008}, {0x3E, 0xCA, 0x61, 0xFF}}},
	{{{93, -2, 85}, 0, {-16, 1008}, {0x2C, 0x00, 0x77, 0xFF}}},
	{{{101, 13, 81}, 0, {-16, 1008}, {0x50, 0x1D, 0x5F, 0xFF}}},
	{{{86, 28, 89}, 0, {-16, 1008}, {0x4F, 0x14, 0x61, 0xFF}}},
	{{{99, 47, 36}, 0, {-16, 1008}, {0x70, 0x3B, 0x0C, 0xFF}}},
	{{{83, 78, 55}, 0, {-16, 1008}, {0x64, 0x4E, 0x0C, 0xFF}}},
	{{{59, 94, 62}, 0, {-16, 1008}, {0x3D, 0x6F, 0x09, 0xFF}}},
	{{{25, 97, 0}, 0, {-16, 1008}, {0xF1, 0x7E, 0x00, 0xFF}}},
	{{{23, 103, -66}, 0, {-16, 1008}, {0xE7, 0x7C, 0xF5, 0xFF}}},
	{{{15, 83, -107}, 0, {-16, 1008}, {0xD5, 0x3D, 0x99, 0xFF}}},
	{{{30, 50, -109}, 0, {-16, 1008}, {0xFB, 0xFB, 0x81, 0xFF}}},
	{{{24, 24, -107}, 0, {-16, 1008}, {0xD4, 0xBD, 0x9D, 0xFF}}},
	{{{25, 19, -95}, 0, {-16, 1008}, {0xDB, 0xC0, 0x99, 0xFF}}},
	{{{50, -68, -89}, 0, {-16, 1008}, {0xF7, 0xB0, 0x9E, 0xFF}}},
	{{{49, -84, -49}, 0, {-16, 1008}, {0xFB, 0x84, 0xE5, 0xFF}}},
	{{{49, -84, 49}, 0, {-16, 1008}, {0xFB, 0x84, 0x1B, 0xFF}}},
	{{{50, -68, 89}, 0, {-16, 1008}, {0xF7, 0xB0, 0x62, 0xFF}}},
	{{{25, 19, 95}, 0, {-16, 1008}, {0xDB, 0xC0, 0x67, 0xFF}}},
	{{{24, 24, 107}, 0, {-16, 1008}, {0xD4, 0xBD, 0x63, 0xFF}}},
	{{{74, 57, 97}, 0, {-16, 1008}, {0x53, 0x1A, 0x5D, 0xFF}}},
	{{{53, 90, 103}, 0, {-16, 1008}, {0x2D, 0x51, 0x57, 0xFF}}},
	{{{23, 103, 66}, 0, {-16, 1008}, {0xE7, 0x7C, 0x0B, 0xFF}}},
	{{{-10, 79, 62}, 0, {-16, 1008}, {0x92, 0x3E, 0x0A, 0xFF}}},
	{{{-2, 80, 0}, 0, {-16, 1008}, {0xA7, 0x5B, 0x00, 0xFF}}},
	{{{-10, 79, -62}, 0, {-16, 1008}, {0x92, 0x3E, 0xF6, 0xFF}}},
	{{{-3, 78, -91}, 0, {-16, 1008}, {0x9D, 0x34, 0xC3, 0xFF}}},
	{{{-3, 57, -95}, 0, {-16, 1008}, {0x9F, 0xFF, 0xAE, 0xFF}}},
	{{{-9, 9, -91}, 0, {-16, 1008}, {0xB2, 0xF5, 0x9C, 0xFF}}},
	{{{4, -46, -76}, 0, {-16, 1008}, {0xC7, 0xC0, 0xA2, 0xFF}}},
	{{{-3, -63, -49}, 0, {-16, 1008}, {0xC0, 0x98, 0xDD, 0xFF}}},
	{{{-3, -63, 49}, 0, {-16, 1008}, {0xC0, 0x98, 0x23, 0xFF}}},
	{{{4, -46, 76}, 0, {-16, 1008}, {0xC7, 0xC0, 0x5E, 0xFF}}},
	{{{-9, 9, 91}, 0, {-16, 1008}, {0xB2, 0xF5, 0x64, 0xFF}}},
	{{{-3, 57, 95}, 0, {-16, 1008}, {0x9F, 0xFF, 0x52, 0xFF}}},
	{{{30, 50, 109}, 0, {-16, 1008}, {0xFB, 0xFB, 0x7F, 0xFF}}},
	{{{15, 83, 107}, 0, {-16, 1008}, {0xD5, 0x3D, 0x67, 0xFF}}},
	{{{-3, 78, 91}, 0, {-16, 1008}, {0x9D, 0x34, 0x3D, 0xFF}}},
	{{{-12, 66, 54}, 0, {-16, 1008}, {0x83, 0x17, 0x08, 0xFF}}},
	{{{-12, 66, -54}, 0, {-16, 1008}, {0x83, 0x17, 0xF8, 0xFF}}},
	{{{-17, 34, -49}, 0, {-16, 1008}, {0x84, 0x14, 0xED, 0xFF}}},
	{{{-20, -24, -69}, 0, {-16, 1008}, {0x96, 0xE8, 0xBE, 0xFF}}},
	{{{-27, -47, -46}, 0, {-16, 1008}, {0x94, 0xC7, 0xDE, 0xFF}}},
	{{{-27, -47, 46}, 0, {-16, 1008}, {0x94, 0xC7, 0x22, 0xFF}}},
	{{{-20, -24, 69}, 0, {-16, 1008}, {0x96, 0xE8, 0x42, 0xFF}}},
	{{{-17, 34, 49}, 0, {-16, 1008}, {0x84, 0x14, 0x13, 0xFF}}},
	{{{-31, 0, 0}, 0, {-16, 1008}, {0x82, 0x12, 0x00, 0xFF}}},
	{{{99, 47, -36}, 0, {-16, 1008}, {0xEA, 0x76, 0xD6, 0xFF}}},
	{{{104, 20, -108}, 0, {-16, 1008}, {0xCE, 0x36, 0x98, 0xFF}}},
	{{{101, 13, -81}, 0, {-16, 1008}, {0x82, 0x03, 0xF3, 0xFF}}},
	{{{99, 47, -36}, 0, {-16, 1008}, {0xEA, 0x76, 0xD6, 0xFF}}},
	{{{122, 23, -98}, 0, {-16, 1008}, {0x09, 0x5A, 0xA6, 0xFF}}},
	{{{104, 20, -108}, 0, {-16, 1008}, {0xCE, 0x36, 0x98, 0xFF}}},
	{{{104, 51, -26}, 0, {-16, 1008}, {0xF8, 0x7D, 0xED, 0xFF}}},
	{{{91, 51, 0}, 0, {-16, 1008}, {0x50, 0x62, 0x00, 0xFF}}},
	{{{127, 46, -23}, 0, {-16, 1008}, {0x66, 0x41, 0x26, 0xFF}}},
	{{{99, 8, 0}, 0, {-16, 1008}, {0x7F, 0x05, 0x00, 0xFF}}},
	{{{127, 46, 23}, 0, {-16, 1008}, {0x66, 0x41, 0xDA, 0xFF}}},
	{{{104, 51, 26}, 0, {-16, 1008}, {0xF8, 0x7D, 0x13, 0xFF}}},
	{{{99, 47, 36}, 0, {-16, 1008}, {0xEA, 0x76, 0x2A, 0xFF}}},
	{{{122, 23, 98}, 0, {-16, 1008}, {0x09, 0x5A, 0x5A, 0xFF}}},
	{{{104, 20, 108}, 0, {-16, 1008}, {0xCE, 0x36, 0x68, 0xFF}}},
	{{{101, 13, 81}, 0, {-16, 1008}, {0x82, 0x03, 0x0D, 0xFF}}},
	{{{103, -38, 80}, 0, {-16, 1008}, {0x84, 0xED, 0x12, 0xFF}}},
	{{{108, -35, 110}, 0, {-16, 1008}, {0xDD, 0xD0, 0x70, 0xFF}}},
	{{{107, -70, 56}, 0, {-16, 1008}, {0xC6, 0x94, 0x22, 0xFF}}},
	{{{107, -70, -56}, 0, {-16, 1008}, {0xC6, 0x94, 0xDE, 0xFF}}},
	{{{103, -38, -80}, 0, {-16, 1008}, {0x84, 0xED, 0xEE, 0xFF}}},
	{{{108, -35, -110}, 0, {-16, 1008}, {0xDD, 0xD0, 0x90, 0xFF}}},
	{{{101, 13, -81}, 0, {-16, 1008}, {0x82, 0x03, 0xF3, 0xFF}}},
	{{{127, -37, -93}, 0, {-16, 1008}, {0xF3, 0xBB, 0x96, 0xFF}}},
	{{{144, -45, -109}, 0, {-16, 1008}, {0x41, 0xC9, 0xA2, 0xFF}}},
	{{{144, 21, -106}, 0, {-16, 1008}, {0x50, 0x38, 0xAF, 0xFF}}},
	{{{138, -74, -57}, 0, {-16, 1008}, {0x3D, 0x95, 0xE3, 0xFF}}},
	{{{138, -74, 57}, 0, {-16, 1008}, {0x3D, 0x95, 0x1D, 0xFF}}},
	{{{144, -45, 109}, 0, {-16, 1008}, {0x41, 0xC9, 0x5E, 0xFF}}},
	{{{144, 21, 106}, 0, {-16, 1008}, {0x50, 0x38, 0x51, 0xFF}}},
	{{{127, -37, 93}, 0, {-16, 1008}, {0xF3, 0xBB, 0x6A, 0xFF}}},
	{{{125, -64, 49}, 0, {-16, 1008}, {0xEA, 0x86, 0x1D, 0xFF}}},
	{{{125, -64, -49}, 0, {-16, 1008}, {0xEA, 0x86, 0xE3, 0xFF}}},
};

Gfx squishy_Torso_mesh_layer_1_tri_0[] = {
	gsSPVertex(squishy_Torso_mesh_layer_1_vtx_0 + 0, 64, 0),
	gsSP2Triangles(0, 1, 2, 0, 3, 1, 0, 0),
	gsSP2Triangles(0, 4, 3, 0, 5, 4, 0, 0),
	gsSP2Triangles(6, 5, 0, 0, 6, 0, 7, 0),
	gsSP2Triangles(7, 0, 2, 0, 8, 7, 2, 0),
	gsSP2Triangles(8, 9, 7, 0, 8, 10, 9, 0),
	gsSP2Triangles(11, 9, 10, 0, 12, 11, 10, 0),
	gsSP2Triangles(12, 10, 13, 0, 12, 13, 14, 0),
	gsSP2Triangles(14, 13, 15, 0, 13, 16, 15, 0),
	gsSP2Triangles(17, 16, 13, 0, 17, 18, 16, 0),
	gsSP2Triangles(17, 19, 18, 0, 18, 19, 20, 0),
	gsSP2Triangles(20, 19, 1, 0, 3, 20, 1, 0),
	gsSP2Triangles(20, 3, 21, 0, 21, 3, 22, 0),
	gsSP2Triangles(4, 22, 3, 0, 4, 23, 22, 0),
	gsSP2Triangles(5, 23, 4, 0, 24, 23, 5, 0),
	gsSP2Triangles(25, 24, 5, 0, 6, 25, 5, 0),
	gsSP2Triangles(25, 6, 26, 0, 6, 7, 26, 0),
	gsSP2Triangles(9, 26, 7, 0, 26, 9, 27, 0),
	gsSP2Triangles(9, 11, 27, 0, 28, 27, 11, 0),
	gsSP2Triangles(29, 28, 11, 0, 29, 11, 12, 0),
	gsSP2Triangles(29, 12, 14, 0, 29, 14, 30, 0),
	gsSP2Triangles(30, 14, 15, 0, 30, 15, 31, 0),
	gsSP2Triangles(32, 31, 15, 0, 16, 32, 15, 0),
	gsSP2Triangles(33, 32, 16, 0, 16, 18, 33, 0),
	gsSP2Triangles(34, 33, 18, 0, 34, 18, 20, 0),
	gsSP2Triangles(34, 20, 35, 0, 20, 21, 35, 0),
	gsSP2Triangles(35, 21, 36, 0, 21, 22, 36, 0),
	gsSP2Triangles(22, 37, 36, 0, 38, 37, 22, 0),
	gsSP2Triangles(38, 22, 39, 0, 22, 23, 39, 0),
	gsSP2Triangles(39, 23, 40, 0, 40, 23, 24, 0),
	gsSP2Triangles(41, 40, 24, 0, 41, 24, 25, 0),
	gsSP2Triangles(41, 25, 26, 0, 41, 26, 27, 0),
	gsSP2Triangles(42, 41, 27, 0, 43, 42, 27, 0),
	gsSP2Triangles(28, 43, 27, 0, 44, 43, 28, 0),
	gsSP2Triangles(44, 28, 29, 0, 44, 29, 30, 0),
	gsSP2Triangles(44, 30, 45, 0, 45, 30, 31, 0),
	gsSP2Triangles(45, 31, 46, 0, 32, 46, 31, 0),
	gsSP2Triangles(46, 32, 47, 0, 47, 32, 48, 0),
	gsSP2Triangles(48, 32, 33, 0, 48, 33, 49, 0),
	gsSP2Triangles(49, 33, 34, 0, 49, 34, 35, 0),
	gsSP2Triangles(50, 49, 35, 0, 50, 35, 36, 0),
	gsSP2Triangles(51, 50, 36, 0, 37, 51, 36, 0),
	gsSP2Triangles(52, 51, 37, 0, 52, 37, 38, 0),
	gsSP2Triangles(52, 38, 53, 0, 53, 38, 39, 0),
	gsSP2Triangles(53, 39, 40, 0, 53, 40, 41, 0),
	gsSP2Triangles(53, 41, 54, 0, 41, 42, 54, 0),
	gsSP2Triangles(54, 42, 55, 0, 42, 43, 55, 0),
	gsSP2Triangles(43, 56, 55, 0, 43, 44, 56, 0),
	gsSP2Triangles(44, 57, 56, 0, 44, 45, 57, 0),
	gsSP2Triangles(45, 58, 57, 0, 45, 46, 58, 0),
	gsSP2Triangles(46, 47, 58, 0, 47, 59, 58, 0),
	gsSP2Triangles(47, 48, 59, 0, 48, 52, 59, 0),
	gsSP2Triangles(52, 48, 51, 0, 48, 50, 51, 0),
	gsSP2Triangles(48, 49, 50, 0, 52, 54, 59, 0),
	gsSP2Triangles(52, 53, 54, 0, 59, 54, 60, 0),
	gsSP2Triangles(54, 55, 60, 0, 55, 56, 60, 0),
	gsSP2Triangles(56, 57, 60, 0, 57, 58, 60, 0),
	gsSP2Triangles(58, 59, 60, 0, 61, 62, 63, 0),
	gsSPVertex(squishy_Torso_mesh_layer_1_vtx_0 + 64, 30, 0),
	gsSP2Triangles(0, 1, 2, 0, 0, 3, 1, 0),
	gsSP2Triangles(0, 4, 3, 0, 4, 5, 3, 0),
	gsSP2Triangles(5, 4, 6, 0, 4, 7, 6, 0),
	gsSP2Triangles(4, 8, 7, 0, 9, 8, 4, 0),
	gsSP2Triangles(9, 10, 8, 0, 9, 11, 10, 0),
	gsSP2Triangles(9, 12, 11, 0, 12, 13, 11, 0),
	gsSP2Triangles(11, 13, 14, 0, 14, 13, 15, 0),
	gsSP2Triangles(13, 16, 15, 0, 13, 17, 16, 0),
	gsSP2Triangles(17, 18, 16, 0, 2, 18, 17, 0),
	gsSP2Triangles(19, 2, 17, 0, 2, 20, 18, 0),
	gsSP2Triangles(2, 1, 20, 0, 1, 21, 20, 0),
	gsSP2Triangles(1, 22, 21, 0, 3, 22, 1, 0),
	gsSP2Triangles(3, 5, 22, 0, 22, 5, 6, 0),
	gsSP2Triangles(21, 22, 6, 0, 23, 21, 6, 0),
	gsSP2Triangles(24, 23, 6, 0, 6, 25, 24, 0),
	gsSP2Triangles(26, 25, 6, 0, 7, 26, 6, 0),
	gsSP2Triangles(8, 26, 7, 0, 8, 10, 26, 0),
	gsSP2Triangles(10, 25, 26, 0, 10, 27, 25, 0),
	gsSP2Triangles(11, 27, 10, 0, 11, 14, 27, 0),
	gsSP2Triangles(27, 14, 15, 0, 27, 15, 28, 0),
	gsSP2Triangles(15, 29, 28, 0, 15, 16, 29, 0),
	gsSP2Triangles(18, 29, 16, 0, 18, 20, 29, 0),
	gsSP2Triangles(20, 23, 29, 0, 20, 21, 23, 0),
	gsSP2Triangles(28, 29, 23, 0, 28, 23, 24, 0),
	gsSP2Triangles(25, 28, 24, 0, 25, 27, 28, 0),
	gsSPEndDisplayList(),
};

Vtx squishy_Torso_mesh_layer_1_vtx_1[16] = {
	{{{115, 15, -24}, 0, {-16, 1008}, {0x39, 0x28, 0x96, 0x00}}},
	{{{111, -20, -23}, 0, {-16, 1008}, {0x92, 0x2D, 0x2D, 0x00}}},
	{{{100, 23, -37}, 0, {-16, 1008}, {0x9A, 0x3B, 0x31, 0x00}}},
	{{{121, -18, -15}, 0, {-16, 1008}, {0x1F, 0x97, 0xC0, 0x00}}},
	{{{155, -16, -15}, 0, {-16, 1008}, {0x9B, 0x44, 0xDB, 0x00}}},
	{{{152, 12, -24}, 0, {-16, 1008}, {0x9D, 0x47, 0xDC, 0x00}}},
	{{{150, 30, 0}, 0, {-16, 1008}, {0x9D, 0x47, 0xDD, 0x00}}},
	{{{112, 35, 0}, 0, {-16, 1008}, {0x3F, 0x6F, 0x00, 0x00}}},
	{{{90, 53, 0}, 0, {-16, 1008}, {0xA2, 0x3B, 0x3D, 0x00}}},
	{{{115, 15, 24}, 0, {-16, 1008}, {0x38, 0x29, 0x6A, 0x00}}},
	{{{152, 12, 24}, 0, {-16, 1008}, {0x93, 0x3A, 0xE3, 0x00}}},
	{{{121, -18, 15}, 0, {-16, 1008}, {0x1F, 0x97, 0x40, 0x00}}},
	{{{100, 23, 37}, 0, {-16, 1008}, {0xA4, 0x38, 0x43, 0x00}}},
	{{{111, -20, 23}, 0, {-16, 1008}, {0xA6, 0x34, 0x48, 0x00}}},
	{{{155, -16, 15}, 0, {-16, 1008}, {0x9B, 0x45, 0xDC, 0x00}}},
	{{{171, 4, 0}, 0, {-16, 1008}, {0x9E, 0x47, 0xDA, 0x00}}},
};

Gfx squishy_Torso_mesh_layer_1_tri_1[] = {
	gsSPVertex(squishy_Torso_mesh_layer_1_vtx_1 + 0, 16, 0),
	gsSP2Triangles(0, 1, 2, 0, 0, 3, 1, 0),
	gsSP2Triangles(0, 4, 3, 0, 0, 5, 4, 0),
	gsSP2Triangles(6, 5, 0, 0, 7, 6, 0, 0),
	gsSP2Triangles(7, 0, 8, 0, 0, 2, 8, 0),
	gsSP2Triangles(9, 7, 8, 0, 7, 9, 6, 0),
	gsSP2Triangles(9, 10, 6, 0, 9, 11, 10, 0),
	gsSP2Triangles(11, 9, 12, 0, 12, 9, 8, 0),
	gsSP2Triangles(11, 12, 13, 0, 3, 11, 13, 0),
	gsSP2Triangles(3, 13, 1, 0, 3, 14, 11, 0),
	gsSP2Triangles(3, 4, 14, 0, 14, 4, 15, 0),
	gsSP2Triangles(4, 5, 15, 0, 5, 6, 15, 0),
	gsSP2Triangles(6, 10, 15, 0, 10, 14, 15, 0),
	gsSP1Triangle(11, 14, 10, 0),
	gsSPEndDisplayList(),
};

Vtx squishy_Torso_mesh_layer_4_vtx_0[20] = {
	{{{75, 57, -98}, 0, {-104, 533}, {0x54, 0x19, 0xA4, 0xFF}}},
	{{{53, 91, -103}, 0, {-172, 751}, {0x2D, 0x4E, 0xA7, 0xFF}}},
	{{{83, 78, -55}, 0, {378, 381}, {0x64, 0x4D, 0xF3, 0xFF}}},
	{{{59, 94, -62}, 0, {304, 649}, {0x3E, 0x6E, 0xF8, 0xFF}}},
	{{{23, 104, -66}, 0, {260, 1276}, {0xE7, 0x7C, 0xF5, 0xFF}}},
	{{{15, 84, -108}, 0, {-220, 1380}, {0xD4, 0x3C, 0x99, 0xFF}}},
	{{{-3, 78, -92}, 0, {-37, 1693}, {0x9C, 0x30, 0xC2, 0xFF}}},
	{{{-10, 79, -62}, 0, {307, 1819}, {0x90, 0x3A, 0xF5, 0xFF}}},
	{{{25, 97, 0}, 0, {1008, 1247}, {0xF1, 0x7E, 0x00, 0xFF}}},
	{{{-3, 80, 0}, 0, {1008, 1687}, {0xA8, 0x5B, 0x00, 0xFF}}},
	{{{-10, 79, 62}, 0, {1709, 1819}, {0x90, 0x3A, 0x0B, 0xFF}}},
	{{{23, 104, 66}, 0, {1756, 1276}, {0xE7, 0x7C, 0x0B, 0xFF}}},
	{{{-3, 78, 92}, 0, {2053, 1693}, {0x9C, 0x30, 0x3E, 0xFF}}},
	{{{15, 84, 108}, 0, {2236, 1380}, {0xD4, 0x3C, 0x67, 0xFF}}},
	{{{53, 91, 103}, 0, {2188, 751}, {0x2D, 0x4E, 0x59, 0xFF}}},
	{{{59, 94, 62}, 0, {1712, 649}, {0x3E, 0x6F, 0x09, 0xFF}}},
	{{{83, 78, 55}, 0, {1638, 381}, {0x64, 0x4D, 0x0D, 0xFF}}},
	{{{75, 57, 98}, 0, {2120, 533}, {0x54, 0x19, 0x5C, 0xFF}}},
	{{{56, 85, 0}, 0, {1008, 701}, {0x41, 0x6D, 0x00, 0xFF}}},
	{{{89, 54, 0}, 0, {1008, 266}, {0x4E, 0x65, 0x00, 0xFF}}},
};

Gfx squishy_Torso_mesh_layer_4_tri_0[] = {
	gsSPVertex(squishy_Torso_mesh_layer_4_vtx_0 + 0, 20, 0),
	gsSP2Triangles(0, 1, 2, 0, 1, 3, 2, 0),
	gsSP2Triangles(1, 4, 3, 0, 5, 4, 1, 0),
	gsSP2Triangles(6, 4, 5, 0, 7, 4, 6, 0),
	gsSP2Triangles(8, 4, 7, 0, 9, 8, 7, 0),
	gsSP2Triangles(9, 10, 8, 0, 8, 10, 11, 0),
	gsSP2Triangles(10, 12, 11, 0, 12, 13, 11, 0),
	gsSP2Triangles(13, 14, 11, 0, 14, 15, 11, 0),
	gsSP2Triangles(16, 15, 14, 0, 17, 16, 14, 0),
	gsSP2Triangles(16, 18, 15, 0, 18, 16, 19, 0),
	gsSP2Triangles(18, 19, 2, 0, 2, 3, 18, 0),
	gsSP2Triangles(3, 8, 18, 0, 3, 4, 8, 0),
	gsSP2Triangles(15, 18, 8, 0, 15, 8, 11, 0),
	gsSPEndDisplayList(),
};

Vtx squishy_Head_DL_mesh_layer_1_vtx_0[39] = {
	{{{-4, 56, -28}, 0, {-16, 1008}, {0x89, 0x1F, 0xE1, 0xFF}}},
	{{{8, 10, -64}, 0, {-16, 1008}, {0x9C, 0xEF, 0xB4, 0xFF}}},
	{{{-5, 10, -26}, 0, {-16, 1008}, {0x84, 0xEC, 0xEC, 0xFF}}},
	{{{8, 46, -60}, 0, {-16, 1008}, {0xA2, 0x20, 0xB1, 0xFF}}},
	{{{7, 72, -36}, 0, {-16, 1008}, {0xA4, 0x49, 0xCF, 0xFF}}},
	{{{6, 83, 0}, 0, {-16, 1008}, {0xA1, 0x55, 0x00, 0xFF}}},
	{{{-7, 60, 0}, 0, {-16, 1008}, {0x86, 0x22, 0x00, 0xFF}}},
	{{{-5, 10, 26}, 0, {-16, 1008}, {0x84, 0xEC, 0x15, 0xFF}}},
	{{{10, -31, 33}, 0, {-16, 1008}, {0x96, 0xE6, 0xBF, 0xFF}}},
	{{{10, -31, -33}, 0, {-16, 1008}, {0x8D, 0xE3, 0xD2, 0xFF}}},
	{{{24, -11, -68}, 0, {-16, 1008}, {0xA4, 0xBB, 0xCA, 0xFF}}},
	{{{29, 11, -80}, 0, {-16, 1008}, {0xCD, 0xF2, 0x8D, 0xFF}}},
	{{{29, 42, -74}, 0, {-16, 1008}, {0xD1, 0x20, 0x8F, 0xFF}}},
	{{{29, 61, -66}, 0, {-16, 1008}, {0xE1, 0x46, 0x9B, 0xFF}}},
	{{{28, 81, -49}, 0, {-16, 1008}, {0xED, 0x66, 0xB7, 0xFF}}},
	{{{19, 91, -9}, 0, {-16, 1008}, {0xC4, 0x6E, 0xEC, 0xFF}}},
	{{{19, 91, 9}, 0, {-16, 1008}, {0xC4, 0x6E, 0x14, 0xFF}}},
	{{{7, 72, 36}, 0, {-16, 1008}, {0xA4, 0x49, 0x31, 0xFF}}},
	{{{-4, 56, 28}, 0, {-16, 1008}, {0x89, 0x1F, 0x20, 0xFF}}},
	{{{8, 10, 63}, 0, {-16, 1008}, {0x9B, 0xF0, 0x4B, 0xFF}}},
	{{{24, -11, 68}, 0, {-16, 1008}, {0x96, 0xBF, 0x1B, 0xFF}}},
	{{{29, 11, 80}, 0, {-16, 1008}, {0xCB, 0xF2, 0x73, 0xFF}}},
	{{{46, 10, 85}, 0, {-16, 1008}, {0xBE, 0xDF, 0x99, 0xFF}}},
	{{{50, 41, 78}, 0, {-16, 1008}, {0xBD, 0xD5, 0x9D, 0xFF}}},
	{{{29, 42, 74}, 0, {-16, 1008}, {0xCF, 0x20, 0x71, 0xFF}}},
	{{{29, 61, 66}, 0, {-16, 1008}, {0xE0, 0x46, 0x65, 0xFF}}},
	{{{50, 63, 61}, 0, {-16, 1008}, {0xBF, 0xCC, 0xA0, 0xFF}}},
	{{{28, 81, 49}, 0, {-16, 1008}, {0xED, 0x66, 0x49, 0xFF}}},
	{{{53, 76, 35}, 0, {-16, 1008}, {0xBA, 0xCB, 0xA4, 0xFF}}},
	{{{40, 99, 10}, 0, {-16, 1008}, {0xFC, 0x78, 0x2A, 0xFF}}},
	{{{60, 88, 9}, 0, {-16, 1008}, {0xB0, 0xCF, 0xAA, 0xFF}}},
	{{{52, 103, 0}, 0, {-16, 1008}, {0x2F, 0x76, 0x00, 0xFF}}},
	{{{60, 88, -9}, 0, {-16, 1008}, {0xA2, 0xDC, 0xB2, 0xFF}}},
	{{{40, 99, -10}, 0, {-16, 1008}, {0xFC, 0x78, 0xD6, 0xFF}}},
	{{{53, 76, -35}, 0, {-16, 1008}, {0xB0, 0xBB, 0xBA, 0xFF}}},
	{{{50, 63, -61}, 0, {-16, 1008}, {0xAF, 0xB8, 0xBD, 0xFF}}},
	{{{50, 41, -78}, 0, {-16, 1008}, {0xA6, 0xC2, 0xC0, 0xFF}}},
	{{{46, 10, -85}, 0, {-16, 1008}, {0xA1, 0xCA, 0xBF, 0xFF}}},
	{{{8, 46, 59}, 0, {-16, 1008}, {0xA1, 0x1F, 0x4E, 0xFF}}},
};

Gfx squishy_Head_DL_mesh_layer_1_tri_0[] = {
	gsSPVertex(squishy_Head_DL_mesh_layer_1_vtx_0 + 0, 39, 0),
	gsSP2Triangles(0, 1, 2, 0, 3, 1, 0, 0),
	gsSP2Triangles(3, 0, 4, 0, 5, 4, 0, 0),
	gsSP2Triangles(0, 6, 5, 0, 2, 6, 0, 0),
	gsSP2Triangles(7, 6, 2, 0, 2, 8, 7, 0),
	gsSP2Triangles(2, 9, 8, 0, 1, 9, 2, 0),
	gsSP2Triangles(1, 10, 9, 0, 11, 10, 1, 0),
	gsSP2Triangles(1, 12, 11, 0, 1, 3, 12, 0),
	gsSP2Triangles(3, 13, 12, 0, 3, 4, 13, 0),
	gsSP2Triangles(13, 4, 14, 0, 14, 4, 15, 0),
	gsSP2Triangles(4, 5, 15, 0, 5, 16, 15, 0),
	gsSP2Triangles(5, 17, 16, 0, 5, 18, 17, 0),
	gsSP2Triangles(18, 5, 6, 0, 18, 6, 7, 0),
	gsSP2Triangles(19, 18, 7, 0, 7, 8, 19, 0),
	gsSP2Triangles(19, 8, 20, 0, 19, 20, 21, 0),
	gsSP2Triangles(21, 20, 22, 0, 21, 22, 23, 0),
	gsSP2Triangles(21, 23, 24, 0, 23, 25, 24, 0),
	gsSP2Triangles(26, 25, 23, 0, 26, 27, 25, 0),
	gsSP2Triangles(28, 27, 26, 0, 27, 28, 29, 0),
	gsSP2Triangles(28, 30, 29, 0, 31, 29, 30, 0),
	gsSP2Triangles(32, 31, 30, 0, 33, 31, 32, 0),
	gsSP2Triangles(34, 33, 32, 0, 14, 33, 34, 0),
	gsSP2Triangles(34, 35, 14, 0, 35, 13, 14, 0),
	gsSP2Triangles(36, 13, 35, 0, 12, 13, 36, 0),
	gsSP2Triangles(11, 12, 36, 0, 11, 36, 37, 0),
	gsSP2Triangles(11, 37, 10, 0, 15, 33, 14, 0),
	gsSP2Triangles(16, 33, 15, 0, 16, 29, 33, 0),
	gsSP2Triangles(27, 29, 16, 0, 17, 27, 16, 0),
	gsSP2Triangles(17, 25, 27, 0, 38, 25, 17, 0),
	gsSP2Triangles(38, 17, 18, 0, 38, 18, 19, 0),
	gsSP2Triangles(19, 24, 38, 0, 19, 21, 24, 0),
	gsSP2Triangles(38, 24, 25, 0, 29, 31, 33, 0),
	gsSPEndDisplayList(),
};

Vtx squishy_Head_DL_mesh_layer_1_vtx_1[204] = {
	{{{121, 38, 80}, 0, {-16, -16}, {0x29, 0x23, 0x73, 0xFF}}},
	{{{69, 28, 102}, 0, {-16, 1008}, {0x2B, 0x18, 0x75, 0xFF}}},
	{{{118, 16, 88}, 0, {-16, 1008}, {0x23, 0x17, 0x78, 0xFF}}},
	{{{98, -25, 97}, 0, {850, -16}, {0x27, 0x0D, 0x78, 0xFF}}},
	{{{58, -16, 113}, 0, {767, 1008}, {0x30, 0xF2, 0x75, 0xFF}}},
	{{{43, 21, 113}, 0, {83, 1008}, {0x0A, 0x1F, 0x7B, 0xFF}}},
	{{{60, 37, 102}, 0, {-16, 1008}, {0x2A, 0x2D, 0x6F, 0xFF}}},
	{{{39, 47, 106}, 0, {-16, 1008}, {0xFD, 0x28, 0x78, 0xFF}}},
	{{{54, 60, 92}, 0, {-16, 1008}, {0x2D, 0x3A, 0x67, 0xFF}}},
	{{{20, 19, 105}, 0, {-16, 1008}, {0xD5, 0x49, 0x5F, 0xFF}}},
	{{{1, 72, 86}, 0, {-16, 1008}, {0xD4, 0x1A, 0x74, 0xFF}}},
	{{{5, 6, 117}, 0, {21, 1008}, {0xF7, 0x34, 0x74, 0xFF}}},
	{{{118, 16, 88}, 0, {-16, 1008}, {0x1D, 0xD3, 0x8D, 0xFF}}},
	{{{61, -10, 84}, 0, {-16, 1008}, {0xC2, 0x32, 0x9D, 0xFF}}},
	{{{121, 38, 80}, 0, {-16, -16}, {0xFA, 0xFF, 0x81, 0xFF}}},
	{{{69, 28, 102}, 0, {-16, 1008}, {0x00, 0x38, 0x8E, 0xFF}}},
	{{{60, 37, 102}, 0, {-16, 1008}, {0x6E, 0x19, 0xC5, 0xFF}}},
	{{{54, 60, 92}, 0, {-16, 1008}, {0xDF, 0x0B, 0x86, 0xFF}}},
	{{{39, 47, 106}, 0, {-16, 1008}, {0x0F, 0x33, 0x8D, 0xFF}}},
	{{{1, 72, 86}, 0, {-16, 1008}, {0x0E, 0x0E, 0x83, 0xFF}}},
	{{{20, 19, 105}, 0, {-16, 1008}, {0xB4, 0xD3, 0xA4, 0xFF}}},
	{{{39, -19, 104}, 0, {-16, 1008}, {0x83, 0x05, 0xEA, 0xFF}}},
	{{{67, -42, 0}, 0, {-16, 1008}, {0xB7, 0x68, 0x00, 0xFF}}},
	{{{35, -45, 113}, 0, {1004, 1008}, {0xA9, 0x5B, 0xEF, 0xFF}}},
	{{{11, -69, 0}, 0, {-16, 1008}, {0xDA, 0x79, 0x00, 0xFF}}},
	{{{35, -45, -113}, 0, {1004, 1008}, {0xA9, 0x5B, 0x11, 0xFF}}},
	{{{39, -19, -104}, 0, {-16, 1008}, {0x83, 0x05, 0x16, 0xFF}}},
	{{{61, -10, -84}, 0, {-16, 1008}, {0xC2, 0x32, 0x63, 0xFF}}},
	{{{20, 19, -105}, 0, {-16, 1008}, {0xB4, 0xD3, 0x5C, 0xFF}}},
	{{{1, 72, -86}, 0, {-16, 1008}, {0x0E, 0x0E, 0x7D, 0xFF}}},
	{{{39, 47, -106}, 0, {-16, 1008}, {0x0F, 0x33, 0x73, 0xFF}}},
	{{{54, 60, -92}, 0, {-16, 1008}, {0xDF, 0x0B, 0x7A, 0xFF}}},
	{{{60, 37, -102}, 0, {-16, 1008}, {0x6E, 0x19, 0x3B, 0xFF}}},
	{{{69, 28, -102}, 0, {-16, 1008}, {0x00, 0x38, 0x72, 0xFF}}},
	{{{121, 38, -80}, 0, {-16, -16}, {0xFA, 0xFF, 0x7F, 0xFF}}},
	{{{118, 16, -88}, 0, {-16, 1008}, {0x1D, 0xD3, 0x73, 0xFF}}},
	{{{5, 6, -117}, 0, {21, 1008}, {0xB5, 0xCA, 0x57, 0xFF}}},
	{{{58, -16, -113}, 0, {767, 1008}, {0xCA, 0x4D, 0xAB, 0xFF}}},
	{{{34, -24, -135}, 0, {888, 1008}, {0x98, 0x49, 0x05, 0xFF}}},
	{{{5, 6, 117}, 0, {21, 1008}, {0xB5, 0xCA, 0xA9, 0xFF}}},
	{{{58, -16, 113}, 0, {767, 1008}, {0xCA, 0x4D, 0x55, 0xFF}}},
	{{{34, -24, 135}, 0, {888, 1008}, {0x98, 0x49, 0xFB, 0xFF}}},
	{{{97, -117, 0}, 0, {1008, -16}, {0x1C, 0x84, 0x02, 0xFF}}},
	{{{66, -118, -1}, 0, {1008, 1008}, {0x04, 0x85, 0x1F, 0xFF}}},
	{{{-8, -135, -60}, 0, {1008, 496}, {0x24, 0x8E, 0xD4, 0xFF}}},
	{{{94, -87, -82}, 0, {1008, -16}, {0x2D, 0x9A, 0xC3, 0xFF}}},
	{{{45, -96, -87}, 0, {1008, 1008}, {0x11, 0x9C, 0xB3, 0xFF}}},
	{{{93, -78, -142}, 0, {978, 448}, {0x32, 0xDA, 0x92, 0xFF}}},
	{{{35, -45, -113}, 0, {1004, 1008}, {0x35, 0xEB, 0x8F, 0xFF}}},
	{{{2, -68, -172}, 0, {1008, 1008}, {0x0B, 0x9F, 0xAF, 0xFF}}},
	{{{-17, -97, -113}, 0, {1008, 1008}, {0x11, 0x91, 0xC5, 0xFF}}},
	{{{-38, -112, -69}, 0, {1008, 1008}, {0x0C, 0x91, 0xC4, 0xFF}}},
	{{{-79, -184, -16}, 0, {1008, 1008}, {0x28, 0x87, 0x00, 0xFF}}},
	{{{66, -118, -1}, 0, {1008, 1008}, {0x2F, 0x8D, 0x1A, 0xFF}}},
	{{{-8, -135, -60}, 0, {1008, 496}, {0xC7, 0x6A, 0x29, 0xFF}}},
	{{{-44, -114, 59}, 0, {1008, 1008}, {0x24, 0x9F, 0x4A, 0xFF}}},
	{{{66, -118, -1}, 0, {1008, 1008}, {0x05, 0x81, 0xFF, 0xFF}}},
	{{{34, -120, 38}, 0, {1008, 496}, {0x1A, 0x8A, 0x26, 0xFF}}},
	{{{94, -87, 82}, 0, {1008, -16}, {0x2A, 0x98, 0x3C, 0xFF}}},
	{{{146, -91, 59}, 0, {1008, -16}, {0x14, 0x88, 0x26, 0xFF}}},
	{{{160, -96, 0}, 0, {1008, -16}, {0x27, 0x87, 0x00, 0xFF}}},
	{{{146, -91, -59}, 0, {1008, -16}, {0x14, 0x88, 0xDA, 0xFF}}},
	{{{136, -81, -84}, 0, {1008, -16}, {0x06, 0xAA, 0xA2, 0xFF}}},
	{{{129, -34, -95}, 0, {892, -16}, {0x05, 0xF4, 0x82, 0xFF}}},
	{{{98, -25, -97}, 0, {850, -16}, {0x27, 0x0D, 0x88, 0xFF}}},
	{{{129, -34, -95}, 0, {892, -16}, {0x05, 0xF4, 0x82, 0xFF}}},
	{{{94, -87, -82}, 0, {1008, -16}, {0x2D, 0x9A, 0xC3, 0xFF}}},
	{{{93, -78, -142}, 0, {978, 448}, {0x32, 0xDA, 0x92, 0xFF}}},
	{{{35, -45, -113}, 0, {1004, 1008}, {0x35, 0xEB, 0x8F, 0xFF}}},
	{{{58, -16, -113}, 0, {767, 1008}, {0x30, 0xF2, 0x8B, 0xFF}}},
	{{{34, -24, -135}, 0, {888, 1008}, {0x54, 0xBD, 0xBC, 0xFF}}},
	{{{69, 28, -102}, 0, {-16, 1008}, {0x2B, 0x18, 0x8B, 0xFF}}},
	{{{43, 21, -113}, 0, {83, 1008}, {0x0A, 0x1F, 0x85, 0xFF}}},
	{{{5, 6, -117}, 0, {21, 1008}, {0xF7, 0x34, 0x8C, 0xFF}}},
	{{{20, 19, -105}, 0, {-16, 1008}, {0xD5, 0x49, 0xA1, 0xFF}}},
	{{{39, 47, -106}, 0, {-16, 1008}, {0xFD, 0x28, 0x88, 0xFF}}},
	{{{1, 72, -86}, 0, {-16, 1008}, {0xD4, 0x1A, 0x8C, 0xFF}}},
	{{{60, 37, -102}, 0, {-16, 1008}, {0x2A, 0x2D, 0x91, 0xFF}}},
	{{{54, 60, -92}, 0, {-16, 1008}, {0x2D, 0x3A, 0x99, 0xFF}}},
	{{{-65, -96, 130}, 0, {1008, 1008}, {0x1A, 0xA6, 0x55, 0xFF}}},
	{{{-17, -97, 113}, 0, {1008, 1008}, {0x13, 0x91, 0x3A, 0xFF}}},
	{{{-41, -80, 145}, 0, {1008, 1008}, {0x15, 0x99, 0x47, 0xFF}}},
	{{{-90, -130, 107}, 0, {1008, 1008}, {0x2D, 0x93, 0x30, 0xFF}}},
	{{{-44, -114, 59}, 0, {1008, 1008}, {0x26, 0x88, 0x11, 0xFF}}},
	{{{45, -96, 87}, 0, {1008, 1008}, {0x14, 0x91, 0x3B, 0xFF}}},
	{{{2, -68, 172}, 0, {1008, 1008}, {0x0B, 0x9F, 0x51, 0xFF}}},
	{{{35, -45, 113}, 0, {1004, 1008}, {0x35, 0xEB, 0x71, 0xFF}}},
	{{{93, -78, 142}, 0, {978, 448}, {0x32, 0xDA, 0x6E, 0xFF}}},
	{{{94, -87, 82}, 0, {1008, -16}, {0x2A, 0x98, 0x3C, 0xFF}}},
	{{{34, -120, 38}, 0, {1008, 496}, {0x1A, 0x8A, 0x26, 0xFF}}},
	{{{98, -25, 97}, 0, {850, -16}, {0x27, 0x0D, 0x78, 0xFF}}},
	{{{129, -34, 95}, 0, {892, -16}, {0x05, 0xF4, 0x7E, 0xFF}}},
	{{{136, -81, 84}, 0, {1008, -16}, {0x06, 0xAA, 0x5E, 0xFF}}},
	{{{146, -91, 59}, 0, {1008, -16}, {0x14, 0x88, 0x26, 0xFF}}},
	{{{118, 16, 88}, 0, {-16, 1008}, {0x23, 0x17, 0x78, 0xFF}}},
	{{{58, -16, 113}, 0, {767, 1008}, {0x30, 0xF2, 0x75, 0xFF}}},
	{{{34, -24, 135}, 0, {888, 1008}, {0x54, 0xBD, 0x44, 0xFF}}},
	{{{-51, -51, 123}, 0, {1008, 1008}, {0xBE, 0x62, 0x2D, 0xFF}}},
	{{{-41, -80, 145}, 0, {1008, 1008}, {0x14, 0x4F, 0x61, 0xFF}}},
	{{{-65, -96, 130}, 0, {1008, 1008}, {0xEC, 0x78, 0x26, 0xFF}}},
	{{{-70, -82, 63}, 0, {-16, 1008}, {0xEA, 0x7C, 0xEE, 0xFF}}},
	{{{35, -45, 113}, 0, {1004, 1008}, {0xA9, 0x5B, 0xEF, 0xFF}}},
	{{{2, -68, 172}, 0, {1008, 1008}, {0xFE, 0x77, 0x2C, 0xFF}}},
	{{{11, -69, 0}, 0, {-16, 1008}, {0xDA, 0x79, 0x00, 0xFF}}},
	{{{-68, -81, 0}, 0, {-16, 1008}, {0xDF, 0x7B, 0x00, 0xFF}}},
	{{{-70, -82, -63}, 0, {-16, 1008}, {0xEA, 0x7C, 0x12, 0xFF}}},
	{{{35, -45, -113}, 0, {1004, 1008}, {0xA9, 0x5B, 0x11, 0xFF}}},
	{{{-51, -51, -123}, 0, {1008, 1008}, {0xBE, 0x62, 0xD3, 0xFF}}},
	{{{2, -68, -172}, 0, {1008, 1008}, {0xFE, 0x77, 0xD4, 0xFF}}},
	{{{-65, -96, -130}, 0, {1008, 1008}, {0xEC, 0x78, 0xDA, 0xFF}}},
	{{{-121, -57, -121}, 0, {-16, 1008}, {0xD8, 0x78, 0xFF, 0xFF}}},
	{{{-97, -63, -193}, 0, {1008, 1008}, {0xF6, 0x7E, 0xF3, 0xFF}}},
	{{{-145, -110, -139}, 0, {1008, 1008}, {0xE8, 0x7C, 0xF2, 0xFF}}},
	{{{-147, -112, 0}, 0, {1008, 1008}, {0xD6, 0x78, 0x00, 0xFF}}},
	{{{-190, -70, -136}, 0, {-16, 1008}, {0xE6, 0x7B, 0xF0, 0xFF}}},
	{{{-182, -76, -178}, 0, {1008, 1008}, {0xFD, 0x7D, 0xEC, 0xFF}}},
	{{{-211, -122, -127}, 0, {1008, 1008}, {0xA1, 0x3C, 0xC4, 0xFF}}},
	{{{-230, -97, -78}, 0, {-16, 1008}, {0xB4, 0x63, 0x19, 0xFF}}},
	{{{-264, -128, -105}, 0, {1008, 1008}, {0xAB, 0x5F, 0xFD, 0xFF}}},
	{{{-216, -170, 0}, 0, {1008, 1008}, {0xA4, 0x58, 0x00, 0xFF}}},
	{{{-230, -97, 78}, 0, {-16, 1008}, {0xB4, 0x63, 0xE7, 0xFF}}},
	{{{-264, -128, 105}, 0, {1008, 1008}, {0xAB, 0x5F, 0x03, 0xFF}}},
	{{{-211, -122, 127}, 0, {1008, 1008}, {0xA1, 0x3C, 0x3C, 0xFF}}},
	{{{-190, -70, 136}, 0, {-16, 1008}, {0xE6, 0x7B, 0x10, 0xFF}}},
	{{{-182, -76, 178}, 0, {1008, 1008}, {0xFD, 0x7D, 0x14, 0xFF}}},
	{{{-145, -110, 139}, 0, {1008, 1008}, {0xE8, 0x7C, 0x0E, 0xFF}}},
	{{{-121, -57, 121}, 0, {-16, 1008}, {0xD8, 0x78, 0x01, 0xFF}}},
	{{{-97, -63, 193}, 0, {1008, 1008}, {0xF6, 0x7E, 0x0D, 0xFF}}},
	{{{-65, -96, 130}, 0, {1008, 1008}, {0xFD, 0x8A, 0x2F, 0xFF}}},
	{{{-44, -114, 59}, 0, {1008, 1008}, {0x02, 0x85, 0x21, 0xFF}}},
	{{{-90, -130, 107}, 0, {1008, 1008}, {0xB0, 0x57, 0xD2, 0xFF}}},
	{{{-145, -110, 139}, 0, {1008, 1008}, {0x2A, 0x9C, 0x42, 0xFF}}},
	{{{-97, -63, 193}, 0, {1008, 1008}, {0x1B, 0x98, 0x44, 0xFF}}},
	{{{-178, -143, 123}, 0, {1008, 1008}, {0x32, 0x9B, 0x3A, 0xFF}}},
	{{{-148, -142, 84}, 0, {1008, 1008}, {0x01, 0x87, 0x26, 0xFF}}},
	{{{-93, -138, 44}, 0, {1008, 1008}, {0x23, 0x8C, 0x26, 0xFF}}},
	{{{-216, -170, 0}, 0, {1008, 1008}, {0x08, 0x81, 0x01, 0xFF}}},
	{{{-145, -110, 139}, 0, {1008, 1008}, {0xDE, 0x9A, 0x44, 0xFF}}},
	{{{-178, -143, 123}, 0, {1008, 1008}, {0xBB, 0x5D, 0xCD, 0xFF}}},
	{{{-211, -122, 127}, 0, {1008, 1008}, {0x05, 0x8D, 0x36, 0xFF}}},
	{{{-264, -128, 105}, 0, {1008, 1008}, {0xFA, 0x89, 0x2D, 0xFF}}},
	{{{-182, -76, 178}, 0, {1008, 1008}, {0x01, 0xA1, 0x54, 0xFF}}},
	{{{-132, -152, -62}, 0, {1008, 1008}, {0xC3, 0x95, 0xE2, 0xFF}}},
	{{{-172, -186, -5}, 0, {1008, 1008}, {0xB9, 0x68, 0x0C, 0xFF}}},
	{{{-264, -128, -105}, 0, {1008, 1008}, {0xFA, 0x89, 0xD3, 0xFF}}},
	{{{-211, -122, -127}, 0, {1008, 1008}, {0x05, 0x8D, 0xCA, 0xFF}}},
	{{{-145, -110, -139}, 0, {1008, 1008}, {0xF0, 0x93, 0xC0, 0xFF}}},
	{{{-182, -76, -178}, 0, {1008, 1008}, {0x01, 0xA1, 0xAC, 0xFF}}},
	{{{-132, -152, -62}, 0, {1008, 1008}, {0xC3, 0x95, 0xE2, 0xFF}}},
	{{{-150, -153, -99}, 0, {1008, 1008}, {0x99, 0x39, 0x30, 0xFF}}},
	{{{121, 38, -80}, 0, {-16, -16}, {0x29, 0x23, 0x8D, 0xFF}}},
	{{{118, 16, -88}, 0, {-16, 1008}, {0x23, 0x17, 0x88, 0xFF}}},
	{{{69, 28, -102}, 0, {-16, 1008}, {0x2B, 0x18, 0x8B, 0xFF}}},
	{{{98, -25, -97}, 0, {850, -16}, {0x27, 0x0D, 0x88, 0xFF}}},
	{{{129, -34, -95}, 0, {892, -16}, {0x05, 0xF4, 0x82, 0xFF}}},
	{{{-65, -96, -130}, 0, {1008, 1008}, {0x19, 0xA2, 0xAE, 0xFF}}},
	{{{-41, -80, -145}, 0, {1008, 1008}, {0x15, 0x99, 0xB9, 0xFF}}},
	{{{-17, -97, -113}, 0, {1008, 1008}, {0x11, 0x91, 0xC5, 0xFF}}},
	{{{-93, -122, -111}, 0, {1008, 1008}, {0x22, 0x94, 0xC7, 0xFF}}},
	{{{-54, -114, -87}, 0, {1008, 1008}, {0x27, 0x8A, 0xE5, 0xFF}}},
	{{{-38, -112, -69}, 0, {1008, 1008}, {0x0C, 0x91, 0xC4, 0xFF}}},
	{{{-132, -152, -62}, 0, {1008, 1008}, {0x31, 0x8E, 0xE5, 0xFF}}},
	{{{-102, -156, -3}, 0, {1008, 1008}, {0x37, 0x8E, 0x02, 0xFF}}},
	{{{-79, -184, -16}, 0, {1008, 1008}, {0x90, 0x3C, 0xFC, 0xFF}}},
	{{{-172, -186, -5}, 0, {1008, 1008}, {0x32, 0x8C, 0xF6, 0xFF}}},
	{{{-51, -51, -123}, 0, {1008, 1008}, {0xBE, 0x62, 0xD3, 0xFF}}},
	{{{2, -68, -172}, 0, {1008, 1008}, {0x0B, 0x9F, 0xAF, 0xFF}}},
	{{{-41, -80, -145}, 0, {1008, 1008}, {0x14, 0x4F, 0x9F, 0xFF}}},
	{{{-65, -96, -130}, 0, {1008, 1008}, {0xEC, 0x78, 0xDA, 0xFF}}},
	{{{-145, -110, -139}, 0, {1008, 1008}, {0x24, 0x9F, 0xB6, 0xFF}}},
	{{{-97, -63, -193}, 0, {1008, 1008}, {0x1B, 0x98, 0xBC, 0xFF}}},
	{{{-65, -96, -130}, 0, {1008, 1008}, {0x0A, 0x90, 0xC4, 0xFF}}},
	{{{-93, -122, -111}, 0, {1008, 1008}, {0xC8, 0x63, 0x39, 0xFF}}},
	{{{-150, -153, -99}, 0, {1008, 1008}, {0x31, 0x9A, 0xC5, 0xFF}}},
	{{{45, -96, 87}, 0, {1008, 1008}, {0x1A, 0x89, 0x24, 0xFF}}},
	{{{66, -118, -1}, 0, {1008, 1008}, {0x0A, 0x86, 0x21, 0xFF}}},
	{{{34, -120, 38}, 0, {1008, 496}, {0xCB, 0x6D, 0xD8, 0xFF}}},
	{{{-55, -134, 61}, 0, {1008, 1008}, {0x23, 0x8C, 0x25, 0xFF}}},
	{{{45, -96, 87}, 0, {1008, 1008}, {0xD5, 0x24, 0x72, 0xFF}}},
	{{{-44, -114, 59}, 0, {1008, 1008}, {0x92, 0x3E, 0x0D, 0xFF}}},
	{{{-55, -134, 61}, 0, {1008, 1008}, {0x91, 0x3A, 0xEA, 0xFF}}},
	{{{66, -118, -1}, 0, {1008, 1008}, {0xC5, 0x14, 0x92, 0xFF}}},
	{{{46, 10, -85}, 0, {-16, 1008}, {0xA1, 0xCA, 0xBF, 0xFF}}},
	{{{38, -38, -60}, 0, {-16, 1008}, {0x94, 0xBF, 0xF0, 0xFF}}},
	{{{24, -11, -68}, 0, {-16, 1008}, {0xA4, 0xBB, 0xCA, 0xFF}}},
	{{{95, -54, -55}, 0, {-16, 1008}, {0x84, 0xFD, 0xE6, 0xFF}}},
	{{{76, 11, -82}, 0, {-16, 1008}, {0x99, 0xCD, 0xCA, 0xFF}}},
	{{{113, 12, -81}, 0, {-16, 1008}, {0x8F, 0xE6, 0xCC, 0xFF}}},
	{{{33, -62, -31}, 0, {-16, 1008}, {0x92, 0xFC, 0xC0, 0xFF}}},
	{{{93, -71, 0}, 0, {-16, 1008}, {0x8A, 0xFF, 0xD2, 0xFF}}},
	{{{33, -62, 31}, 0, {-16, 1008}, {0x88, 0x08, 0xD7, 0xFF}}},
	{{{95, -54, 55}, 0, {-16, 1008}, {0x90, 0x07, 0xC4, 0xFF}}},
	{{{95, -54, 55}, 0, {-16, 1008}, {0x90, 0x07, 0xC4, 0xFF}}},
	{{{38, -38, 60}, 0, {-16, 1008}, {0x8D, 0xF2, 0xCC, 0xFF}}},
	{{{33, -62, 31}, 0, {-16, 1008}, {0x88, 0x08, 0xD7, 0xFF}}},
	{{{46, 10, 85}, 0, {-16, 1008}, {0xBE, 0xDF, 0x99, 0xFF}}},
	{{{76, 11, 82}, 0, {-16, 1008}, {0xBB, 0xE4, 0x99, 0xFF}}},
	{{{113, 12, 81}, 0, {-16, 1008}, {0xAD, 0xF0, 0xA1, 0xFF}}},
	{{{24, -11, 68}, 0, {-16, 1008}, {0x96, 0xBF, 0x1B, 0xFF}}},
	{{{10, -31, 33}, 0, {-16, 1008}, {0x96, 0xE6, 0xBF, 0xFF}}},
	{{{33, -62, -31}, 0, {-16, 1008}, {0x92, 0xFC, 0xC0, 0xFF}}},
	{{{10, -31, -33}, 0, {-16, 1008}, {0x8D, 0xE3, 0xD2, 0xFF}}},
	{{{38, -38, -60}, 0, {-16, 1008}, {0x94, 0xBF, 0xF0, 0xFF}}},
	{{{24, -11, -68}, 0, {-16, 1008}, {0xA4, 0xBB, 0xCA, 0xFF}}},
};

Gfx squishy_Head_DL_mesh_layer_1_tri_1[] = {
	gsSPVertex(squishy_Head_DL_mesh_layer_1_vtx_1 + 0, 64, 0),
	gsSP2Triangles(0, 1, 2, 0, 1, 3, 2, 0),
	gsSP2Triangles(4, 3, 1, 0, 4, 1, 5, 0),
	gsSP2Triangles(1, 6, 5, 0, 6, 7, 5, 0),
	gsSP2Triangles(8, 7, 6, 0, 7, 9, 5, 0),
	gsSP2Triangles(9, 7, 10, 0, 9, 11, 5, 0),
	gsSP2Triangles(11, 4, 5, 0, 12, 13, 14, 0),
	gsSP2Triangles(14, 13, 15, 0, 16, 15, 13, 0),
	gsSP2Triangles(17, 16, 13, 0, 18, 17, 13, 0),
	gsSP2Triangles(19, 18, 13, 0, 20, 19, 13, 0),
	gsSP2Triangles(21, 20, 13, 0, 22, 21, 13, 0),
	gsSP2Triangles(21, 22, 23, 0, 22, 24, 23, 0),
	gsSP2Triangles(22, 25, 24, 0, 26, 25, 22, 0),
	gsSP2Triangles(22, 27, 26, 0, 26, 27, 28, 0),
	gsSP2Triangles(28, 27, 29, 0, 29, 27, 30, 0),
	gsSP2Triangles(30, 27, 31, 0, 31, 27, 32, 0),
	gsSP2Triangles(32, 27, 33, 0, 34, 33, 27, 0),
	gsSP2Triangles(35, 34, 27, 0, 36, 26, 28, 0),
	gsSP2Triangles(37, 26, 36, 0, 38, 26, 37, 0),
	gsSP2Triangles(25, 26, 38, 0, 39, 20, 21, 0),
	gsSP2Triangles(40, 39, 21, 0, 41, 40, 21, 0),
	gsSP2Triangles(23, 41, 21, 0, 42, 43, 44, 0),
	gsSP2Triangles(45, 42, 44, 0, 46, 45, 44, 0),
	gsSP2Triangles(47, 45, 46, 0, 47, 46, 48, 0),
	gsSP2Triangles(46, 49, 48, 0, 50, 49, 46, 0),
	gsSP2Triangles(51, 50, 46, 0, 51, 46, 52, 0),
	gsSP2Triangles(46, 53, 52, 0, 53, 46, 54, 0),
	gsSP2Triangles(53, 55, 52, 0, 56, 42, 57, 0),
	gsSP2Triangles(42, 58, 57, 0, 59, 58, 42, 0),
	gsSP2Triangles(42, 60, 59, 0, 42, 61, 60, 0),
	gsSP2Triangles(61, 42, 45, 0, 45, 62, 61, 0),
	gsSP1Triangle(45, 63, 62, 0),
	gsSPVertex(squishy_Head_DL_mesh_layer_1_vtx_1 + 64, 64, 0),
	gsSP2Triangles(0, 1, 2, 0, 3, 0, 2, 0),
	gsSP2Triangles(3, 4, 0, 0, 4, 5, 0, 0),
	gsSP2Triangles(4, 6, 5, 0, 5, 7, 0, 0),
	gsSP2Triangles(5, 8, 7, 0, 9, 8, 5, 0),
	gsSP2Triangles(10, 8, 9, 0, 11, 8, 10, 0),
	gsSP2Triangles(10, 12, 11, 0, 13, 8, 11, 0),
	gsSP2Triangles(7, 8, 13, 0, 14, 13, 11, 0),
	gsSP2Triangles(15, 16, 17, 0, 16, 15, 18, 0),
	gsSP2Triangles(19, 16, 18, 0, 19, 20, 16, 0),
	gsSP2Triangles(16, 20, 21, 0, 20, 22, 21, 0),
	gsSP2Triangles(23, 22, 20, 0, 23, 20, 24, 0),
	gsSP2Triangles(24, 20, 25, 0, 23, 24, 26, 0),
	gsSP2Triangles(26, 24, 27, 0, 24, 28, 27, 0),
	gsSP2Triangles(24, 29, 28, 0, 30, 26, 27, 0),
	gsSP2Triangles(23, 26, 22, 0, 22, 26, 31, 0),
	gsSP2Triangles(22, 31, 32, 0, 16, 21, 33, 0),
	gsSP2Triangles(34, 16, 33, 0, 34, 33, 35, 0),
	gsSP2Triangles(35, 33, 36, 0, 36, 33, 37, 0),
	gsSP2Triangles(38, 37, 33, 0, 36, 37, 39, 0),
	gsSP2Triangles(40, 36, 39, 0, 40, 39, 41, 0),
	gsSP2Triangles(41, 39, 42, 0, 41, 42, 43, 0),
	gsSP2Triangles(44, 43, 42, 0, 45, 41, 43, 0),
	gsSP2Triangles(46, 41, 45, 0, 47, 46, 45, 0),
	gsSP2Triangles(48, 46, 47, 0, 48, 49, 46, 0),
	gsSP2Triangles(50, 49, 48, 0, 51, 50, 48, 0),
	gsSP2Triangles(52, 50, 51, 0, 53, 50, 52, 0),
	gsSP2Triangles(54, 53, 52, 0, 55, 53, 54, 0),
	gsSP2Triangles(55, 49, 53, 0, 55, 56, 49, 0),
	gsSP2Triangles(55, 57, 56, 0, 57, 58, 56, 0),
	gsSP2Triangles(56, 58, 59, 0, 58, 60, 59, 0),
	gsSP2Triangles(60, 61, 59, 0, 59, 61, 49, 0),
	gsSP2Triangles(61, 62, 49, 0, 61, 63, 62, 0),
	gsSP2Triangles(63, 35, 62, 0, 62, 35, 36, 0),
	gsSP2Triangles(49, 62, 36, 0, 36, 40, 49, 0),
	gsSP2Triangles(41, 49, 40, 0, 49, 41, 46, 0),
	gsSP2Triangles(49, 56, 59, 0, 49, 50, 53, 0),
	gsSPVertex(squishy_Head_DL_mesh_layer_1_vtx_1 + 128, 64, 0),
	gsSP2Triangles(0, 1, 2, 0, 3, 1, 0, 0),
	gsSP2Triangles(3, 0, 4, 0, 1, 3, 5, 0),
	gsSP2Triangles(1, 5, 6, 0, 7, 1, 6, 0),
	gsSP2Triangles(8, 7, 6, 0, 9, 8, 6, 0),
	gsSP2Triangles(9, 6, 10, 0, 11, 8, 9, 0),
	gsSP2Triangles(8, 11, 12, 0, 11, 9, 13, 0),
	gsSP2Triangles(14, 7, 8, 0, 7, 14, 15, 0),
	gsSP2Triangles(8, 16, 17, 0, 17, 18, 8, 0),
	gsSP2Triangles(17, 19, 18, 0, 8, 18, 20, 0),
	gsSP2Triangles(20, 18, 21, 0, 22, 23, 24, 0),
	gsSP2Triangles(24, 23, 25, 0, 23, 26, 25, 0),
	gsSP2Triangles(27, 28, 29, 0, 27, 29, 30, 0),
	gsSP2Triangles(29, 31, 30, 0, 31, 29, 32, 0),
	gsSP2Triangles(31, 32, 33, 0, 33, 32, 34, 0),
	gsSP2Triangles(1, 34, 32, 0, 1, 32, 35, 0),
	gsSP2Triangles(1, 7, 34, 0, 7, 36, 34, 0),
	gsSP2Triangles(36, 33, 34, 0, 29, 37, 38, 0),
	gsSP2Triangles(39, 37, 29, 0, 39, 40, 37, 0),
	gsSP2Triangles(41, 42, 43, 0, 41, 43, 31, 0),
	gsSP2Triangles(31, 43, 44, 0, 41, 31, 45, 0),
	gsSP2Triangles(31, 33, 45, 0, 46, 47, 48, 0),
	gsSP2Triangles(47, 46, 49, 0, 50, 51, 52, 0),
	gsSP2Triangles(51, 53, 52, 0, 54, 55, 56, 0),
	gsSP2Triangles(57, 55, 54, 0, 58, 57, 54, 0),
	gsSP2Triangles(59, 57, 58, 0, 55, 57, 60, 0),
	gsSP2Triangles(57, 61, 60, 0, 60, 61, 62, 0),
	gsSP1Triangle(61, 63, 62, 0),
	gsSPVertex(squishy_Head_DL_mesh_layer_1_vtx_1 + 192, 12, 0),
	gsSP2Triangles(0, 1, 2, 0, 3, 1, 0, 0),
	gsSP2Triangles(3, 0, 4, 0, 4, 0, 5, 0),
	gsSP2Triangles(6, 1, 3, 0, 7, 1, 6, 0),
	gsSP2Triangles(1, 7, 2, 0, 7, 8, 2, 0),
	gsSP2Triangles(7, 9, 8, 0, 9, 10, 8, 0),
	gsSP1Triangle(11, 10, 9, 0),
	gsSPEndDisplayList(),
};

Vtx squishy_Head_DL_mesh_layer_1_vtx_2[117] = {
	{{{99, -126, -69}, 0, {-16, -16}, {0x9D, 0xB0, 0xF7, 0xFF}}},
	{{{99, -119, -104}, 0, {-16, -16}, {0xED, 0xCE, 0x8D, 0xFF}}},
	{{{118, -149, -69}, 0, {-16, 1008}, {0xE0, 0x8A, 0xDE, 0xFF}}},
	{{{126, -122, -104}, 0, {-16, -16}, {0x1E, 0xD6, 0x8C, 0xFF}}},
	{{{142, -59, -91}, 0, {-16, -16}, {0x37, 0x08, 0x8E, 0xFF}}},
	{{{100, -12, -100}, 0, {-16, 546}, {0x1E, 0x03, 0x85, 0xFF}}},
	{{{163, -137, -71}, 0, {-16, -16}, {0x5B, 0xB8, 0xCC, 0xFF}}},
	{{{175, -84, -46}, 0, {-16, -16}, {0x7A, 0xF2, 0xE1, 0xFF}}},
	{{{174, -84, 47}, 0, {-16, -16}, {0x7A, 0xF4, 0x21, 0xFF}}},
	{{{163, -137, 71}, 0, {-16, -16}, {0x5B, 0xB8, 0x33, 0xFF}}},
	{{{142, -59, 91}, 0, {-16, -16}, {0x37, 0x08, 0x72, 0xFF}}},
	{{{126, -122, 104}, 0, {-16, -16}, {0x1E, 0xD6, 0x74, 0xFF}}},
	{{{99, -119, 104}, 0, {-16, -16}, {0xED, 0xCE, 0x73, 0xFF}}},
	{{{100, -12, 100}, 0, {-16, 546}, {0x1E, 0x03, 0x7B, 0xFF}}},
	{{{118, -149, 69}, 0, {-16, 1008}, {0xE0, 0x8A, 0x22, 0xFF}}},
	{{{99, -126, 69}, 0, {-16, -16}, {0x9D, 0xB0, 0x09, 0xFF}}},
	{{{99, -126, -69}, 0, {-16, -16}, {0x81, 0x01, 0x01, 0xFF}}},
	{{{100, -12, -100}, 0, {-16, 546}, {0x81, 0x08, 0x00, 0xFF}}},
	{{{99, -119, -104}, 0, {-16, -16}, {0x81, 0x01, 0x02, 0xFF}}},
	{{{100, -12, 100}, 0, {-16, 546}, {0x81, 0x08, 0x00, 0xFF}}},
	{{{99, -126, 69}, 0, {-16, -16}, {0x81, 0x01, 0xFF, 0xFF}}},
	{{{99, -119, 104}, 0, {-16, -16}, {0x81, 0x01, 0xFE, 0xFF}}},
	{{{109, 68, 104}, 0, {-16, 1008}, {0x81, 0x05, 0xFB, 0xFF}}},
	{{{109, 68, -104}, 0, {-16, 1008}, {0x81, 0x05, 0x05, 0xFF}}},
	{{{183, -82, -58}, 0, {-16, -16}, {0x54, 0xC0, 0xB9, 0xFF}}},
	{{{175, -84, -46}, 0, {-16, -16}, {0x11, 0x83, 0xF2, 0xFF}}},
	{{{142, -59, -91}, 0, {-16, -16}, {0x41, 0xDB, 0x99, 0xFF}}},
	{{{183, -70, -45}, 0, {-16, -16}, {0x7C, 0x12, 0xE9, 0xFF}}},
	{{{183, -81, 56}, 0, {-16, -16}, {0x59, 0xC3, 0x43, 0xFF}}},
	{{{183, -70, 45}, 0, {-16, -16}, {0x7C, 0x12, 0x17, 0xFF}}},
	{{{142, -59, 91}, 0, {-16, -16}, {0x43, 0xDB, 0x65, 0xFF}}},
	{{{174, -84, 47}, 0, {-16, -16}, {0x12, 0x84, 0x14, 0xFF}}},
	{{{175, -84, -46}, 0, {-16, -16}, {0x11, 0x83, 0xF2, 0xFF}}},
	{{{106, 168, -121}, 0, {-16, 1008}, {0x81, 0x05, 0x09, 0xFF}}},
	{{{104, 119, -122}, 0, {-16, 253}, {0x82, 0xFD, 0x0C, 0xFF}}},
	{{{114, 172, 0}, 0, {273, 1008}, {0x81, 0x00, 0x00, 0xFF}}},
	{{{109, 68, 104}, 0, {-16, 57}, {0x81, 0x05, 0xFB, 0xFF}}},
	{{{104, 119, 122}, 0, {-16, 253}, {0x82, 0xFD, 0xF4, 0xFF}}},
	{{{106, 168, 121}, 0, {-16, 1008}, {0x81, 0x05, 0xF7, 0xFF}}},
	{{{219, -47, -49}, 0, {-16, -16}, {0x5F, 0xB0, 0xE8, 0xFF}}},
	{{{183, -70, 45}, 0, {-16, -16}, {0x36, 0x90, 0x17, 0xFF}}},
	{{{183, -70, -45}, 0, {-16, -16}, {0x36, 0x90, 0xE9, 0xFF}}},
	{{{219, -47, 49}, 0, {-16, -16}, {0x5F, 0xB0, 0x18, 0xFF}}},
	{{{238, 7, -50}, 0, {-16, -16}, {0x7B, 0xEE, 0xE6, 0xFF}}},
	{{{204, -46, -89}, 0, {-16, -16}, {0x43, 0xB6, 0xB2, 0xFF}}},
	{{{142, -59, -91}, 0, {-16, -16}, {0x04, 0xA3, 0xAA, 0xFF}}},
	{{{140, -41, -105}, 0, {-16, -16}, {0xEC, 0xC4, 0x92, 0xFF}}},
	{{{100, -12, -100}, 0, {-16, 546}, {0xD7, 0xEB, 0x8A, 0xFF}}},
	{{{141, 7, -115}, 0, {-16, -16}, {0xF0, 0xF3, 0x83, 0xFF}}},
	{{{109, 68, -104}, 0, {-16, 1008}, {0xDA, 0x37, 0x94, 0xFF}}},
	{{{141, 69, -111}, 0, {-16, -16}, {0xF2, 0x36, 0x8E, 0xFF}}},
	{{{176, 68, -112}, 0, {-16, -16}, {0x1C, 0x3A, 0x93, 0xFF}}},
	{{{141, 93, -85}, 0, {-16, -16}, {0xF0, 0x6E, 0xC3, 0xFF}}},
	{{{109, 68, -104}, 0, {-16, 57}, {0xDA, 0x37, 0x94, 0xFF}}},
	{{{122, 96, -55}, 0, {145, 161}, {0xCF, 0x72, 0xE6, 0xFF}}},
	{{{139, 103, -49}, 0, {-16, -16}, {0xE4, 0x7B, 0xEF, 0xFF}}},
	{{{139, 103, 49}, 0, {-16, -16}, {0xE4, 0x7B, 0x11, 0xFF}}},
	{{{122, 96, 55}, 0, {145, 161}, {0xCF, 0x72, 0x1A, 0xFF}}},
	{{{141, 93, 85}, 0, {-16, -16}, {0xF0, 0x6E, 0x3D, 0xFF}}},
	{{{109, 68, 104}, 0, {-16, 57}, {0xDA, 0x37, 0x6C, 0xFF}}},
	{{{141, 69, 111}, 0, {-16, -16}, {0xF2, 0x36, 0x72, 0xFF}}},
	{{{176, 68, 112}, 0, {-16, -16}, {0x1C, 0x3A, 0x6D, 0xFF}}},
	{{{141, 7, 115}, 0, {-16, -16}, {0xF0, 0xF3, 0x7D, 0xFF}}},
	{{{109, 68, 104}, 0, {-16, 1008}, {0xDA, 0x37, 0x6C, 0xFF}}},
	{{{141, 7, 115}, 0, {-16, -16}, {0xF0, 0xF3, 0x7D, 0xFF}}},
	{{{109, 68, 104}, 0, {-16, 1008}, {0xDA, 0x37, 0x6C, 0xFF}}},
	{{{100, -12, 100}, 0, {-16, 546}, {0xD7, 0xEB, 0x76, 0xFF}}},
	{{{140, -41, 105}, 0, {-16, -16}, {0xEC, 0xC4, 0x6E, 0xFF}}},
	{{{142, -59, 91}, 0, {-16, -16}, {0x04, 0xA3, 0x56, 0xFF}}},
	{{{204, -46, 89}, 0, {-16, -16}, {0x43, 0xB6, 0x4F, 0xFF}}},
	{{{183, -70, 45}, 0, {-16, -16}, {0x36, 0x90, 0x17, 0xFF}}},
	{{{219, -47, 49}, 0, {-16, -16}, {0x5F, 0xB0, 0x18, 0xFF}}},
	{{{238, 7, 50}, 0, {-16, -16}, {0x7B, 0xEE, 0x1A, 0xFF}}},
	{{{238, 7, -50}, 0, {-16, -16}, {0x7B, 0xEE, 0xE6, 0xFF}}},
	{{{235, 65, -50}, 0, {-16, -16}, {0x76, 0x27, 0xE6, 0xFF}}},
	{{{217, 7, -95}, 0, {-16, -16}, {0x5C, 0xF2, 0xAA, 0xFF}}},
	{{{204, -46, -89}, 0, {-16, -16}, {0x43, 0xB6, 0xB2, 0xFF}}},
	{{{177, 7, -117}, 0, {-16, -16}, {0x1D, 0xF2, 0x85, 0xFF}}},
	{{{140, -41, -105}, 0, {-16, -16}, {0xEC, 0xC4, 0x92, 0xFF}}},
	{{{141, 7, -115}, 0, {-16, -16}, {0xF0, 0xF3, 0x83, 0xFF}}},
	{{{176, 68, -112}, 0, {-16, -16}, {0x1C, 0x3A, 0x93, 0xFF}}},
	{{{216, 65, -92}, 0, {-16, -16}, {0x52, 0x32, 0xAD, 0xFF}}},
	{{{216, 94, -48}, 0, {-16, -16}, {0x4B, 0x62, 0xE2, 0xFF}}},
	{{{187, 106, -47}, 0, {-16, -16}, {0x18, 0x79, 0xE3, 0xFF}}},
	{{{141, 93, -85}, 0, {-16, -16}, {0xF0, 0x6E, 0xC3, 0xFF}}},
	{{{139, 103, -49}, 0, {-16, -16}, {0xE4, 0x7B, 0xEF, 0xFF}}},
	{{{187, 106, 47}, 0, {-16, -16}, {0x18, 0x79, 0x1D, 0xFF}}},
	{{{139, 103, 49}, 0, {-16, -16}, {0xE4, 0x7B, 0x11, 0xFF}}},
	{{{141, 93, 85}, 0, {-16, -16}, {0xF0, 0x6E, 0x3D, 0xFF}}},
	{{{176, 68, 112}, 0, {-16, -16}, {0x1C, 0x3A, 0x6D, 0xFF}}},
	{{{216, 94, 48}, 0, {-16, -16}, {0x4B, 0x62, 0x1E, 0xFF}}},
	{{{216, 65, 92}, 0, {-16, -16}, {0x52, 0x32, 0x53, 0xFF}}},
	{{{177, 7, 117}, 0, {-16, -16}, {0x1D, 0xF2, 0x7B, 0xFF}}},
	{{{217, 7, 95}, 0, {-16, -16}, {0x5C, 0xF2, 0x56, 0xFF}}},
	{{{235, 65, 50}, 0, {-16, -16}, {0x76, 0x27, 0x1A, 0xFF}}},
	{{{163, -137, -71}, 0, {-16, -16}, {0x5B, 0xB8, 0xCC, 0xFF}}},
	{{{163, -137, 71}, 0, {-16, -16}, {0x5B, 0xB8, 0x33, 0xFF}}},
	{{{118, -153, 0}, 0, {496, -16}, {0xD9, 0x87, 0x00, 0xFF}}},
	{{{118, -149, 69}, 0, {-16, -16}, {0xE0, 0x8A, 0x22, 0xFF}}},
	{{{99, -126, 69}, 0, {-16, -16}, {0x9D, 0xB0, 0x09, 0xFF}}},
	{{{99, -126, -69}, 0, {-16, -16}, {0x9D, 0xB0, 0xF7, 0xFF}}},
	{{{118, -149, -69}, 0, {-16, -16}, {0xE0, 0x8A, 0xDE, 0xFF}}},
	{{{104, 119, -122}, 0, {-16, 253}, {0xD0, 0xE7, 0x8D, 0xFF}}},
	{{{106, 168, -121}, 0, {-16, 1008}, {0xAE, 0x41, 0xB7, 0xFF}}},
	{{{150, 191, -145}, 0, {-16, 1008}, {0x3B, 0x41, 0xA4, 0xFF}}},
	{{{130, 189, 0}, 0, {303, 1008}, {0x40, 0x6E, 0x00, 0xFF}}},
	{{{114, 172, 0}, 0, {273, 1008}, {0xB8, 0x68, 0x00, 0xFF}}},
	{{{106, 168, 121}, 0, {-16, 1008}, {0xAE, 0x41, 0x49, 0xFF}}},
	{{{150, 191, 145}, 0, {-16, 1008}, {0x3B, 0x41, 0x5C, 0xFF}}},
	{{{104, 119, 122}, 0, {-16, 253}, {0xD0, 0xE7, 0x73, 0xFF}}},
	{{{121, 124, 130}, 0, {-16, 253}, {0x37, 0xD9, 0x6B, 0xFF}}},
	{{{109, 68, 104}, 0, {-16, 57}, {0x72, 0xD7, 0x26, 0xFF}}},
	{{{122, 96, 55}, 0, {145, 161}, {0x7E, 0xF5, 0x05, 0xFF}}},
	{{{124, 131, 0}, 0, {186, 378}, {0x7D, 0x13, 0xFD, 0xFF}}},
	{{{122, 96, -55}, 0, {145, 161}, {0x7E, 0xF5, 0xFB, 0xFF}}},
	{{{121, 124, -130}, 0, {-16, 253}, {0x37, 0xD9, 0x95, 0xFF}}},
	{{{109, 68, -104}, 0, {-16, 57}, {0x72, 0xD7, 0xDA, 0xFF}}},
};

Gfx squishy_Head_DL_mesh_layer_1_tri_2[] = {
	gsSPVertex(squishy_Head_DL_mesh_layer_1_vtx_2 + 0, 64, 0),
	gsSP2Triangles(0, 1, 2, 0, 2, 1, 3, 0),
	gsSP2Triangles(1, 4, 3, 0, 1, 5, 4, 0),
	gsSP2Triangles(6, 3, 4, 0, 6, 2, 3, 0),
	gsSP2Triangles(4, 7, 6, 0, 7, 8, 6, 0),
	gsSP2Triangles(8, 9, 6, 0, 8, 10, 9, 0),
	gsSP2Triangles(9, 10, 11, 0, 12, 11, 10, 0),
	gsSP2Triangles(12, 10, 13, 0, 14, 11, 12, 0),
	gsSP2Triangles(9, 11, 14, 0, 15, 14, 12, 0),
	gsSP2Triangles(16, 17, 18, 0, 16, 19, 17, 0),
	gsSP2Triangles(16, 20, 19, 0, 20, 21, 19, 0),
	gsSP2Triangles(17, 19, 22, 0, 17, 22, 23, 0),
	gsSP2Triangles(24, 25, 26, 0, 27, 24, 26, 0),
	gsSP2Triangles(28, 24, 27, 0, 28, 27, 29, 0),
	gsSP2Triangles(28, 29, 30, 0, 31, 28, 30, 0),
	gsSP2Triangles(31, 24, 28, 0, 31, 32, 24, 0),
	gsSP2Triangles(33, 34, 35, 0, 34, 23, 35, 0),
	gsSP2Triangles(23, 36, 35, 0, 36, 37, 35, 0),
	gsSP2Triangles(38, 35, 37, 0, 39, 40, 41, 0),
	gsSP2Triangles(39, 42, 40, 0, 43, 42, 39, 0),
	gsSP2Triangles(43, 39, 44, 0, 39, 41, 44, 0),
	gsSP2Triangles(41, 45, 44, 0, 46, 44, 45, 0),
	gsSP2Triangles(47, 46, 45, 0, 47, 48, 46, 0),
	gsSP2Triangles(48, 47, 49, 0, 50, 48, 49, 0),
	gsSP2Triangles(51, 48, 50, 0, 52, 51, 50, 0),
	gsSP2Triangles(52, 50, 53, 0, 52, 53, 54, 0),
	gsSP2Triangles(55, 52, 54, 0, 56, 55, 54, 0),
	gsSP2Triangles(56, 54, 57, 0, 56, 57, 58, 0),
	gsSP2Triangles(58, 57, 59, 0, 58, 59, 60, 0),
	gsSP2Triangles(58, 60, 61, 0, 61, 60, 62, 0),
	gsSP1Triangle(60, 63, 62, 0),
	gsSPVertex(squishy_Head_DL_mesh_layer_1_vtx_2 + 64, 53, 0),
	gsSP2Triangles(0, 1, 2, 0, 2, 3, 0, 0),
	gsSP2Triangles(2, 4, 3, 0, 3, 4, 5, 0),
	gsSP2Triangles(5, 4, 6, 0, 7, 5, 6, 0),
	gsSP2Triangles(8, 5, 7, 0, 9, 8, 7, 0),
	gsSP2Triangles(9, 10, 8, 0, 10, 9, 11, 0),
	gsSP2Triangles(9, 12, 11, 0, 11, 12, 13, 0),
	gsSP2Triangles(13, 12, 14, 0, 13, 14, 15, 0),
	gsSP2Triangles(16, 13, 15, 0, 17, 13, 16, 0),
	gsSP2Triangles(18, 17, 16, 0, 19, 18, 16, 0),
	gsSP2Triangles(20, 19, 16, 0, 19, 20, 21, 0),
	gsSP2Triangles(19, 21, 22, 0, 21, 23, 22, 0),
	gsSP2Triangles(22, 23, 24, 0, 24, 25, 22, 0),
	gsSP2Triangles(22, 25, 26, 0, 26, 25, 27, 0),
	gsSP2Triangles(27, 25, 28, 0, 25, 0, 28, 0),
	gsSP2Triangles(28, 0, 3, 0, 28, 3, 5, 0),
	gsSP2Triangles(29, 28, 5, 0, 8, 29, 5, 0),
	gsSP2Triangles(30, 29, 8, 0, 10, 30, 8, 0),
	gsSP2Triangles(10, 18, 30, 0, 18, 10, 17, 0),
	gsSP2Triangles(10, 11, 17, 0, 17, 11, 13, 0),
	gsSP2Triangles(18, 26, 30, 0, 18, 19, 26, 0),
	gsSP2Triangles(19, 22, 26, 0, 26, 27, 30, 0),
	gsSP2Triangles(30, 27, 29, 0, 27, 28, 29, 0),
	gsSP2Triangles(31, 32, 33, 0, 32, 34, 33, 0),
	gsSP2Triangles(34, 35, 33, 0, 33, 35, 36, 0),
	gsSP2Triangles(37, 33, 36, 0, 37, 31, 33, 0),
	gsSP2Triangles(38, 39, 40, 0, 39, 41, 40, 0),
	gsSP2Triangles(39, 42, 41, 0, 43, 41, 42, 0),
	gsSP2Triangles(43, 44, 41, 0, 45, 44, 43, 0),
	gsSP2Triangles(45, 46, 44, 0, 47, 46, 45, 0),
	gsSP2Triangles(46, 47, 48, 0, 46, 48, 49, 0),
	gsSP2Triangles(50, 49, 48, 0, 49, 50, 51, 0),
	gsSP2Triangles(51, 50, 52, 0, 52, 38, 51, 0),
	gsSP2Triangles(38, 40, 51, 0, 40, 41, 51, 0),
	gsSP2Triangles(41, 49, 51, 0, 41, 46, 49, 0),
	gsSP1Triangle(44, 46, 41, 0),
	gsSPEndDisplayList(),
};

Vtx squishy_Head_DL_mesh_layer_1_vtx_3[28] = {
	{{{46, 10, -85}, 0, {-16, 1008}, {0xA1, 0xCA, 0xBF, 0xFF}}},
	{{{50, 41, -78}, 0, {-16, 1008}, {0xA6, 0xC2, 0xC0, 0xFF}}},
	{{{76, 40, -77}, 0, {-16, 1008}, {0xA0, 0xC3, 0xC7, 0xFF}}},
	{{{76, 62, -61}, 0, {-16, 1008}, {0xA6, 0xBD, 0xC4, 0xFF}}},
	{{{50, 63, -61}, 0, {-16, 1008}, {0xAF, 0xB8, 0xBD, 0xFF}}},
	{{{53, 76, -35}, 0, {-16, 1008}, {0xB0, 0xBB, 0xBA, 0xFF}}},
	{{{76, 74, -26}, 0, {-16, 1008}, {0xAE, 0xBE, 0xB9, 0xFF}}},
	{{{60, 88, -9}, 0, {-16, 1008}, {0xA2, 0xDC, 0xB2, 0xFF}}},
	{{{76, 79, 0}, 0, {-16, 1008}, {0xB3, 0xBE, 0xB4, 0xFF}}},
	{{{60, 88, 9}, 0, {-16, 1008}, {0xB0, 0xCF, 0xAA, 0xFF}}},
	{{{76, 74, 26}, 0, {-16, 1008}, {0xB5, 0xC6, 0xAB, 0xFF}}},
	{{{53, 76, 35}, 0, {-16, 1008}, {0xBA, 0xCB, 0xA4, 0xFF}}},
	{{{76, 62, 61}, 0, {-16, 1008}, {0xBA, 0xCE, 0xA3, 0xFF}}},
	{{{50, 63, 61}, 0, {-16, 1008}, {0xBF, 0xCC, 0xA0, 0xFF}}},
	{{{50, 41, 78}, 0, {-16, 1008}, {0xBD, 0xD5, 0x9D, 0xFF}}},
	{{{76, 40, 77}, 0, {-16, 1008}, {0xBA, 0xD6, 0x9E, 0xFF}}},
	{{{46, 10, 85}, 0, {-16, 1008}, {0xBE, 0xDF, 0x99, 0xFF}}},
	{{{76, 11, 82}, 0, {-16, 1008}, {0xBB, 0xE4, 0x99, 0xFF}}},
	{{{113, 12, 81}, 0, {-16, 1008}, {0xAD, 0xF0, 0xA1, 0xFF}}},
	{{{114, 41, 78}, 0, {-16, 1008}, {0xB2, 0xD8, 0xA4, 0xFF}}},
	{{{114, 63, 62}, 0, {-16, 1008}, {0xB2, 0xD0, 0xA8, 0xFF}}},
	{{{115, 77, 28}, 0, {-16, 1008}, {0xAE, 0xC9, 0xB0, 0xFF}}},
	{{{115, 81, 0}, 0, {-16, 1008}, {0xAA, 0xC4, 0xB8, 0xFF}}},
	{{{115, 77, -28}, 0, {-16, 1008}, {0xA5, 0xC2, 0xC0, 0xFF}}},
	{{{114, 63, -62}, 0, {-16, 1008}, {0x9E, 0xC3, 0xCA, 0xFF}}},
	{{{114, 41, -78}, 0, {-16, 1008}, {0x99, 0xCA, 0xCD, 0xFF}}},
	{{{113, 12, -81}, 0, {-16, 1008}, {0x8F, 0xE6, 0xCC, 0xFF}}},
	{{{76, 11, -82}, 0, {-16, 1008}, {0x99, 0xCD, 0xCA, 0xFF}}},
};

Gfx squishy_Head_DL_mesh_layer_1_tri_3[] = {
	gsSPVertex(squishy_Head_DL_mesh_layer_1_vtx_3 + 0, 28, 0),
	gsSP2Triangles(0, 1, 2, 0, 3, 2, 1, 0),
	gsSP2Triangles(3, 1, 4, 0, 4, 5, 3, 0),
	gsSP2Triangles(3, 5, 6, 0, 5, 7, 6, 0),
	gsSP2Triangles(8, 6, 7, 0, 7, 9, 8, 0),
	gsSP2Triangles(9, 10, 8, 0, 11, 10, 9, 0),
	gsSP2Triangles(10, 11, 12, 0, 12, 11, 13, 0),
	gsSP2Triangles(12, 13, 14, 0, 12, 14, 15, 0),
	gsSP2Triangles(16, 15, 14, 0, 16, 17, 15, 0),
	gsSP2Triangles(18, 15, 17, 0, 18, 19, 15, 0),
	gsSP2Triangles(19, 12, 15, 0, 19, 20, 12, 0),
	gsSP2Triangles(20, 10, 12, 0, 20, 21, 10, 0),
	gsSP2Triangles(22, 10, 21, 0, 22, 8, 10, 0),
	gsSP2Triangles(23, 8, 22, 0, 23, 6, 8, 0),
	gsSP2Triangles(24, 6, 23, 0, 24, 3, 6, 0),
	gsSP2Triangles(25, 3, 24, 0, 25, 2, 3, 0),
	gsSP2Triangles(26, 2, 25, 0, 26, 27, 2, 0),
	gsSP1Triangle(0, 2, 27, 0),
	gsSPEndDisplayList(),
};

Vtx squishy_Head_DL_mesh_layer_4_vtx_0[8] = {
	{{{216, 95, -48}, 0, {-156, -52}, {0x4B, 0x62, 0xE1, 0xFF}}},
	{{{187, 107, -47}, 0, {-113, 627}, {0x18, 0x79, 0xE2, 0xFF}}},
	{{{216, 95, 48}, 0, {2172, -52}, {0x4B, 0x62, 0x1F, 0xFF}}},
	{{{187, 107, 47}, 0, {2129, 627}, {0x18, 0x79, 0x1E, 0xFF}}},
	{{{139, 104, -49}, 0, {-166, 1746}, {0xE4, 0x7B, 0xEF, 0xFF}}},
	{{{139, 104, 49}, 0, {2182, 1746}, {0xE4, 0x7B, 0x11, 0xFF}}},
	{{{122, 97, -55}, 0, {-311, 2140}, {0xCF, 0x72, 0xE6, 0xFF}}},
	{{{122, 97, 55}, 0, {2327, 2140}, {0xCF, 0x72, 0x1A, 0xFF}}},
};

Gfx squishy_Head_DL_mesh_layer_4_tri_0[] = {
	gsSPVertex(squishy_Head_DL_mesh_layer_4_vtx_0 + 0, 8, 0),
	gsSP2Triangles(0, 1, 2, 0, 1, 3, 2, 0),
	gsSP2Triangles(1, 4, 3, 0, 4, 5, 3, 0),
	gsSP2Triangles(5, 4, 6, 0, 5, 6, 7, 0),
	gsSPEndDisplayList(),
};

Vtx squishy_Head_DL_mesh_layer_4_vtx_1[27] = {
	{{{40, 99, -10}, 0, {817, 770}, {0xFC, 0x78, 0xD6, 0xFF}}},
	{{{52, 103, 0}, 0, {1008, 500}, {0x2E, 0x76, 0x00, 0xFF}}},
	{{{60, 89, -9}, 0, {830, 457}, {0xA2, 0xDF, 0xB1, 0xFF}}},
	{{{40, 99, 10}, 0, {1199, 770}, {0xFC, 0x78, 0x2A, 0xFF}}},
	{{{19, 92, 9}, 0, {1176, 1213}, {0xC5, 0x6E, 0x14, 0xFF}}},
	{{{19, 92, -9}, 0, {840, 1213}, {0xC5, 0x6E, 0xEB, 0xFF}}},
	{{{28, 82, -49}, 0, {55, 1048}, {0xED, 0x66, 0xB7, 0xFF}}},
	{{{53, 77, -35}, 0, {326, 599}, {0xAF, 0xBD, 0xB9, 0xFF}}},
	{{{50, 64, -62}, 0, {-185, 639}, {0xAF, 0xB9, 0xBC, 0xFF}}},
	{{{29, 62, -67}, 0, {-308, 1025}, {0xE1, 0x46, 0x9B, 0xFF}}},
	{{{50, 42, -80}, 0, {-643, 642}, {0xA6, 0xC2, 0xC0, 0xFF}}},
	{{{29, 43, -75}, 0, {-531, 1024}, {0xD0, 0x20, 0x8F, 0xFF}}},
	{{{8, 47, -61}, 0, {-140, 1398}, {0xA3, 0x22, 0xB1, 0xFF}}},
	{{{7, 72, -37}, 0, {251, 1435}, {0xA6, 0x4A, 0xCE, 0xFF}}},
	{{{-4, 57, -28}, 0, {464, 1646}, {0x8A, 0x21, 0xE0, 0xFF}}},
	{{{6, 84, 0}, 0, {1008, 1460}, {0xA2, 0x55, 0x00, 0xFF}}},
	{{{-7, 61, 0}, 0, {1008, 1725}, {0x86, 0x23, 0x00, 0xFF}}},
	{{{-4, 57, 28}, 0, {1552, 1646}, {0x8A, 0x20, 0x21, 0xFF}}},
	{{{7, 72, 37}, 0, {1765, 1435}, {0xA5, 0x4A, 0x32, 0xFF}}},
	{{{8, 47, 60}, 0, {2156, 1398}, {0xA2, 0x21, 0x4F, 0xFF}}},
	{{{29, 62, 67}, 0, {2324, 1025}, {0xE0, 0x46, 0x65, 0xFF}}},
	{{{29, 43, 75}, 0, {2547, 1024}, {0xCE, 0x20, 0x70, 0xFF}}},
	{{{50, 42, 80}, 0, {2659, 642}, {0xBD, 0xD5, 0x9D, 0xFF}}},
	{{{50, 64, 62}, 0, {2201, 639}, {0xBE, 0xCC, 0xA1, 0xFF}}},
	{{{28, 82, 49}, 0, {1961, 1048}, {0xED, 0x66, 0x49, 0xFF}}},
	{{{53, 77, 35}, 0, {1690, 599}, {0xB8, 0xCC, 0xA5, 0xFF}}},
	{{{60, 89, 9}, 0, {1186, 457}, {0xB0, 0xD1, 0xA9, 0xFF}}},
};

Gfx squishy_Head_DL_mesh_layer_4_tri_1[] = {
	gsSPVertex(squishy_Head_DL_mesh_layer_4_vtx_1 + 0, 27, 0),
	gsSP2Triangles(0, 1, 2, 0, 3, 1, 0, 0),
	gsSP2Triangles(4, 3, 0, 0, 4, 0, 5, 0),
	gsSP2Triangles(5, 0, 6, 0, 6, 0, 7, 0),
	gsSP2Triangles(7, 0, 2, 0, 7, 8, 6, 0),
	gsSP2Triangles(8, 9, 6, 0, 10, 9, 8, 0),
	gsSP2Triangles(11, 9, 10, 0, 12, 9, 11, 0),
	gsSP2Triangles(12, 13, 9, 0, 12, 14, 13, 0),
	gsSP2Triangles(15, 13, 14, 0, 14, 16, 15, 0),
	gsSP2Triangles(17, 15, 16, 0, 15, 17, 18, 0),
	gsSP2Triangles(19, 18, 17, 0, 19, 20, 18, 0),
	gsSP2Triangles(19, 21, 20, 0, 22, 20, 21, 0),
	gsSP2Triangles(23, 20, 22, 0, 23, 24, 20, 0),
	gsSP2Triangles(25, 24, 23, 0, 24, 25, 3, 0),
	gsSP2Triangles(25, 26, 3, 0, 1, 3, 26, 0),
	gsSP2Triangles(24, 3, 4, 0, 18, 24, 4, 0),
	gsSP2Triangles(15, 18, 4, 0, 15, 4, 5, 0),
	gsSP2Triangles(13, 15, 5, 0, 6, 13, 5, 0),
	gsSP2Triangles(9, 13, 6, 0, 18, 20, 24, 0),
	gsSPEndDisplayList(),
};

Vtx squishy_Head_DL_mesh_layer_4_vtx_2[21] = {
	{{{51, 46, -74}, 0, {555, 1429}, {0x6F, 0x1E, 0xCB, 0xFF}}},
	{{{45, 58, -79}, 0, {555, 1900}, {0x6D, 0x2F, 0xD4, 0xFF}}},
	{{{53, 52, -65}, 0, {1000, 1429}, {0x6A, 0x2B, 0xC9, 0xFF}}},
	{{{44, 67, -71}, 0, {1000, 1900}, {0x61, 0x46, 0xD6, 0xFF}}},
	{{{56, 61, -55}, 0, {1445, 1429}, {0x60, 0x42, 0xCD, 0xFF}}},
	{{{40, 74, -58}, 0, {1445, 1900}, {0x50, 0x5E, 0xE3, 0xFF}}},
	{{{78, 44, -105}, 0, {92, 642}, {0x05, 0x6F, 0xC2, 0xFF}}},
	{{{125, 70, -57}, 0, {976, -16}, {0x02, 0x73, 0xC9, 0xFF}}},
	{{{123, 43, -105}, 0, {92, -16}, {0x02, 0x6F, 0xC2, 0xFF}}},
	{{{79, 71, -57}, 0, {976, 642}, {0x06, 0x72, 0xC9, 0xFF}}},
	{{{33, 47, -105}, 0, {92, 1300}, {0x08, 0x6F, 0xC2, 0xFF}}},
	{{{34, 74, -57}, 0, {976, 1300}, {0x08, 0x71, 0xC7, 0xFF}}},
	{{{36, 96, -8}, 0, {1860, 1300}, {0x0E, 0x75, 0xCF, 0xFF}}},
	{{{80, 90, -8}, 0, {1860, 642}, {0x09, 0x76, 0xD3, 0xFF}}},
	{{{126, 90, -8}, 0, {1860, -16}, {0x01, 0x76, 0xD2, 0xFF}}},
	{{{51, 46, 74}, 0, {555, 1429}, {0x6F, 0x1E, 0x35, 0xFF}}},
	{{{53, 52, 65}, 0, {1000, 1429}, {0x6A, 0x2B, 0x37, 0xFF}}},
	{{{45, 58, 79}, 0, {555, 1900}, {0x6D, 0x2F, 0x2C, 0xFF}}},
	{{{44, 67, 71}, 0, {1000, 1900}, {0x61, 0x46, 0x2A, 0xFF}}},
	{{{56, 61, 55}, 0, {1445, 1429}, {0x60, 0x42, 0x33, 0xFF}}},
	{{{40, 74, 58}, 0, {1445, 1900}, {0x50, 0x5E, 0x1D, 0xFF}}},
};

Gfx squishy_Head_DL_mesh_layer_4_tri_2[] = {
	gsSPVertex(squishy_Head_DL_mesh_layer_4_vtx_2 + 0, 21, 0),
	gsSP2Triangles(0, 1, 2, 0, 1, 3, 2, 0),
	gsSP2Triangles(2, 3, 4, 0, 3, 5, 4, 0),
	gsSP2Triangles(6, 7, 8, 0, 6, 9, 7, 0),
	gsSP2Triangles(10, 9, 6, 0, 10, 11, 9, 0),
	gsSP2Triangles(11, 12, 9, 0, 12, 13, 9, 0),
	gsSP2Triangles(9, 13, 14, 0, 7, 9, 14, 0),
	gsSP2Triangles(15, 16, 17, 0, 17, 16, 18, 0),
	gsSP2Triangles(16, 19, 18, 0, 18, 19, 20, 0),
	gsSPEndDisplayList(),
};

Vtx squishy_Capless_Head_Switch_Option_Capless_Head_mesh_layer_1_vtx_0[39] = {
	{{{-4, 56, -28}, 0, {-16, 1008}, {0x89, 0x1F, 0xE1, 0xFF}}},
	{{{8, 10, -64}, 0, {-16, 1008}, {0x9C, 0xEF, 0xB4, 0xFF}}},
	{{{-5, 10, -26}, 0, {-16, 1008}, {0x84, 0xEC, 0xEC, 0xFF}}},
	{{{8, 46, -60}, 0, {-16, 1008}, {0xA2, 0x20, 0xB1, 0xFF}}},
	{{{7, 72, -36}, 0, {-16, 1008}, {0xA4, 0x49, 0xCF, 0xFF}}},
	{{{6, 83, 0}, 0, {-16, 1008}, {0xA1, 0x55, 0x00, 0xFF}}},
	{{{-7, 60, 0}, 0, {-16, 1008}, {0x86, 0x22, 0x00, 0xFF}}},
	{{{-5, 10, 26}, 0, {-16, 1008}, {0x84, 0xEC, 0x15, 0xFF}}},
	{{{10, -31, 33}, 0, {-16, 1008}, {0x96, 0xE6, 0xBF, 0xFF}}},
	{{{10, -31, -33}, 0, {-16, 1008}, {0x8D, 0xE3, 0xD2, 0xFF}}},
	{{{24, -11, -68}, 0, {-16, 1008}, {0xA4, 0xBB, 0xCA, 0xFF}}},
	{{{29, 11, -80}, 0, {-16, 1008}, {0xCD, 0xF2, 0x8D, 0xFF}}},
	{{{29, 42, -74}, 0, {-16, 1008}, {0xD1, 0x20, 0x8F, 0xFF}}},
	{{{29, 61, -66}, 0, {-16, 1008}, {0xE1, 0x46, 0x9B, 0xFF}}},
	{{{28, 81, -49}, 0, {-16, 1008}, {0xED, 0x66, 0xB7, 0xFF}}},
	{{{19, 91, -9}, 0, {-16, 1008}, {0xC4, 0x6E, 0xEC, 0xFF}}},
	{{{19, 91, 9}, 0, {-16, 1008}, {0xC4, 0x6E, 0x14, 0xFF}}},
	{{{7, 72, 36}, 0, {-16, 1008}, {0xA4, 0x49, 0x31, 0xFF}}},
	{{{-4, 56, 28}, 0, {-16, 1008}, {0x89, 0x1F, 0x20, 0xFF}}},
	{{{8, 10, 63}, 0, {-16, 1008}, {0x9B, 0xF0, 0x4B, 0xFF}}},
	{{{24, -11, 68}, 0, {-16, 1008}, {0x96, 0xBF, 0x1B, 0xFF}}},
	{{{29, 11, 80}, 0, {-16, 1008}, {0xCB, 0xF2, 0x73, 0xFF}}},
	{{{46, 10, 85}, 0, {-16, 1008}, {0xBE, 0xDF, 0x99, 0xFF}}},
	{{{50, 41, 78}, 0, {-16, 1008}, {0xBD, 0xD5, 0x9D, 0xFF}}},
	{{{29, 42, 74}, 0, {-16, 1008}, {0xCF, 0x20, 0x71, 0xFF}}},
	{{{29, 61, 66}, 0, {-16, 1008}, {0xE0, 0x46, 0x65, 0xFF}}},
	{{{50, 63, 61}, 0, {-16, 1008}, {0xBF, 0xCC, 0xA0, 0xFF}}},
	{{{28, 81, 49}, 0, {-16, 1008}, {0xED, 0x66, 0x49, 0xFF}}},
	{{{53, 76, 35}, 0, {-16, 1008}, {0xBA, 0xCB, 0xA4, 0xFF}}},
	{{{40, 99, 10}, 0, {-16, 1008}, {0xFC, 0x78, 0x2A, 0xFF}}},
	{{{60, 88, 9}, 0, {-16, 1008}, {0xB0, 0xCF, 0xAA, 0xFF}}},
	{{{52, 103, 0}, 0, {-16, 1008}, {0x2F, 0x76, 0x00, 0xFF}}},
	{{{60, 88, -9}, 0, {-16, 1008}, {0xA2, 0xDC, 0xB2, 0xFF}}},
	{{{40, 99, -10}, 0, {-16, 1008}, {0xFC, 0x78, 0xD6, 0xFF}}},
	{{{53, 76, -35}, 0, {-16, 1008}, {0xB0, 0xBB, 0xBA, 0xFF}}},
	{{{50, 63, -61}, 0, {-16, 1008}, {0xAF, 0xB8, 0xBD, 0xFF}}},
	{{{50, 41, -78}, 0, {-16, 1008}, {0xA6, 0xC2, 0xC0, 0xFF}}},
	{{{46, 10, -85}, 0, {-16, 1008}, {0xA1, 0xCA, 0xBF, 0xFF}}},
	{{{8, 46, 59}, 0, {-16, 1008}, {0xA1, 0x1F, 0x4E, 0xFF}}},
};

Gfx squishy_Capless_Head_Switch_Option_Capless_Head_mesh_layer_1_tri_0[] = {
	gsSPVertex(squishy_Capless_Head_Switch_Option_Capless_Head_mesh_layer_1_vtx_0 + 0, 39, 0),
	gsSP2Triangles(0, 1, 2, 0, 3, 1, 0, 0),
	gsSP2Triangles(3, 0, 4, 0, 5, 4, 0, 0),
	gsSP2Triangles(0, 6, 5, 0, 2, 6, 0, 0),
	gsSP2Triangles(7, 6, 2, 0, 2, 8, 7, 0),
	gsSP2Triangles(2, 9, 8, 0, 1, 9, 2, 0),
	gsSP2Triangles(1, 10, 9, 0, 11, 10, 1, 0),
	gsSP2Triangles(1, 12, 11, 0, 1, 3, 12, 0),
	gsSP2Triangles(3, 13, 12, 0, 3, 4, 13, 0),
	gsSP2Triangles(13, 4, 14, 0, 14, 4, 15, 0),
	gsSP2Triangles(4, 5, 15, 0, 5, 16, 15, 0),
	gsSP2Triangles(5, 17, 16, 0, 5, 18, 17, 0),
	gsSP2Triangles(18, 5, 6, 0, 18, 6, 7, 0),
	gsSP2Triangles(19, 18, 7, 0, 7, 8, 19, 0),
	gsSP2Triangles(19, 8, 20, 0, 19, 20, 21, 0),
	gsSP2Triangles(21, 20, 22, 0, 21, 22, 23, 0),
	gsSP2Triangles(21, 23, 24, 0, 23, 25, 24, 0),
	gsSP2Triangles(26, 25, 23, 0, 26, 27, 25, 0),
	gsSP2Triangles(28, 27, 26, 0, 27, 28, 29, 0),
	gsSP2Triangles(28, 30, 29, 0, 31, 29, 30, 0),
	gsSP2Triangles(32, 31, 30, 0, 33, 31, 32, 0),
	gsSP2Triangles(34, 33, 32, 0, 14, 33, 34, 0),
	gsSP2Triangles(34, 35, 14, 0, 35, 13, 14, 0),
	gsSP2Triangles(36, 13, 35, 0, 12, 13, 36, 0),
	gsSP2Triangles(11, 12, 36, 0, 11, 36, 37, 0),
	gsSP2Triangles(11, 37, 10, 0, 15, 33, 14, 0),
	gsSP2Triangles(16, 33, 15, 0, 16, 29, 33, 0),
	gsSP2Triangles(27, 29, 16, 0, 17, 27, 16, 0),
	gsSP2Triangles(17, 25, 27, 0, 38, 25, 17, 0),
	gsSP2Triangles(38, 17, 18, 0, 38, 18, 19, 0),
	gsSP2Triangles(19, 24, 38, 0, 19, 21, 24, 0),
	gsSP2Triangles(38, 24, 25, 0, 29, 31, 33, 0),
	gsSPEndDisplayList(),
};

Vtx squishy_Capless_Head_Switch_Option_Capless_Head_mesh_layer_1_vtx_1[307] = {
	{{{98, 32, 86}, 0, {-16, -16}, {0x2C, 0x46, 0x60, 0xFF}}},
	{{{69, 28, 102}, 0, {-16, 1008}, {0x2C, 0x1B, 0x74, 0xFF}}},
	{{{118, 16, 88}, 0, {-16, 1008}, {0x17, 0x18, 0x7B, 0xFF}}},
	{{{98, -25, 97}, 0, {850, -16}, {0x27, 0x0D, 0x78, 0xFF}}},
	{{{58, -16, 113}, 0, {767, 1008}, {0x30, 0xF2, 0x75, 0xFF}}},
	{{{43, 21, 113}, 0, {83, 1008}, {0x0A, 0x1F, 0x7B, 0xFF}}},
	{{{60, 37, 102}, 0, {-16, 1008}, {0x2A, 0x2D, 0x6F, 0xFF}}},
	{{{39, 47, 106}, 0, {-16, 1008}, {0xFD, 0x28, 0x78, 0xFF}}},
	{{{54, 60, 92}, 0, {-16, 1008}, {0x2D, 0x3A, 0x67, 0xFF}}},
	{{{20, 19, 105}, 0, {-16, 1008}, {0xD5, 0x49, 0x5F, 0xFF}}},
	{{{1, 72, 86}, 0, {-16, 1008}, {0xD4, 0x1A, 0x74, 0xFF}}},
	{{{5, 6, 117}, 0, {21, 1008}, {0xF7, 0x34, 0x74, 0xFF}}},
	{{{118, 16, 88}, 0, {-16, 1008}, {0x0C, 0xFC, 0x82, 0xFF}}},
	{{{61, -10, 84}, 0, {-16, 1008}, {0xC3, 0x32, 0x9D, 0xFF}}},
	{{{98, 32, 86}, 0, {-16, -16}, {0xF2, 0x13, 0x83, 0xFF}}},
	{{{69, 28, 102}, 0, {-16, 1008}, {0xFE, 0x38, 0x8E, 0xFF}}},
	{{{60, 37, 102}, 0, {-16, 1008}, {0x6E, 0x19, 0xC5, 0xFF}}},
	{{{54, 60, 92}, 0, {-16, 1008}, {0xDF, 0x0B, 0x86, 0xFF}}},
	{{{39, 47, 106}, 0, {-16, 1008}, {0x0F, 0x33, 0x8D, 0xFF}}},
	{{{1, 72, 86}, 0, {-16, 1008}, {0x0E, 0x0E, 0x83, 0xFF}}},
	{{{20, 19, 105}, 0, {-16, 1008}, {0xB4, 0xD3, 0xA4, 0xFF}}},
	{{{39, -19, 104}, 0, {-16, 1008}, {0x83, 0x05, 0xEA, 0xFF}}},
	{{{67, -42, 0}, 0, {-16, 1008}, {0xB7, 0x68, 0x00, 0xFF}}},
	{{{35, -45, 113}, 0, {1004, 1008}, {0xA9, 0x5B, 0xEF, 0xFF}}},
	{{{11, -69, 0}, 0, {-16, 1008}, {0xDA, 0x79, 0x00, 0xFF}}},
	{{{35, -45, -113}, 0, {1004, 1008}, {0xA9, 0x5B, 0x11, 0xFF}}},
	{{{39, -19, -104}, 0, {-16, 1008}, {0x83, 0x05, 0x16, 0xFF}}},
	{{{61, -10, -84}, 0, {-16, 1008}, {0xC3, 0x32, 0x63, 0xFF}}},
	{{{20, 19, -105}, 0, {-16, 1008}, {0xB4, 0xD3, 0x5C, 0xFF}}},
	{{{1, 72, -86}, 0, {-16, 1008}, {0x0E, 0x0E, 0x7D, 0xFF}}},
	{{{39, 47, -106}, 0, {-16, 1008}, {0x0F, 0x33, 0x73, 0xFF}}},
	{{{54, 60, -92}, 0, {-16, 1008}, {0xDF, 0x0B, 0x7A, 0xFF}}},
	{{{60, 37, -102}, 0, {-16, 1008}, {0x6E, 0x19, 0x3B, 0xFF}}},
	{{{69, 28, -102}, 0, {-16, 1008}, {0xFE, 0x38, 0x72, 0xFF}}},
	{{{98, 32, -86}, 0, {-16, -16}, {0xF2, 0x13, 0x7D, 0xFF}}},
	{{{118, 16, -88}, 0, {-16, 1008}, {0x0C, 0xFC, 0x7E, 0xFF}}},
	{{{5, 6, -117}, 0, {21, 1008}, {0xB5, 0xCA, 0x57, 0xFF}}},
	{{{58, -16, -113}, 0, {767, 1008}, {0xCA, 0x4D, 0xAB, 0xFF}}},
	{{{34, -24, -135}, 0, {888, 1008}, {0x98, 0x49, 0x05, 0xFF}}},
	{{{5, 6, 117}, 0, {21, 1008}, {0xB5, 0xCA, 0xA9, 0xFF}}},
	{{{58, -16, 113}, 0, {767, 1008}, {0xCA, 0x4D, 0x55, 0xFF}}},
	{{{34, -24, 135}, 0, {888, 1008}, {0x98, 0x49, 0xFB, 0xFF}}},
	{{{97, -117, 0}, 0, {1008, -16}, {0x1C, 0x84, 0x02, 0xFF}}},
	{{{66, -118, -1}, 0, {1008, 1008}, {0x04, 0x85, 0x1F, 0xFF}}},
	{{{-8, -135, -60}, 0, {1008, 496}, {0x24, 0x8E, 0xD4, 0xFF}}},
	{{{94, -87, -82}, 0, {1008, -16}, {0x2D, 0x9A, 0xC3, 0xFF}}},
	{{{45, -96, -87}, 0, {1008, 1008}, {0x11, 0x9C, 0xB3, 0xFF}}},
	{{{93, -78, -142}, 0, {978, 448}, {0x32, 0xDA, 0x92, 0xFF}}},
	{{{35, -45, -113}, 0, {1004, 1008}, {0x35, 0xEB, 0x8F, 0xFF}}},
	{{{2, -68, -172}, 0, {1008, 1008}, {0x0B, 0x9F, 0xAF, 0xFF}}},
	{{{-17, -97, -113}, 0, {1008, 1008}, {0x11, 0x91, 0xC5, 0xFF}}},
	{{{-38, -112, -69}, 0, {1008, 1008}, {0x0C, 0x91, 0xC4, 0xFF}}},
	{{{-79, -184, -16}, 0, {1008, 1008}, {0x28, 0x87, 0x00, 0xFF}}},
	{{{66, -118, -1}, 0, {1008, 1008}, {0x2F, 0x8D, 0x1A, 0xFF}}},
	{{{-8, -135, -60}, 0, {1008, 496}, {0xC7, 0x6A, 0x29, 0xFF}}},
	{{{-44, -114, 59}, 0, {1008, 1008}, {0x24, 0x9F, 0x4A, 0xFF}}},
	{{{66, -118, -1}, 0, {1008, 1008}, {0x05, 0x81, 0xFF, 0xFF}}},
	{{{34, -120, 38}, 0, {1008, 496}, {0x1A, 0x8A, 0x26, 0xFF}}},
	{{{94, -87, 82}, 0, {1008, -16}, {0x2A, 0x98, 0x3C, 0xFF}}},
	{{{146, -91, 59}, 0, {1008, -16}, {0x3B, 0x9B, 0x30, 0xFF}}},
	{{{160, -96, 0}, 0, {1008, -16}, {0x4C, 0x9A, 0x00, 0xFF}}},
	{{{146, -91, -59}, 0, {1008, -16}, {0x3B, 0x9B, 0xD0, 0xFF}}},
	{{{136, -81, -84}, 0, {1008, -16}, {0x24, 0xB7, 0x9F, 0xFF}}},
	{{{129, -34, -95}, 0, {892, -16}, {0x15, 0xF9, 0x83, 0xFF}}},
	{{{98, -25, -97}, 0, {850, -16}, {0x27, 0x0D, 0x88, 0xFF}}},
	{{{129, -34, -95}, 0, {892, -16}, {0x15, 0xF9, 0x83, 0xFF}}},
	{{{94, -87, -82}, 0, {1008, -16}, {0x2D, 0x9A, 0xC3, 0xFF}}},
	{{{93, -78, -142}, 0, {978, 448}, {0x32, 0xDA, 0x92, 0xFF}}},
	{{{35, -45, -113}, 0, {1004, 1008}, {0x35, 0xEB, 0x8F, 0xFF}}},
	{{{58, -16, -113}, 0, {767, 1008}, {0x30, 0xF2, 0x8B, 0xFF}}},
	{{{34, -24, -135}, 0, {888, 1008}, {0x54, 0xBD, 0xBC, 0xFF}}},
	{{{69, 28, -102}, 0, {-16, 1008}, {0x2C, 0x1B, 0x8C, 0xFF}}},
	{{{43, 21, -113}, 0, {83, 1008}, {0x0A, 0x1F, 0x85, 0xFF}}},
	{{{5, 6, -117}, 0, {21, 1008}, {0xF7, 0x34, 0x8C, 0xFF}}},
	{{{20, 19, -105}, 0, {-16, 1008}, {0xD5, 0x49, 0xA1, 0xFF}}},
	{{{39, 47, -106}, 0, {-16, 1008}, {0xFD, 0x28, 0x88, 0xFF}}},
	{{{1, 72, -86}, 0, {-16, 1008}, {0xD4, 0x1A, 0x8C, 0xFF}}},
	{{{60, 37, -102}, 0, {-16, 1008}, {0x2A, 0x2D, 0x91, 0xFF}}},
	{{{54, 60, -92}, 0, {-16, 1008}, {0x2D, 0x3A, 0x99, 0xFF}}},
	{{{-65, -96, 130}, 0, {1008, 1008}, {0x1A, 0xA6, 0x55, 0xFF}}},
	{{{-17, -97, 113}, 0, {1008, 1008}, {0x13, 0x91, 0x3A, 0xFF}}},
	{{{-41, -80, 145}, 0, {1008, 1008}, {0x15, 0x99, 0x47, 0xFF}}},
	{{{-90, -130, 107}, 0, {1008, 1008}, {0x2D, 0x93, 0x30, 0xFF}}},
	{{{-44, -114, 59}, 0, {1008, 1008}, {0x26, 0x88, 0x11, 0xFF}}},
	{{{45, -96, 87}, 0, {1008, 1008}, {0x14, 0x91, 0x3B, 0xFF}}},
	{{{2, -68, 172}, 0, {1008, 1008}, {0x0B, 0x9F, 0x51, 0xFF}}},
	{{{35, -45, 113}, 0, {1004, 1008}, {0x35, 0xEB, 0x71, 0xFF}}},
	{{{93, -78, 142}, 0, {978, 448}, {0x32, 0xDA, 0x6E, 0xFF}}},
	{{{94, -87, 82}, 0, {1008, -16}, {0x2A, 0x98, 0x3C, 0xFF}}},
	{{{34, -120, 38}, 0, {1008, 496}, {0x1A, 0x8A, 0x26, 0xFF}}},
	{{{98, -25, 97}, 0, {850, -16}, {0x27, 0x0D, 0x78, 0xFF}}},
	{{{129, -34, 95}, 0, {892, -16}, {0x15, 0xF9, 0x7D, 0xFF}}},
	{{{136, -81, 84}, 0, {1008, -16}, {0x24, 0xB7, 0x61, 0xFF}}},
	{{{146, -91, 59}, 0, {1008, -16}, {0x3B, 0x9B, 0x30, 0xFF}}},
	{{{180, -45, 66}, 0, {1008, -16}, {0x62, 0xD5, 0x44, 0xFF}}},
	{{{160, -96, 0}, 0, {1008, -16}, {0x4C, 0x9A, 0x00, 0xFF}}},
	{{{198, -46, 0}, 0, {1008, -16}, {0x76, 0xD0, 0x02, 0xFF}}},
	{{{180, -45, -66}, 0, {1008, -16}, {0x5F, 0xD0, 0xBB, 0xFF}}},
	{{{146, -91, -59}, 0, {1008, -16}, {0x3B, 0x9B, 0xD0, 0xFF}}},
	{{{136, -81, -84}, 0, {1008, -16}, {0x24, 0xB7, 0x9F, 0xFF}}},
	{{{158, -42, -84}, 0, {1008, -16}, {0x39, 0xE6, 0x92, 0xFF}}},
	{{{150, 28, -84}, 0, {1008, -16}, {0x23, 0xBB, 0x9C, 0xFF}}},
	{{{118, 16, -88}, 0, {-16, 1008}, {0x17, 0x18, 0x85, 0xFF}}},
	{{{98, 32, -86}, 0, {-16, -16}, {0x2C, 0x46, 0xA0, 0xFF}}},
	{{{196, 29, -76}, 0, {1008, -16}, {0x77, 0xE6, 0xDD, 0xFF}}},
	{{{212, 36, -135}, 0, {496, 496}, {0x38, 0x91, 0xE6, 0xFF}}},
	{{{147, 54, -111}, 0, {-16, 1008}, {0x1E, 0xA8, 0xA9, 0xFF}}},
	{{{110, 18, -139}, 0, {496, 496}, {0xE3, 0x87, 0xE4, 0xFF}}},
	{{{118, 16, -88}, 0, {-16, 1008}, {0xE8, 0x85, 0xEB, 0xFF}}},
	{{{109, 44, -114}, 0, {-16, 1008}, {0x92, 0xC5, 0xE8, 0xFF}}},
	{{{86, 49, -96}, 0, {-16, 1008}, {0xB8, 0xAC, 0xC1, 0xFF}}},
	{{{183, 71, -74}, 0, {-16, 1008}, {0x58, 0x52, 0xD7, 0xFF}}},
	{{{204, 27, 0}, 0, {1008, -16}, {0x7E, 0x0B, 0x05, 0xFF}}},
	{{{189, 94, 4}, 0, {-16, 1008}, {0x69, 0x47, 0x06, 0xFF}}},
	{{{150, 106, -54}, 0, {-16, 1008}, {0x24, 0x6B, 0xC5, 0xFF}}},
	{{{150, 74, -86}, 0, {-16, 1008}, {0x13, 0x5B, 0xAA, 0xFF}}},
	{{{147, 54, -111}, 0, {-16, 1008}, {0x02, 0x63, 0xB0, 0xFF}}},
	{{{212, 36, -135}, 0, {496, 496}, {0x09, 0x70, 0xC4, 0xFF}}},
	{{{110, 71, -88}, 0, {-16, 1008}, {0xEE, 0x5A, 0xA8, 0xFF}}},
	{{{116, 105, -56}, 0, {-16, 1008}, {0xED, 0x69, 0xBB, 0xFF}}},
	{{{90, 90, -47}, 0, {-16, 1008}, {0xBB, 0x50, 0xBA, 0xFF}}},
	{{{118, 121, -8}, 0, {-16, 1008}, {0xFC, 0x7E, 0xF5, 0xFF}}},
	{{{93, 117, -23}, 0, {-16, 1008}, {0xE6, 0x75, 0xD6, 0xFF}}},
	{{{83, 115, -19}, 0, {-16, 1008}, {0xD8, 0x66, 0xBF, 0xFF}}},
	{{{101, 119, 4}, 0, {-16, 1008}, {0xED, 0x7D, 0x0B, 0xFF}}},
	{{{64, 108, 27}, 0, {-16, 1008}, {0xE4, 0x7B, 0x11, 0xFF}}},
	{{{111, 113, 37}, 0, {-16, 1008}, {0xF3, 0x72, 0x37, 0xFF}}},
	{{{148, 123, -2}, 0, {-16, 1008}, {0x22, 0x7A, 0xFB, 0xFF}}},
	{{{111, 113, 37}, 0, {-16, 1008}, {0xF3, 0x72, 0x37, 0xFF}}},
	{{{149, 114, 37}, 0, {-16, 1008}, {0x23, 0x6E, 0x35, 0xFF}}},
	{{{148, 123, -2}, 0, {-16, 1008}, {0x22, 0x7A, 0xFB, 0xFF}}},
	{{{107, 86, 71}, 0, {-16, 1008}, {0xF6, 0x5F, 0x54, 0xFF}}},
	{{{87, 105, 37}, 0, {-16, 1008}, {0xDD, 0x60, 0x4C, 0xFF}}},
	{{{143, 67, 87}, 0, {-16, 1008}, {0x1A, 0x4E, 0x61, 0xFF}}},
	{{{105, 79, 78}, 0, {-16, 1008}, {0xFA, 0x57, 0x5C, 0xFF}}},
	{{{99, 86, 67}, 0, {-16, 1008}, {0xDE, 0x5D, 0x4F, 0xFF}}},
	{{{97, 61, 91}, 0, {-16, 1008}, {0xF6, 0x4B, 0x66, 0xFF}}},
	{{{116, 44, 104}, 0, {-16, 1008}, {0x00, 0xFF, 0x7F, 0xFF}}},
	{{{55, 55, 93}, 0, {-16, 1008}, {0xF9, 0x45, 0x6A, 0xFF}}},
	{{{145, 51, 97}, 0, {-16, 1008}, {0x28, 0x10, 0x77, 0xFF}}},
	{{{150, 28, 84}, 0, {1008, -16}, {0x25, 0xE2, 0x76, 0xFF}}},
	{{{118, 16, 88}, 0, {-16, 1008}, {0x0C, 0xC4, 0x6F, 0xFF}}},
	{{{89, 47, 96}, 0, {-16, 1008}, {0xDA, 0xC2, 0x68, 0xFF}}},
	{{{190, 29, 73}, 0, {1008, -16}, {0x65, 0x08, 0x4D, 0xFF}}},
	{{{158, -42, 84}, 0, {1008, -16}, {0x3C, 0xE7, 0x6D, 0xFF}}},
	{{{129, -34, 95}, 0, {892, -16}, {0x15, 0xF9, 0x7D, 0xFF}}},
	{{{118, 16, 88}, 0, {-16, 1008}, {0x17, 0x18, 0x7B, 0xFF}}},
	{{{98, -25, 97}, 0, {850, -16}, {0x27, 0x0D, 0x78, 0xFF}}},
	{{{136, -81, 84}, 0, {1008, -16}, {0x24, 0xB7, 0x61, 0xFF}}},
	{{{180, -45, 66}, 0, {1008, -16}, {0x62, 0xD5, 0x44, 0xFF}}},
	{{{198, -46, 0}, 0, {1008, -16}, {0x76, 0xD0, 0x02, 0xFF}}},
	{{{204, 27, 0}, 0, {1008, -16}, {0x7E, 0x0B, 0x05, 0xFF}}},
	{{{196, 29, -76}, 0, {1008, -16}, {0x77, 0xE6, 0xDD, 0xFF}}},
	{{{180, -45, -66}, 0, {1008, -16}, {0x5F, 0xD0, 0xBB, 0xFF}}},
	{{{158, -42, -84}, 0, {1008, -16}, {0x39, 0xE6, 0x92, 0xFF}}},
	{{{177, 76, 62}, 0, {-16, 1008}, {0x57, 0x40, 0x43, 0xFF}}},
	{{{189, 94, 4}, 0, {-16, 1008}, {0x69, 0x47, 0x06, 0xFF}}},
	{{{150, 106, -54}, 0, {-16, 1008}, {0x24, 0x6B, 0xC5, 0xFF}}},
	{{{118, 121, -8}, 0, {-16, 1008}, {0xFC, 0x7E, 0xF5, 0xFF}}},
	{{{81, 64, 85}, 0, {-16, 1008}, {0xE7, 0x52, 0x5E, 0xFF}}},
	{{{93, -78, 142}, 0, {978, 448}, {0x32, 0xDA, 0x6E, 0xFF}}},
	{{{35, -45, 113}, 0, {1004, 1008}, {0x35, 0xEB, 0x71, 0xFF}}},
	{{{58, -16, 113}, 0, {767, 1008}, {0x30, 0xF2, 0x75, 0xFF}}},
	{{{34, -24, 135}, 0, {888, 1008}, {0x54, 0xBD, 0x44, 0xFF}}},
	{{{-17, -97, 113}, 0, {1008, 1008}, {0x13, 0x91, 0x3A, 0xFF}}},
	{{{2, -68, 172}, 0, {1008, 1008}, {0x0B, 0x9F, 0x51, 0xFF}}},
	{{{-51, -51, 123}, 0, {1008, 1008}, {0xBE, 0x62, 0x2D, 0xFF}}},
	{{{-41, -80, 145}, 0, {1008, 1008}, {0x14, 0x4F, 0x61, 0xFF}}},
	{{{-65, -96, 130}, 0, {1008, 1008}, {0xEC, 0x78, 0x26, 0xFF}}},
	{{{-70, -82, 63}, 0, {-16, 1008}, {0xEA, 0x7C, 0xEE, 0xFF}}},
	{{{35, -45, 113}, 0, {1004, 1008}, {0xA9, 0x5B, 0xEF, 0xFF}}},
	{{{2, -68, 172}, 0, {1008, 1008}, {0xFE, 0x77, 0x2C, 0xFF}}},
	{{{11, -69, 0}, 0, {-16, 1008}, {0xDA, 0x79, 0x00, 0xFF}}},
	{{{-68, -81, 0}, 0, {-16, 1008}, {0xDF, 0x7B, 0x00, 0xFF}}},
	{{{-70, -82, -63}, 0, {-16, 1008}, {0xEA, 0x7C, 0x12, 0xFF}}},
	{{{35, -45, -113}, 0, {1004, 1008}, {0xA9, 0x5B, 0x11, 0xFF}}},
	{{{-51, -51, -123}, 0, {1008, 1008}, {0xBE, 0x62, 0xD3, 0xFF}}},
	{{{2, -68, -172}, 0, {1008, 1008}, {0xFE, 0x77, 0xD4, 0xFF}}},
	{{{-65, -96, -130}, 0, {1008, 1008}, {0xEC, 0x78, 0xDA, 0xFF}}},
	{{{-121, -57, -121}, 0, {-16, 1008}, {0xD8, 0x78, 0xFF, 0xFF}}},
	{{{-97, -63, -193}, 0, {1008, 1008}, {0xF6, 0x7E, 0xF3, 0xFF}}},
	{{{-145, -110, -139}, 0, {1008, 1008}, {0xE8, 0x7C, 0xF2, 0xFF}}},
	{{{-147, -112, 0}, 0, {1008, 1008}, {0xD6, 0x78, 0x00, 0xFF}}},
	{{{-190, -70, -136}, 0, {-16, 1008}, {0xE6, 0x7B, 0xF0, 0xFF}}},
	{{{-182, -76, -178}, 0, {1008, 1008}, {0xFD, 0x7D, 0xEC, 0xFF}}},
	{{{-211, -122, -127}, 0, {1008, 1008}, {0xA1, 0x3C, 0xC4, 0xFF}}},
	{{{-230, -97, -78}, 0, {-16, 1008}, {0xB4, 0x63, 0x19, 0xFF}}},
	{{{-264, -128, -105}, 0, {1008, 1008}, {0xAB, 0x5F, 0xFD, 0xFF}}},
	{{{-216, -170, 0}, 0, {1008, 1008}, {0xA4, 0x58, 0x00, 0xFF}}},
	{{{-230, -97, 78}, 0, {-16, 1008}, {0xB4, 0x63, 0xE7, 0xFF}}},
	{{{-264, -128, 105}, 0, {1008, 1008}, {0xAB, 0x5F, 0x03, 0xFF}}},
	{{{-211, -122, 127}, 0, {1008, 1008}, {0xA1, 0x3C, 0x3C, 0xFF}}},
	{{{-230, -97, 78}, 0, {-16, 1008}, {0xB4, 0x63, 0xE7, 0xFF}}},
	{{{-211, -122, 127}, 0, {1008, 1008}, {0xA1, 0x3C, 0x3C, 0xFF}}},
	{{{-190, -70, 136}, 0, {-16, 1008}, {0xE6, 0x7B, 0x10, 0xFF}}},
	{{{-182, -76, 178}, 0, {1008, 1008}, {0xFD, 0x7D, 0x14, 0xFF}}},
	{{{-145, -110, 139}, 0, {1008, 1008}, {0xE8, 0x7C, 0x0E, 0xFF}}},
	{{{-147, -112, 0}, 0, {1008, 1008}, {0xD6, 0x78, 0x00, 0xFF}}},
	{{{-121, -57, 121}, 0, {-16, 1008}, {0xD8, 0x78, 0x01, 0xFF}}},
	{{{-97, -63, 193}, 0, {1008, 1008}, {0xF6, 0x7E, 0x0D, 0xFF}}},
	{{{-65, -96, 130}, 0, {1008, 1008}, {0xEC, 0x78, 0x26, 0xFF}}},
	{{{-70, -82, 63}, 0, {-16, 1008}, {0xEA, 0x7C, 0xEE, 0xFF}}},
	{{{-68, -81, 0}, 0, {-16, 1008}, {0xDF, 0x7B, 0x00, 0xFF}}},
	{{{-70, -82, -63}, 0, {-16, 1008}, {0xEA, 0x7C, 0x12, 0xFF}}},
	{{{-121, -57, -121}, 0, {-16, 1008}, {0xD8, 0x78, 0xFF, 0xFF}}},
	{{{-190, -70, -136}, 0, {-16, 1008}, {0xE6, 0x7B, 0xF0, 0xFF}}},
	{{{-230, -97, -78}, 0, {-16, 1008}, {0xB4, 0x63, 0x19, 0xFF}}},
	{{{-65, -96, 130}, 0, {1008, 1008}, {0xFD, 0x8A, 0x2F, 0xFF}}},
	{{{-44, -114, 59}, 0, {1008, 1008}, {0x02, 0x85, 0x21, 0xFF}}},
	{{{-90, -130, 107}, 0, {1008, 1008}, {0xB0, 0x57, 0xD2, 0xFF}}},
	{{{-145, -110, 139}, 0, {1008, 1008}, {0x2A, 0x9C, 0x42, 0xFF}}},
	{{{-97, -63, 193}, 0, {1008, 1008}, {0x1B, 0x98, 0x44, 0xFF}}},
	{{{-178, -143, 123}, 0, {1008, 1008}, {0x32, 0x9B, 0x3A, 0xFF}}},
	{{{-148, -142, 84}, 0, {1008, 1008}, {0x01, 0x87, 0x26, 0xFF}}},
	{{{-93, -138, 44}, 0, {1008, 1008}, {0x23, 0x8C, 0x26, 0xFF}}},
	{{{-216, -170, 0}, 0, {1008, 1008}, {0x08, 0x81, 0x01, 0xFF}}},
	{{{-145, -110, 139}, 0, {1008, 1008}, {0xDE, 0x9A, 0x44, 0xFF}}},
	{{{-178, -143, 123}, 0, {1008, 1008}, {0xBB, 0x5D, 0xCD, 0xFF}}},
	{{{-211, -122, 127}, 0, {1008, 1008}, {0x05, 0x8D, 0x36, 0xFF}}},
	{{{-264, -128, 105}, 0, {1008, 1008}, {0xFA, 0x89, 0x2D, 0xFF}}},
	{{{-182, -76, 178}, 0, {1008, 1008}, {0x01, 0xA1, 0x54, 0xFF}}},
	{{{-132, -152, -62}, 0, {1008, 1008}, {0xC3, 0x95, 0xE2, 0xFF}}},
	{{{-172, -186, -5}, 0, {1008, 1008}, {0xB9, 0x68, 0x0C, 0xFF}}},
	{{{-264, -128, -105}, 0, {1008, 1008}, {0xFA, 0x89, 0xD3, 0xFF}}},
	{{{-211, -122, -127}, 0, {1008, 1008}, {0x05, 0x8D, 0xCA, 0xFF}}},
	{{{-145, -110, -139}, 0, {1008, 1008}, {0xF0, 0x93, 0xC0, 0xFF}}},
	{{{-182, -76, -178}, 0, {1008, 1008}, {0x01, 0xA1, 0xAC, 0xFF}}},
	{{{-132, -152, -62}, 0, {1008, 1008}, {0xC3, 0x95, 0xE2, 0xFF}}},
	{{{-150, -153, -99}, 0, {1008, 1008}, {0x99, 0x39, 0x30, 0xFF}}},
	{{{-65, -96, -130}, 0, {1008, 1008}, {0x19, 0xA2, 0xAE, 0xFF}}},
	{{{-41, -80, -145}, 0, {1008, 1008}, {0x15, 0x99, 0xB9, 0xFF}}},
	{{{-17, -97, -113}, 0, {1008, 1008}, {0x11, 0x91, 0xC5, 0xFF}}},
	{{{-93, -122, -111}, 0, {1008, 1008}, {0x22, 0x94, 0xC7, 0xFF}}},
	{{{-54, -114, -87}, 0, {1008, 1008}, {0x27, 0x8A, 0xE5, 0xFF}}},
	{{{-38, -112, -69}, 0, {1008, 1008}, {0x0C, 0x91, 0xC4, 0xFF}}},
	{{{-132, -152, -62}, 0, {1008, 1008}, {0x31, 0x8E, 0xE5, 0xFF}}},
	{{{-102, -156, -3}, 0, {1008, 1008}, {0x37, 0x8E, 0x02, 0xFF}}},
	{{{-79, -184, -16}, 0, {1008, 1008}, {0x90, 0x3C, 0xFC, 0xFF}}},
	{{{-172, -186, -5}, 0, {1008, 1008}, {0x32, 0x8C, 0xF6, 0xFF}}},
	{{{-51, -51, -123}, 0, {1008, 1008}, {0xBE, 0x62, 0xD3, 0xFF}}},
	{{{2, -68, -172}, 0, {1008, 1008}, {0x0B, 0x9F, 0xAF, 0xFF}}},
	{{{-41, -80, -145}, 0, {1008, 1008}, {0x14, 0x4F, 0x9F, 0xFF}}},
	{{{-65, -96, -130}, 0, {1008, 1008}, {0xEC, 0x78, 0xDA, 0xFF}}},
	{{{-145, -110, -139}, 0, {1008, 1008}, {0x24, 0x9F, 0xB6, 0xFF}}},
	{{{-97, -63, -193}, 0, {1008, 1008}, {0x1B, 0x98, 0xBC, 0xFF}}},
	{{{-65, -96, -130}, 0, {1008, 1008}, {0x0A, 0x90, 0xC4, 0xFF}}},
	{{{-93, -122, -111}, 0, {1008, 1008}, {0xC8, 0x63, 0x39, 0xFF}}},
	{{{-150, -153, -99}, 0, {1008, 1008}, {0x31, 0x9A, 0xC5, 0xFF}}},
	{{{90, 90, -47}, 0, {-16, 1008}, {0x06, 0x3D, 0x6F, 0xFF}}},
	{{{119, 83, -44}, 0, {-16, 1008}, {0x8B, 0xD7, 0x1E, 0xFF}}},
	{{{116, 105, -56}, 0, {-16, 1008}, {0x82, 0xFB, 0x11, 0xFF}}},
	{{{83, 115, -19}, 0, {-16, 1008}, {0xC6, 0xCC, 0x65, 0xFF}}},
	{{{114, 86, -23}, 0, {-16, 1008}, {0xA7, 0xA7, 0xED, 0xFF}}},
	{{{93, 117, -23}, 0, {-16, 1008}, {0xC9, 0xC5, 0x62, 0xFF}}},
	{{{64, 108, 27}, 0, {-16, 1008}, {0xA3, 0xAD, 0x19, 0xFF}}},
	{{{95, 81, 23}, 0, {-16, 1008}, {0xAD, 0xA6, 0x22, 0xFF}}},
	{{{64, 108, 27}, 0, {-16, 1008}, {0xA3, 0xAD, 0x19, 0xFF}}},
	{{{95, 81, 23}, 0, {-16, 1008}, {0xAD, 0xA6, 0x22, 0xFF}}},
	{{{120, 82, 36}, 0, {-16, 1008}, {0xB1, 0xA0, 0xE8, 0xFF}}},
	{{{111, 113, 37}, 0, {-16, 1008}, {0x8F, 0xDB, 0x2D, 0xFF}}},
	{{{87, 105, 37}, 0, {-16, 1008}, {0xC5, 0xD3, 0x99, 0xFF}}},
	{{{114, 62, 65}, 0, {-16, 1008}, {0xA2, 0xD1, 0xB9, 0xFF}}},
	{{{107, 86, 71}, 0, {-16, 1008}, {0xA0, 0xF9, 0xAD, 0xFF}}},
	{{{99, 86, 67}, 0, {-16, 1008}, {0xD1, 0xE9, 0x8C, 0xFF}}},
	{{{105, 79, 78}, 0, {-16, 1008}, {0x90, 0xEF, 0xC7, 0xFF}}},
	{{{81, 64, 85}, 0, {-16, 1008}, {0xAB, 0xBC, 0xC0, 0xFF}}},
	{{{105, 51, 80}, 0, {-16, 1008}, {0xBF, 0xB5, 0xB1, 0xFF}}},
	{{{97, 61, 91}, 0, {-16, 1008}, {0x92, 0xF1, 0xC2, 0xFF}}},
	{{{55, 55, 93}, 0, {-16, 1008}, {0xE1, 0xBD, 0x99, 0xFF}}},
	{{{116, 44, 104}, 0, {-16, 1008}, {0xA3, 0xAB, 0x13, 0xFF}}},
	{{{89, 47, 96}, 0, {-16, 1008}, {0x04, 0x7A, 0x24, 0xFF}}},
	{{{110, 71, -88}, 0, {-16, 1008}, {0xAA, 0x1B, 0x59, 0xFF}}},
	{{{120, 59, -75}, 0, {-16, 1008}, {0xA1, 0xCC, 0x42, 0xFF}}},
	{{{90, 90, -47}, 0, {-16, 1008}, {0xA3, 0xA9, 0xFD, 0xFF}}},
	{{{47, 59, -87}, 0, {-16, 1008}, {0xF0, 0xAA, 0x5D, 0xFF}}},
	{{{109, 44, -114}, 0, {-16, 1008}, {0xBB, 0xA5, 0x38, 0xFF}}},
	{{{86, 49, -96}, 0, {-16, 1008}, {0xF9, 0x76, 0xD3, 0xFF}}},
	{{{47, 59, -87}, 0, {-16, 1008}, {0xEE, 0x57, 0xA5, 0xFF}}},
	{{{110, 71, -88}, 0, {-16, 1008}, {0xEE, 0x5A, 0xA8, 0xFF}}},
	{{{109, 44, -114}, 0, {-16, 1008}, {0xF1, 0x59, 0xA6, 0xFF}}},
	{{{147, 54, -111}, 0, {-16, 1008}, {0x02, 0x63, 0xB0, 0xFF}}},
	{{{110, 18, -139}, 0, {496, 496}, {0xF0, 0x56, 0xA4, 0xFF}}},
	{{{45, -96, 87}, 0, {1008, 1008}, {0x1A, 0x89, 0x24, 0xFF}}},
	{{{66, -118, -1}, 0, {1008, 1008}, {0x0A, 0x86, 0x21, 0xFF}}},
	{{{34, -120, 38}, 0, {1008, 496}, {0xCB, 0x6D, 0xD8, 0xFF}}},
	{{{-55, -134, 61}, 0, {1008, 1008}, {0x23, 0x8C, 0x25, 0xFF}}},
	{{{45, -96, 87}, 0, {1008, 1008}, {0xD5, 0x24, 0x72, 0xFF}}},
	{{{-44, -114, 59}, 0, {1008, 1008}, {0x92, 0x3E, 0x0D, 0xFF}}},
	{{{-55, -134, 61}, 0, {1008, 1008}, {0x91, 0x3A, 0xEA, 0xFF}}},
	{{{66, -118, -1}, 0, {1008, 1008}, {0xC5, 0x14, 0x92, 0xFF}}},
	{{{46, 10, -85}, 0, {-16, 1008}, {0xA1, 0xCA, 0xBF, 0xFF}}},
	{{{38, -38, -60}, 0, {-16, 1008}, {0x94, 0xBF, 0xF0, 0xFF}}},
	{{{24, -11, -68}, 0, {-16, 1008}, {0xA4, 0xBB, 0xCA, 0xFF}}},
	{{{95, -54, -55}, 0, {-16, 1008}, {0x84, 0xFD, 0xE6, 0xFF}}},
	{{{76, 11, -82}, 0, {-16, 1008}, {0x99, 0xCD, 0xCA, 0xFF}}},
	{{{113, 12, -81}, 0, {-16, 1008}, {0x8F, 0xE6, 0xCC, 0xFF}}},
	{{{33, -62, -31}, 0, {-16, 1008}, {0x92, 0xFC, 0xC0, 0xFF}}},
	{{{93, -71, 0}, 0, {-16, 1008}, {0x8A, 0xFF, 0xD2, 0xFF}}},
	{{{33, -62, 31}, 0, {-16, 1008}, {0x88, 0x08, 0xD7, 0xFF}}},
	{{{95, -54, 55}, 0, {-16, 1008}, {0x90, 0x07, 0xC4, 0xFF}}},
	{{{38, -38, 60}, 0, {-16, 1008}, {0x8D, 0xF2, 0xCC, 0xFF}}},
	{{{46, 10, 85}, 0, {-16, 1008}, {0xBE, 0xDF, 0x99, 0xFF}}},
	{{{76, 11, 82}, 0, {-16, 1008}, {0xBB, 0xE4, 0x99, 0xFF}}},
	{{{113, 12, 81}, 0, {-16, 1008}, {0xAD, 0xF0, 0xA1, 0xFF}}},
	{{{24, -11, 68}, 0, {-16, 1008}, {0x96, 0xBF, 0x1B, 0xFF}}},
	{{{10, -31, 33}, 0, {-16, 1008}, {0x96, 0xE6, 0xBF, 0xFF}}},
	{{{10, -31, -33}, 0, {-16, 1008}, {0x8D, 0xE3, 0xD2, 0xFF}}},
};

Gfx squishy_Capless_Head_Switch_Option_Capless_Head_mesh_layer_1_tri_1[] = {
	gsSPVertex(squishy_Capless_Head_Switch_Option_Capless_Head_mesh_layer_1_vtx_1 + 0, 64, 0),
	gsSP2Triangles(0, 1, 2, 0, 1, 3, 2, 0),
	gsSP2Triangles(4, 3, 1, 0, 4, 1, 5, 0),
	gsSP2Triangles(1, 6, 5, 0, 6, 7, 5, 0),
	gsSP2Triangles(8, 7, 6, 0, 7, 9, 5, 0),
	gsSP2Triangles(9, 7, 10, 0, 9, 11, 5, 0),
	gsSP2Triangles(11, 4, 5, 0, 12, 13, 14, 0),
	gsSP2Triangles(14, 13, 15, 0, 16, 15, 13, 0),
	gsSP2Triangles(17, 16, 13, 0, 18, 17, 13, 0),
	gsSP2Triangles(19, 18, 13, 0, 20, 19, 13, 0),
	gsSP2Triangles(21, 20, 13, 0, 22, 21, 13, 0),
	gsSP2Triangles(21, 22, 23, 0, 22, 24, 23, 0),
	gsSP2Triangles(22, 25, 24, 0, 26, 25, 22, 0),
	gsSP2Triangles(22, 27, 26, 0, 26, 27, 28, 0),
	gsSP2Triangles(28, 27, 29, 0, 29, 27, 30, 0),
	gsSP2Triangles(30, 27, 31, 0, 31, 27, 32, 0),
	gsSP2Triangles(32, 27, 33, 0, 34, 33, 27, 0),
	gsSP2Triangles(35, 34, 27, 0, 36, 26, 28, 0),
	gsSP2Triangles(37, 26, 36, 0, 38, 26, 37, 0),
	gsSP2Triangles(25, 26, 38, 0, 39, 20, 21, 0),
	gsSP2Triangles(40, 39, 21, 0, 41, 40, 21, 0),
	gsSP2Triangles(23, 41, 21, 0, 42, 43, 44, 0),
	gsSP2Triangles(45, 42, 44, 0, 46, 45, 44, 0),
	gsSP2Triangles(47, 45, 46, 0, 47, 46, 48, 0),
	gsSP2Triangles(46, 49, 48, 0, 50, 49, 46, 0),
	gsSP2Triangles(51, 50, 46, 0, 51, 46, 52, 0),
	gsSP2Triangles(46, 53, 52, 0, 53, 46, 54, 0),
	gsSP2Triangles(53, 55, 52, 0, 56, 42, 57, 0),
	gsSP2Triangles(42, 58, 57, 0, 59, 58, 42, 0),
	gsSP2Triangles(42, 60, 59, 0, 42, 61, 60, 0),
	gsSP2Triangles(61, 42, 45, 0, 45, 62, 61, 0),
	gsSP1Triangle(45, 63, 62, 0),
	gsSPVertex(squishy_Capless_Head_Switch_Option_Capless_Head_mesh_layer_1_vtx_1 + 64, 64, 0),
	gsSP2Triangles(0, 1, 2, 0, 3, 0, 2, 0),
	gsSP2Triangles(3, 4, 0, 0, 4, 5, 0, 0),
	gsSP2Triangles(4, 6, 5, 0, 5, 7, 0, 0),
	gsSP2Triangles(5, 8, 7, 0, 9, 8, 5, 0),
	gsSP2Triangles(10, 8, 9, 0, 11, 8, 10, 0),
	gsSP2Triangles(10, 12, 11, 0, 13, 8, 11, 0),
	gsSP2Triangles(7, 8, 13, 0, 14, 13, 11, 0),
	gsSP2Triangles(15, 16, 17, 0, 16, 15, 18, 0),
	gsSP2Triangles(19, 16, 18, 0, 19, 20, 16, 0),
	gsSP2Triangles(16, 20, 21, 0, 20, 22, 21, 0),
	gsSP2Triangles(23, 22, 20, 0, 23, 20, 24, 0),
	gsSP2Triangles(24, 20, 25, 0, 23, 24, 26, 0),
	gsSP2Triangles(26, 24, 27, 0, 24, 28, 27, 0),
	gsSP2Triangles(24, 29, 28, 0, 28, 29, 30, 0),
	gsSP2Triangles(30, 29, 31, 0, 30, 31, 32, 0),
	gsSP2Triangles(33, 32, 31, 0, 33, 31, 34, 0),
	gsSP2Triangles(35, 33, 34, 0, 35, 36, 33, 0),
	gsSP2Triangles(35, 1, 36, 0, 1, 37, 36, 0),
	gsSP2Triangles(37, 1, 38, 0, 38, 1, 0, 0),
	gsSP2Triangles(7, 38, 0, 0, 39, 38, 7, 0),
	gsSP2Triangles(36, 37, 40, 0, 40, 37, 41, 0),
	gsSP2Triangles(37, 42, 41, 0, 42, 37, 43, 0),
	gsSP2Triangles(37, 44, 43, 0, 44, 45, 43, 0),
	gsSP2Triangles(45, 44, 46, 0, 47, 40, 41, 0),
	gsSP2Triangles(48, 40, 47, 0, 49, 48, 47, 0),
	gsSP2Triangles(50, 49, 47, 0, 50, 47, 51, 0),
	gsSP2Triangles(51, 47, 52, 0, 52, 47, 53, 0),
	gsSP2Triangles(54, 51, 52, 0, 55, 51, 54, 0),
	gsSP2Triangles(56, 55, 54, 0, 55, 50, 51, 0),
	gsSP2Triangles(57, 50, 55, 0, 55, 58, 57, 0),
	gsSP2Triangles(58, 55, 59, 0, 57, 58, 60, 0),
	gsSP2Triangles(58, 61, 60, 0, 61, 62, 60, 0),
	gsSP2Triangles(62, 57, 60, 0, 62, 63, 57, 0),
	gsSPVertex(squishy_Capless_Head_Switch_Option_Capless_Head_mesh_layer_1_vtx_1 + 128, 64, 0),
	gsSP2Triangles(0, 1, 2, 0, 0, 3, 1, 0),
	gsSP2Triangles(4, 3, 0, 0, 3, 5, 1, 0),
	gsSP2Triangles(3, 6, 5, 0, 6, 3, 7, 0),
	gsSP2Triangles(8, 5, 6, 0, 8, 9, 5, 0),
	gsSP2Triangles(10, 9, 8, 0, 9, 11, 5, 0),
	gsSP2Triangles(12, 11, 9, 0, 12, 9, 13, 0),
	gsSP2Triangles(13, 9, 14, 0, 12, 15, 11, 0),
	gsSP2Triangles(16, 15, 12, 0, 16, 12, 17, 0),
	gsSP2Triangles(12, 18, 17, 0, 18, 19, 17, 0),
	gsSP2Triangles(20, 16, 17, 0, 20, 21, 16, 0),
	gsSP2Triangles(16, 21, 15, 0, 15, 21, 22, 0),
	gsSP2Triangles(23, 15, 22, 0, 24, 23, 22, 0),
	gsSP2Triangles(25, 24, 22, 0, 26, 24, 25, 0),
	gsSP2Triangles(15, 23, 27, 0, 23, 28, 27, 0),
	gsSP2Triangles(28, 1, 27, 0, 1, 28, 2, 0),
	gsSP2Triangles(2, 28, 29, 0, 30, 2, 29, 0),
	gsSP2Triangles(1, 5, 27, 0, 5, 11, 27, 0),
	gsSP2Triangles(15, 27, 11, 0, 31, 8, 6, 0),
	gsSP2Triangles(32, 19, 33, 0, 33, 19, 34, 0),
	gsSP2Triangles(33, 34, 35, 0, 36, 37, 38, 0),
	gsSP2Triangles(39, 36, 38, 0, 39, 38, 40, 0),
	gsSP2Triangles(40, 38, 41, 0, 41, 38, 42, 0),
	gsSP2Triangles(43, 42, 38, 0, 41, 42, 44, 0),
	gsSP2Triangles(45, 41, 44, 0, 45, 44, 46, 0),
	gsSP2Triangles(46, 44, 47, 0, 46, 47, 48, 0),
	gsSP2Triangles(49, 48, 47, 0, 50, 46, 48, 0),
	gsSP2Triangles(51, 46, 50, 0, 52, 51, 50, 0),
	gsSP2Triangles(53, 51, 52, 0, 53, 54, 51, 0),
	gsSP2Triangles(55, 54, 53, 0, 56, 55, 53, 0),
	gsSP2Triangles(57, 55, 56, 0, 58, 55, 57, 0),
	gsSP2Triangles(59, 58, 57, 0, 60, 58, 59, 0),
	gsSP2Triangles(60, 54, 58, 0, 60, 61, 54, 0),
	gsSP2Triangles(60, 62, 61, 0, 62, 63, 61, 0),
	gsSPVertex(squishy_Capless_Head_Switch_Option_Capless_Head_mesh_layer_1_vtx_1 + 192, 64, 0),
	gsSP2Triangles(0, 1, 2, 0, 1, 3, 2, 0),
	gsSP2Triangles(3, 4, 2, 0, 2, 4, 5, 0),
	gsSP2Triangles(4, 6, 5, 0, 4, 7, 6, 0),
	gsSP2Triangles(7, 8, 6, 0, 6, 8, 9, 0),
	gsSP2Triangles(5, 6, 9, 0, 9, 10, 5, 0),
	gsSP2Triangles(11, 5, 10, 0, 5, 11, 12, 0),
	gsSP2Triangles(5, 0, 2, 0, 5, 13, 14, 0),
	gsSP2Triangles(15, 16, 17, 0, 18, 16, 15, 0),
	gsSP2Triangles(18, 15, 19, 0, 16, 18, 20, 0),
	gsSP2Triangles(16, 20, 21, 0, 22, 16, 21, 0),
	gsSP2Triangles(23, 22, 21, 0, 24, 23, 21, 0),
	gsSP2Triangles(24, 21, 25, 0, 26, 23, 24, 0),
	gsSP2Triangles(23, 26, 27, 0, 26, 24, 28, 0),
	gsSP2Triangles(29, 22, 23, 0, 22, 29, 30, 0),
	gsSP2Triangles(23, 31, 32, 0, 32, 33, 23, 0),
	gsSP2Triangles(32, 34, 33, 0, 23, 33, 35, 0),
	gsSP2Triangles(35, 33, 36, 0, 37, 38, 39, 0),
	gsSP2Triangles(37, 39, 40, 0, 39, 41, 40, 0),
	gsSP2Triangles(41, 39, 42, 0, 41, 42, 43, 0),
	gsSP2Triangles(43, 42, 44, 0, 16, 44, 42, 0),
	gsSP2Triangles(16, 42, 45, 0, 16, 22, 44, 0),
	gsSP2Triangles(22, 46, 44, 0, 46, 43, 44, 0),
	gsSP2Triangles(39, 47, 48, 0, 49, 47, 39, 0),
	gsSP2Triangles(49, 50, 47, 0, 51, 52, 53, 0),
	gsSP2Triangles(51, 53, 41, 0, 41, 53, 54, 0),
	gsSP2Triangles(51, 41, 55, 0, 41, 43, 55, 0),
	gsSP2Triangles(56, 57, 58, 0, 58, 57, 59, 0),
	gsSP2Triangles(57, 60, 59, 0, 60, 61, 59, 0),
	gsSP2Triangles(62, 61, 60, 0, 62, 60, 63, 0),
	gsSPVertex(squishy_Capless_Head_Switch_Option_Capless_Head_mesh_layer_1_vtx_1 + 256, 51, 0),
	gsSP2Triangles(0, 1, 2, 0, 3, 0, 2, 0),
	gsSP2Triangles(3, 2, 4, 0, 4, 2, 5, 0),
	gsSP2Triangles(6, 4, 5, 0, 6, 5, 7, 0),
	gsSP2Triangles(5, 8, 7, 0, 9, 8, 5, 0),
	gsSP2Triangles(10, 9, 5, 0, 9, 10, 11, 0),
	gsSP2Triangles(12, 11, 10, 0, 13, 12, 10, 0),
	gsSP2Triangles(14, 13, 10, 0, 15, 16, 17, 0),
	gsSP2Triangles(18, 16, 15, 0, 18, 19, 16, 0),
	gsSP2Triangles(19, 20, 16, 0, 21, 22, 23, 0),
	gsSP2Triangles(22, 24, 23, 0, 23, 24, 25, 0),
	gsSP2Triangles(26, 27, 28, 0, 27, 26, 29, 0),
	gsSP2Triangles(30, 31, 32, 0, 31, 33, 32, 0),
	gsSP2Triangles(34, 35, 36, 0, 37, 35, 34, 0),
	gsSP2Triangles(38, 37, 34, 0, 39, 37, 38, 0),
	gsSP2Triangles(35, 37, 40, 0, 37, 41, 40, 0),
	gsSP2Triangles(40, 41, 42, 0, 41, 43, 42, 0),
	gsSP2Triangles(43, 44, 42, 0, 45, 44, 43, 0),
	gsSP2Triangles(45, 43, 46, 0, 46, 43, 47, 0),
	gsSP2Triangles(48, 44, 45, 0, 49, 44, 48, 0),
	gsSP2Triangles(44, 49, 42, 0, 49, 40, 42, 0),
	gsSP2Triangles(49, 50, 40, 0, 50, 35, 40, 0),
	gsSP1Triangle(36, 35, 50, 0),
	gsSPEndDisplayList(),
};

Vtx squishy_Capless_Head_Switch_Option_Capless_Head_mesh_layer_1_vtx_2[28] = {
	{{{46, 10, -85}, 0, {-16, 1008}, {0xA1, 0xCA, 0xBF, 0xFF}}},
	{{{50, 41, -78}, 0, {-16, 1008}, {0xA6, 0xC2, 0xC0, 0xFF}}},
	{{{76, 40, -77}, 0, {-16, 1008}, {0xA0, 0xC3, 0xC7, 0xFF}}},
	{{{76, 62, -61}, 0, {-16, 1008}, {0xA6, 0xBD, 0xC4, 0xFF}}},
	{{{50, 63, -61}, 0, {-16, 1008}, {0xAF, 0xB8, 0xBD, 0xFF}}},
	{{{53, 76, -35}, 0, {-16, 1008}, {0xB0, 0xBB, 0xBA, 0xFF}}},
	{{{76, 74, -26}, 0, {-16, 1008}, {0xAE, 0xBE, 0xB9, 0xFF}}},
	{{{60, 88, -9}, 0, {-16, 1008}, {0xA2, 0xDC, 0xB2, 0xFF}}},
	{{{76, 79, 0}, 0, {-16, 1008}, {0xB3, 0xBE, 0xB4, 0xFF}}},
	{{{60, 88, 9}, 0, {-16, 1008}, {0xB0, 0xCF, 0xAA, 0xFF}}},
	{{{76, 74, 26}, 0, {-16, 1008}, {0xB5, 0xC6, 0xAB, 0xFF}}},
	{{{53, 76, 35}, 0, {-16, 1008}, {0xBA, 0xCB, 0xA4, 0xFF}}},
	{{{76, 62, 61}, 0, {-16, 1008}, {0xBA, 0xCE, 0xA3, 0xFF}}},
	{{{50, 63, 61}, 0, {-16, 1008}, {0xBF, 0xCC, 0xA0, 0xFF}}},
	{{{50, 41, 78}, 0, {-16, 1008}, {0xBD, 0xD5, 0x9D, 0xFF}}},
	{{{76, 40, 77}, 0, {-16, 1008}, {0xBA, 0xD6, 0x9E, 0xFF}}},
	{{{46, 10, 85}, 0, {-16, 1008}, {0xBE, 0xDF, 0x99, 0xFF}}},
	{{{76, 11, 82}, 0, {-16, 1008}, {0xBB, 0xE4, 0x99, 0xFF}}},
	{{{113, 12, 81}, 0, {-16, 1008}, {0xAD, 0xF0, 0xA1, 0xFF}}},
	{{{114, 41, 78}, 0, {-16, 1008}, {0xB2, 0xD8, 0xA4, 0xFF}}},
	{{{114, 63, 62}, 0, {-16, 1008}, {0xB2, 0xD0, 0xA8, 0xFF}}},
	{{{115, 77, 28}, 0, {-16, 1008}, {0xAE, 0xC9, 0xB0, 0xFF}}},
	{{{115, 81, 0}, 0, {-16, 1008}, {0xAA, 0xC4, 0xB8, 0xFF}}},
	{{{115, 77, -28}, 0, {-16, 1008}, {0xA5, 0xC2, 0xC0, 0xFF}}},
	{{{114, 63, -62}, 0, {-16, 1008}, {0x9E, 0xC3, 0xCA, 0xFF}}},
	{{{114, 41, -78}, 0, {-16, 1008}, {0x99, 0xCA, 0xCD, 0xFF}}},
	{{{113, 12, -81}, 0, {-16, 1008}, {0x8F, 0xE6, 0xCC, 0xFF}}},
	{{{76, 11, -82}, 0, {-16, 1008}, {0x99, 0xCD, 0xCA, 0xFF}}},
};

Gfx squishy_Capless_Head_Switch_Option_Capless_Head_mesh_layer_1_tri_2[] = {
	gsSPVertex(squishy_Capless_Head_Switch_Option_Capless_Head_mesh_layer_1_vtx_2 + 0, 28, 0),
	gsSP2Triangles(0, 1, 2, 0, 3, 2, 1, 0),
	gsSP2Triangles(3, 1, 4, 0, 4, 5, 3, 0),
	gsSP2Triangles(3, 5, 6, 0, 5, 7, 6, 0),
	gsSP2Triangles(8, 6, 7, 0, 7, 9, 8, 0),
	gsSP2Triangles(9, 10, 8, 0, 11, 10, 9, 0),
	gsSP2Triangles(10, 11, 12, 0, 12, 11, 13, 0),
	gsSP2Triangles(12, 13, 14, 0, 12, 14, 15, 0),
	gsSP2Triangles(16, 15, 14, 0, 16, 17, 15, 0),
	gsSP2Triangles(18, 15, 17, 0, 18, 19, 15, 0),
	gsSP2Triangles(19, 12, 15, 0, 19, 20, 12, 0),
	gsSP2Triangles(20, 10, 12, 0, 20, 21, 10, 0),
	gsSP2Triangles(22, 10, 21, 0, 22, 8, 10, 0),
	gsSP2Triangles(23, 8, 22, 0, 23, 6, 8, 0),
	gsSP2Triangles(24, 6, 23, 0, 24, 3, 6, 0),
	gsSP2Triangles(25, 3, 24, 0, 25, 2, 3, 0),
	gsSP2Triangles(26, 2, 25, 0, 26, 27, 2, 0),
	gsSP1Triangle(0, 2, 27, 0),
	gsSPEndDisplayList(),
};

Vtx squishy_Capless_Head_Switch_Option_Capless_Head_mesh_layer_4_vtx_0[21] = {
	{{{51, 46, -74}, 0, {555, 1429}, {0x6F, 0x1E, 0xCB, 0xFF}}},
	{{{45, 58, -79}, 0, {555, 1900}, {0x6D, 0x2F, 0xD4, 0xFF}}},
	{{{53, 52, -65}, 0, {1000, 1429}, {0x6A, 0x2B, 0xC9, 0xFF}}},
	{{{44, 67, -71}, 0, {1000, 1900}, {0x61, 0x46, 0xD6, 0xFF}}},
	{{{56, 61, -55}, 0, {1445, 1429}, {0x60, 0x42, 0xCD, 0xFF}}},
	{{{40, 74, -58}, 0, {1445, 1900}, {0x50, 0x5E, 0xE3, 0xFF}}},
	{{{78, 44, -105}, 0, {92, 642}, {0x05, 0x6F, 0xC2, 0xFF}}},
	{{{125, 70, -57}, 0, {976, -16}, {0x02, 0x73, 0xC9, 0xFF}}},
	{{{123, 43, -105}, 0, {92, -16}, {0x02, 0x6F, 0xC2, 0xFF}}},
	{{{79, 71, -57}, 0, {976, 642}, {0x06, 0x72, 0xC9, 0xFF}}},
	{{{33, 47, -105}, 0, {92, 1300}, {0x08, 0x6F, 0xC2, 0xFF}}},
	{{{34, 74, -57}, 0, {976, 1300}, {0x08, 0x71, 0xC7, 0xFF}}},
	{{{36, 96, -8}, 0, {1860, 1300}, {0x0E, 0x75, 0xCF, 0xFF}}},
	{{{80, 90, -8}, 0, {1860, 642}, {0x09, 0x76, 0xD3, 0xFF}}},
	{{{126, 90, -8}, 0, {1860, -16}, {0x01, 0x76, 0xD2, 0xFF}}},
	{{{51, 46, 74}, 0, {555, 1429}, {0x6F, 0x1E, 0x35, 0xFF}}},
	{{{53, 52, 65}, 0, {1000, 1429}, {0x6A, 0x2B, 0x37, 0xFF}}},
	{{{45, 58, 79}, 0, {555, 1900}, {0x6D, 0x2F, 0x2C, 0xFF}}},
	{{{44, 67, 71}, 0, {1000, 1900}, {0x61, 0x46, 0x2A, 0xFF}}},
	{{{56, 61, 55}, 0, {1445, 1429}, {0x60, 0x42, 0x33, 0xFF}}},
	{{{40, 74, 58}, 0, {1445, 1900}, {0x50, 0x5E, 0x1D, 0xFF}}},
};

Gfx squishy_Capless_Head_Switch_Option_Capless_Head_mesh_layer_4_tri_0[] = {
	gsSPVertex(squishy_Capless_Head_Switch_Option_Capless_Head_mesh_layer_4_vtx_0 + 0, 21, 0),
	gsSP2Triangles(0, 1, 2, 0, 1, 3, 2, 0),
	gsSP2Triangles(2, 3, 4, 0, 3, 5, 4, 0),
	gsSP2Triangles(6, 7, 8, 0, 6, 9, 7, 0),
	gsSP2Triangles(10, 9, 6, 0, 10, 11, 9, 0),
	gsSP2Triangles(11, 12, 9, 0, 12, 13, 9, 0),
	gsSP2Triangles(9, 13, 14, 0, 7, 9, 14, 0),
	gsSP2Triangles(15, 16, 17, 0, 17, 16, 18, 0),
	gsSP2Triangles(16, 19, 18, 0, 18, 19, 20, 0),
	gsSPEndDisplayList(),
};

Vtx squishy_Capless_Head_Switch_Option_Capless_Head_mesh_layer_4_vtx_1[27] = {
	{{{40, 99, -10}, 0, {817, 770}, {0xFC, 0x78, 0xD6, 0xFF}}},
	{{{52, 103, 0}, 0, {1008, 500}, {0x2E, 0x76, 0x00, 0xFF}}},
	{{{60, 89, -9}, 0, {830, 457}, {0xA2, 0xDF, 0xB1, 0xFF}}},
	{{{40, 99, 10}, 0, {1199, 770}, {0xFC, 0x78, 0x2A, 0xFF}}},
	{{{19, 92, 9}, 0, {1176, 1213}, {0xC5, 0x6E, 0x14, 0xFF}}},
	{{{19, 92, -9}, 0, {840, 1213}, {0xC5, 0x6E, 0xEB, 0xFF}}},
	{{{28, 82, -49}, 0, {55, 1048}, {0xED, 0x66, 0xB7, 0xFF}}},
	{{{53, 77, -35}, 0, {326, 599}, {0xAF, 0xBD, 0xB9, 0xFF}}},
	{{{50, 64, -62}, 0, {-185, 639}, {0xAF, 0xB9, 0xBC, 0xFF}}},
	{{{29, 62, -67}, 0, {-308, 1025}, {0xE1, 0x46, 0x9B, 0xFF}}},
	{{{50, 42, -80}, 0, {-643, 642}, {0xA6, 0xC2, 0xC0, 0xFF}}},
	{{{29, 43, -75}, 0, {-531, 1024}, {0xD0, 0x20, 0x8F, 0xFF}}},
	{{{8, 47, -61}, 0, {-140, 1398}, {0xA3, 0x22, 0xB1, 0xFF}}},
	{{{7, 72, -37}, 0, {251, 1435}, {0xA6, 0x4A, 0xCE, 0xFF}}},
	{{{-4, 57, -28}, 0, {464, 1646}, {0x8A, 0x21, 0xE0, 0xFF}}},
	{{{6, 84, 0}, 0, {1008, 1460}, {0xA2, 0x55, 0x00, 0xFF}}},
	{{{-7, 61, 0}, 0, {1008, 1725}, {0x86, 0x23, 0x00, 0xFF}}},
	{{{-4, 57, 28}, 0, {1552, 1646}, {0x8A, 0x20, 0x21, 0xFF}}},
	{{{7, 72, 37}, 0, {1765, 1435}, {0xA5, 0x4A, 0x32, 0xFF}}},
	{{{8, 47, 60}, 0, {2156, 1398}, {0xA2, 0x21, 0x4F, 0xFF}}},
	{{{29, 62, 67}, 0, {2324, 1025}, {0xE0, 0x46, 0x65, 0xFF}}},
	{{{29, 43, 75}, 0, {2547, 1024}, {0xCE, 0x20, 0x70, 0xFF}}},
	{{{50, 42, 80}, 0, {2659, 642}, {0xBD, 0xD5, 0x9D, 0xFF}}},
	{{{50, 64, 62}, 0, {2201, 639}, {0xBE, 0xCC, 0xA1, 0xFF}}},
	{{{28, 82, 49}, 0, {1961, 1048}, {0xED, 0x66, 0x49, 0xFF}}},
	{{{53, 77, 35}, 0, {1690, 599}, {0xB8, 0xCC, 0xA5, 0xFF}}},
	{{{60, 89, 9}, 0, {1186, 457}, {0xB0, 0xD1, 0xA9, 0xFF}}},
};

Gfx squishy_Capless_Head_Switch_Option_Capless_Head_mesh_layer_4_tri_1[] = {
	gsSPVertex(squishy_Capless_Head_Switch_Option_Capless_Head_mesh_layer_4_vtx_1 + 0, 27, 0),
	gsSP2Triangles(0, 1, 2, 0, 3, 1, 0, 0),
	gsSP2Triangles(4, 3, 0, 0, 4, 0, 5, 0),
	gsSP2Triangles(5, 0, 6, 0, 6, 0, 7, 0),
	gsSP2Triangles(7, 0, 2, 0, 7, 8, 6, 0),
	gsSP2Triangles(8, 9, 6, 0, 10, 9, 8, 0),
	gsSP2Triangles(11, 9, 10, 0, 12, 9, 11, 0),
	gsSP2Triangles(12, 13, 9, 0, 12, 14, 13, 0),
	gsSP2Triangles(15, 13, 14, 0, 14, 16, 15, 0),
	gsSP2Triangles(17, 15, 16, 0, 15, 17, 18, 0),
	gsSP2Triangles(19, 18, 17, 0, 19, 20, 18, 0),
	gsSP2Triangles(19, 21, 20, 0, 22, 20, 21, 0),
	gsSP2Triangles(23, 20, 22, 0, 23, 24, 20, 0),
	gsSP2Triangles(25, 24, 23, 0, 24, 25, 3, 0),
	gsSP2Triangles(25, 26, 3, 0, 1, 3, 26, 0),
	gsSP2Triangles(24, 3, 4, 0, 18, 24, 4, 0),
	gsSP2Triangles(15, 18, 4, 0, 15, 4, 5, 0),
	gsSP2Triangles(13, 15, 5, 0, 6, 13, 5, 0),
	gsSP2Triangles(9, 13, 6, 0, 18, 20, 24, 0),
	gsSPEndDisplayList(),
};

Vtx squishy_Left_Wing_DL_mesh_layer_4_vtx_0[4] = {
	{{{0, 0, 0}, 0, {-16, 2032}, {0x07, 0xDA, 0x79, 0xFF}}},
	{{{246, -81, -39}, 0, {2032, 2032}, {0x07, 0xDA, 0x79, 0xFF}}},
	{{{335, 155, 29}, 0, {2032, -16}, {0x07, 0xDA, 0x79, 0xFF}}},
	{{{89, 236, 69}, 0, {-16, -16}, {0x07, 0xDA, 0x79, 0xFF}}},
};

Gfx squishy_Left_Wing_DL_mesh_layer_4_tri_0[] = {
	gsSPVertex(squishy_Left_Wing_DL_mesh_layer_4_vtx_0 + 0, 4, 0),
	gsSP2Triangles(0, 1, 2, 0, 0, 2, 3, 0),
	gsSPEndDisplayList(),
};

Vtx squishy_Right_Wing_DL_mesh_layer_4_vtx_0[4] = {
	{{{0, 0, 0}, 0, {-16, 2032}, {0x07, 0xDA, 0x87, 0xFF}}},
	{{{89, 236, -69}, 0, {-16, -16}, {0x07, 0xDA, 0x87, 0xFF}}},
	{{{335, 155, -29}, 0, {2032, -16}, {0x07, 0xDA, 0x87, 0xFF}}},
	{{{246, -81, 39}, 0, {2032, 2032}, {0x07, 0xDA, 0x87, 0xFF}}},
};

Gfx squishy_Right_Wing_DL_mesh_layer_4_tri_0[] = {
	gsSPVertex(squishy_Right_Wing_DL_mesh_layer_4_vtx_0 + 0, 4, 0),
	gsSP2Triangles(0, 1, 2, 0, 0, 2, 3, 0),
	gsSPEndDisplayList(),
};

Vtx squishy_Left_Arm_Color_mesh_layer_1_vtx_0[26] = {
	{{{26, 10, -38}, 0, {-16, 1008}, {0x01, 0x0E, 0x82, 0x00}}},
	{{{84, 41, -27}, 0, {-16, 1008}, {0x23, 0x58, 0xAC, 0x00}}},
	{{{81, -5, -41}, 0, {-16, 1008}, {0x21, 0xE4, 0x88, 0x00}}},
	{{{27, 47, -13}, 0, {-16, 1008}, {0x05, 0x74, 0xCC, 0x00}}},
	{{{-8, 31, -34}, 0, {-16, 1008}, {0xD6, 0x3C, 0x99, 0x00}}},
	{{{-11, -20, -35}, 0, {-16, 1008}, {0xD5, 0xCC, 0x94, 0x00}}},
	{{{27, -32, -22}, 0, {-16, 1008}, {0x04, 0x9D, 0xB1, 0x00}}},
	{{{82, -41, -12}, 0, {-16, 1008}, {0x21, 0x8B, 0xDA, 0x00}}},
	{{{114, -12, -21}, 0, {-16, 1008}, {0x63, 0xD7, 0xBB, 0x00}}},
	{{{115, 26, -17}, 0, {-16, 1008}, {0x64, 0x35, 0xC7, 0x00}}},
	{{{86, 50, 16}, 0, {-16, 1008}, {0x23, 0x74, 0x26, 0x00}}},
	{{{28, 41, 27}, 0, {-16, 1008}, {0x00, 0x5F, 0x55, 0x00}}},
	{{{-7, 55, 2}, 0, {-16, 1008}, {0xD1, 0x76, 0x04, 0x00}}},
	{{{-30, 18, -16}, 0, {-16, 1008}, {0x8F, 0x22, 0xD2, 0x00}}},
	{{{-30, -13, -16}, 0, {-16, 1008}, {0x8E, 0xE1, 0xD1, 0x00}}},
	{{{-12, -46, 0}, 0, {-16, 1008}, {0xCF, 0x8B, 0xFE, 0x00}}},
	{{{28, -37, 19}, 0, {-16, 1008}, {0x01, 0x8C, 0x33, 0x00}}},
	{{{85, -31, 31}, 0, {-16, 1008}, {0x28, 0xA8, 0x52, 0x00}}},
	{{{116, -15, 17}, 0, {-16, 1008}, {0x6D, 0xC9, 0x23, 0x00}}},
	{{{117, 26, 17}, 0, {-16, 1008}, {0x6C, 0x31, 0x2D, 0x00}}},
	{{{87, 15, 45}, 0, {-16, 1008}, {0x24, 0x16, 0x78, 0x00}}},
	{{{28, -10, 41}, 0, {-16, 1008}, {0xFA, 0xE3, 0x7C, 0x00}}},
	{{{-9, 29, 36}, 0, {-16, 1008}, {0xC8, 0x33, 0x66, 0x00}}},
	{{{-30, 17, 6}, 0, {-16, 1008}, {0x89, 0x1F, 0x20, 0x00}}},
	{{{-31, -13, 6}, 0, {-16, 1008}, {0x89, 0xE2, 0x1F, 0x00}}},
	{{{-11, -21, 35}, 0, {-16, 1008}, {0xC4, 0xCC, 0x63, 0x00}}},
};

Gfx squishy_Left_Arm_Color_mesh_layer_1_tri_0[] = {
	gsSPVertex(squishy_Left_Arm_Color_mesh_layer_1_vtx_0 + 0, 26, 0),
	gsSP2Triangles(0, 1, 2, 0, 0, 3, 1, 0),
	gsSP2Triangles(3, 0, 4, 0, 0, 5, 4, 0),
	gsSP2Triangles(0, 6, 5, 0, 6, 0, 2, 0),
	gsSP2Triangles(6, 2, 7, 0, 7, 2, 8, 0),
	gsSP2Triangles(2, 1, 8, 0, 1, 9, 8, 0),
	gsSP2Triangles(1, 10, 9, 0, 3, 10, 1, 0),
	gsSP2Triangles(3, 11, 10, 0, 11, 3, 12, 0),
	gsSP2Triangles(3, 4, 12, 0, 12, 4, 13, 0),
	gsSP2Triangles(5, 13, 4, 0, 5, 14, 13, 0),
	gsSP2Triangles(5, 15, 14, 0, 6, 15, 5, 0),
	gsSP2Triangles(6, 16, 15, 0, 16, 6, 7, 0),
	gsSP2Triangles(16, 7, 17, 0, 17, 7, 18, 0),
	gsSP2Triangles(18, 7, 8, 0, 8, 9, 18, 0),
	gsSP2Triangles(9, 19, 18, 0, 10, 19, 9, 0),
	gsSP2Triangles(10, 20, 19, 0, 11, 20, 10, 0),
	gsSP2Triangles(11, 21, 20, 0, 21, 11, 22, 0),
	gsSP2Triangles(11, 12, 22, 0, 22, 12, 23, 0),
	gsSP2Triangles(23, 12, 13, 0, 13, 24, 23, 0),
	gsSP2Triangles(13, 14, 24, 0, 15, 24, 14, 0),
	gsSP2Triangles(15, 25, 24, 0, 16, 25, 15, 0),
	gsSP2Triangles(16, 21, 25, 0, 21, 16, 17, 0),
	gsSP2Triangles(21, 17, 20, 0, 20, 17, 18, 0),
	gsSP2Triangles(19, 20, 18, 0, 21, 22, 25, 0),
	gsSP2Triangles(25, 22, 23, 0, 25, 23, 24, 0),
	gsSPEndDisplayList(),
};

Vtx squishy_Left_Forearm_mesh_layer_1_vtx_0[47] = {
	{{{39, -40, 7}, 0, {-16, 1008}, {0xFF, 0x82, 0x10, 0x00}}},
	{{{70, -34, -29}, 0, {-16, 1008}, {0xF9, 0x97, 0xBA, 0x00}}},
	{{{73, -37, 19}, 0, {-16, 1008}, {0x06, 0x8E, 0x38, 0x00}}},
	{{{34, -23, -35}, 0, {-16, 1008}, {0xF3, 0xB4, 0x9B, 0x00}}},
	{{{-8, -39, -8}, 0, {-16, 1008}, {0xD6, 0x8E, 0xDD, 0x00}}},
	{{{-7, -28, 34}, 0, {-16, 1008}, {0xDB, 0xAA, 0x55, 0x00}}},
	{{{41, -13, 44}, 0, {-16, 1008}, {0x05, 0xC9, 0x72, 0x00}}},
	{{{75, 2, 46}, 0, {-16, 1008}, {0x13, 0xF6, 0x7D, 0x00}}},
	{{{39, 25, 44}, 0, {-16, 1008}, {0x04, 0x3C, 0x70, 0x00}}},
	{{{74, 45, 25}, 0, {-16, 1008}, {0x00, 0x6B, 0x44, 0x00}}},
	{{{34, 50, -4}, 0, {-16, 1008}, {0xFB, 0x7E, 0xF5, 0x00}}},
	{{{70, 49, -23}, 0, {-16, 1008}, {0xF7, 0x71, 0xC8, 0x00}}},
	{{{32, 23, -40}, 0, {-16, 1008}, {0xF0, 0x31, 0x8C, 0x00}}},
	{{{68, 9, -50}, 0, {-16, 1008}, {0xF1, 0x08, 0x82, 0x00}}},
	{{{-8, -5, -38}, 0, {-16, 1008}, {0xD1, 0xE6, 0x8D, 0x00}}},
	{{{-41, 3, -13}, 0, {-16, 1008}, {0x93, 0x00, 0xBF, 0x00}}},
	{{{-41, -17, 5}, 0, {-16, 1008}, {0x94, 0xBD, 0xFE, 0x00}}},
	{{{-40, 0, 22}, 0, {-16, 1008}, {0x96, 0xFF, 0x46, 0x00}}},
	{{{-4, 16, 47}, 0, {-16, 1008}, {0xD6, 0x1E, 0x74, 0x00}}},
	{{{-4, 49, 17}, 0, {-16, 1008}, {0xD8, 0x72, 0x27, 0x00}}},
	{{{-5, 39, -25}, 0, {-16, 1008}, {0xD3, 0x59, 0xB1, 0x00}}},
	{{{-40, 20, 4}, 0, {-16, 1008}, {0x93, 0x41, 0x07, 0x00}}},
	{{{70, -34, -29}, 0, {-16, 1008}, {0x81, 0xFF, 0x0A, 0x00}}},
	{{{74, -49, 24}, 0, {-16, 1008}, {0xC6, 0x9C, 0x34, 0x00}}},
	{{{73, -37, 19}, 0, {-16, 1008}, {0x81, 0xFF, 0x0A, 0x00}}},
	{{{69, -44, -36}, 0, {-16, 1008}, {0xC0, 0xA4, 0xC4, 0x00}}},
	{{{67, 10, -62}, 0, {-16, 1008}, {0xBC, 0x08, 0x95, 0x00}}},
	{{{68, 9, -50}, 0, {-16, 1008}, {0x81, 0x01, 0x0A, 0x00}}},
	{{{71, 65, -28}, 0, {-16, 1008}, {0xCB, 0x69, 0xD1, 0x00}}},
	{{{70, 49, -23}, 0, {-16, 1008}, {0x81, 0x07, 0x06, 0x00}}},
	{{{74, 45, 25}, 0, {-16, 1008}, {0x82, 0x06, 0x10, 0x00}}},
	{{{75, 61, 32}, 0, {-16, 1008}, {0xD1, 0x60, 0x44, 0x00}}},
	{{{75, 2, 46}, 0, {-16, 1008}, {0x81, 0x01, 0x0B, 0x00}}},
	{{{76, 1, 58}, 0, {-16, 1008}, {0xC9, 0xF7, 0x72, 0x00}}},
	{{{102, -26, 37}, 0, {-16, 1008}, {0xEF, 0xBB, 0x69, 0x00}}},
	{{{95, -46, -10}, 0, {-16, 1008}, {0xE5, 0x84, 0xF6, 0x00}}},
	{{{91, -15, -51}, 0, {-16, 1008}, {0xE8, 0xD0, 0x8D, 0x00}}},
	{{{93, 36, -45}, 0, {-16, 1008}, {0xF8, 0x4B, 0x9A, 0x00}}},
	{{{100, 56, 2}, 0, {-16, 1008}, {0x0B, 0x7E, 0x0D, 0x00}}},
	{{{105, 25, 43}, 0, {-16, 1008}, {0xFF, 0x35, 0x74, 0x00}}},
	{{{133, -1, 62}, 0, {-16, 1008}, {0x36, 0xF1, 0x72, 0x00}}},
	{{{122, -58, 26}, 0, {-16, 1008}, {0x20, 0x91, 0x34, 0x00}}},
	{{{117, -55, -42}, 0, {-16, 1008}, {0x1B, 0x97, 0xBF, 0x00}}},
	{{{124, 5, -74}, 0, {-16, 1008}, {0x2A, 0xFE, 0x88, 0x00}}},
	{{{135, 62, -38}, 0, {-16, 1008}, {0x3E, 0x5F, 0xC7, 0x00}}},
	{{{140, 59, 30}, 0, {-16, 1008}, {0x44, 0x59, 0x3C, 0x00}}},
	{{{137, 0, -9}, 0, {-16, 1008}, {0x96, 0xF0, 0xBD, 0x00}}},
};

Gfx squishy_Left_Forearm_mesh_layer_1_tri_0[] = {
	gsSPVertex(squishy_Left_Forearm_mesh_layer_1_vtx_0 + 0, 47, 0),
	gsSP2Triangles(0, 1, 2, 0, 0, 3, 1, 0),
	gsSP2Triangles(3, 0, 4, 0, 0, 5, 4, 0),
	gsSP2Triangles(0, 6, 5, 0, 6, 0, 2, 0),
	gsSP2Triangles(6, 2, 7, 0, 8, 6, 7, 0),
	gsSP2Triangles(8, 7, 9, 0, 10, 8, 9, 0),
	gsSP2Triangles(10, 9, 11, 0, 12, 10, 11, 0),
	gsSP2Triangles(12, 11, 13, 0, 3, 12, 13, 0),
	gsSP2Triangles(3, 13, 1, 0, 12, 3, 14, 0),
	gsSP2Triangles(3, 4, 14, 0, 4, 15, 14, 0),
	gsSP2Triangles(4, 16, 15, 0, 4, 5, 16, 0),
	gsSP2Triangles(5, 17, 16, 0, 5, 18, 17, 0),
	gsSP2Triangles(6, 18, 5, 0, 6, 8, 18, 0),
	gsSP2Triangles(8, 19, 18, 0, 8, 10, 19, 0),
	gsSP2Triangles(10, 20, 19, 0, 10, 12, 20, 0),
	gsSP2Triangles(12, 14, 20, 0, 20, 14, 15, 0),
	gsSP2Triangles(21, 20, 15, 0, 15, 17, 21, 0),
	gsSP2Triangles(15, 16, 17, 0, 18, 21, 17, 0),
	gsSP2Triangles(18, 19, 21, 0, 19, 20, 21, 0),
	gsSP2Triangles(22, 23, 24, 0, 22, 25, 23, 0),
	gsSP2Triangles(22, 26, 25, 0, 22, 27, 26, 0),
	gsSP2Triangles(27, 28, 26, 0, 27, 29, 28, 0),
	gsSP2Triangles(30, 28, 29, 0, 30, 31, 28, 0),
	gsSP2Triangles(32, 31, 30, 0, 32, 33, 31, 0),
	gsSP2Triangles(24, 33, 32, 0, 24, 23, 33, 0),
	gsSP2Triangles(23, 34, 33, 0, 23, 35, 34, 0),
	gsSP2Triangles(25, 35, 23, 0, 25, 36, 35, 0),
	gsSP2Triangles(26, 36, 25, 0, 26, 37, 36, 0),
	gsSP2Triangles(28, 37, 26, 0, 28, 38, 37, 0),
	gsSP2Triangles(31, 38, 28, 0, 31, 39, 38, 0),
	gsSP2Triangles(33, 39, 31, 0, 33, 34, 39, 0),
	gsSP2Triangles(39, 34, 40, 0, 34, 41, 40, 0),
	gsSP2Triangles(34, 35, 41, 0, 35, 42, 41, 0),
	gsSP2Triangles(35, 36, 42, 0, 36, 43, 42, 0),
	gsSP2Triangles(36, 37, 43, 0, 37, 44, 43, 0),
	gsSP2Triangles(37, 38, 44, 0, 38, 45, 44, 0),
	gsSP2Triangles(38, 39, 45, 0, 39, 40, 45, 0),
	gsSP2Triangles(46, 45, 40, 0, 46, 40, 41, 0),
	gsSP2Triangles(46, 41, 42, 0, 46, 42, 43, 0),
	gsSP2Triangles(46, 43, 44, 0, 46, 44, 45, 0),
	gsSPEndDisplayList(),
};

Vtx squishy_Left_Hand_DL_mesh_layer_1_vtx_0[20] = {
	{{{100, -28, -35}, 0, {-16, 1008}, {0x51, 0xC2, 0xB5, 0x00}}},
	{{{53, 28, -60}, 0, {-16, 1008}, {0x03, 0x34, 0x8C, 0x00}}},
	{{{105, 19, -35}, 0, {-16, 1008}, {0x5B, 0x2E, 0xB5, 0x00}}},
	{{{43, -29, -60}, 0, {-16, 1008}, {0xF7, 0xCF, 0x8B, 0x00}}},
	{{{37, -48, -38}, 0, {-16, 1008}, {0xE9, 0x8D, 0xCF, 0x00}}},
	{{{93, -44, 9}, 0, {-16, 1008}, {0x31, 0x8E, 0x1B, 0x00}}},
	{{{117, -25, 9}, 0, {-16, 1008}, {0x70, 0xCB, 0x1B, 0x00}}},
	{{{120, 15, 12}, 0, {-16, 1008}, {0x77, 0x1F, 0x1E, 0x00}}},
	{{{100, 38, 12}, 0, {-16, 1008}, {0x45, 0x67, 0x1B, 0x00}}},
	{{{53, 47, -36}, 0, {-16, 1008}, {0x04, 0x75, 0xCE, 0x00}}},
	{{{20, 32, -40}, 0, {-16, 1008}, {0xA8, 0x41, 0xBF, 0x00}}},
	{{{10, -26, -41}, 0, {-16, 1008}, {0x99, 0xDB, 0xBF, 0x00}}},
	{{{0, -28, 19}, 0, {-16, 1008}, {0x8C, 0xD8, 0x22, 0x00}}},
	{{{28, -52, 17}, 0, {-16, 1008}, {0xE0, 0x8A, 0x22, 0x00}}},
	{{{95, -25, 28}, 0, {-16, 1008}, {0x33, 0xCD, 0x69, 0x00}}},
	{{{99, 19, 31}, 0, {-16, 1008}, {0x3B, 0x21, 0x6B, 0x00}}},
	{{{35, 36, 45}, 0, {-16, 1008}, {0xEC, 0x32, 0x73, 0x00}}},
	{{{44, 56, 21}, 0, {-16, 1008}, {0xFC, 0x7A, 0x22, 0x00}}},
	{{{10, 39, 22}, 0, {-16, 1008}, {0x9C, 0x46, 0x23, 0x00}}},
	{{{26, -31, 41}, 0, {-16, 1008}, {0xE0, 0xCE, 0x70, 0x00}}},
};

Gfx squishy_Left_Hand_DL_mesh_layer_1_tri_0[] = {
	gsSPVertex(squishy_Left_Hand_DL_mesh_layer_1_vtx_0 + 0, 20, 0),
	gsSP2Triangles(0, 1, 2, 0, 0, 3, 1, 0),
	gsSP2Triangles(3, 0, 4, 0, 4, 0, 5, 0),
	gsSP2Triangles(0, 6, 5, 0, 0, 7, 6, 0),
	gsSP2Triangles(0, 2, 7, 0, 2, 8, 7, 0),
	gsSP2Triangles(2, 9, 8, 0, 2, 1, 9, 0),
	gsSP2Triangles(1, 10, 9, 0, 1, 11, 10, 0),
	gsSP2Triangles(1, 3, 11, 0, 3, 4, 11, 0),
	gsSP2Triangles(4, 12, 11, 0, 4, 13, 12, 0),
	gsSP2Triangles(13, 4, 5, 0, 14, 13, 5, 0),
	gsSP2Triangles(6, 14, 5, 0, 15, 14, 6, 0),
	gsSP2Triangles(15, 6, 7, 0, 7, 8, 15, 0),
	gsSP2Triangles(8, 16, 15, 0, 8, 17, 16, 0),
	gsSP2Triangles(9, 17, 8, 0, 10, 17, 9, 0),
	gsSP2Triangles(10, 18, 17, 0, 10, 12, 18, 0),
	gsSP2Triangles(10, 11, 12, 0, 18, 12, 19, 0),
	gsSP2Triangles(13, 19, 12, 0, 14, 19, 13, 0),
	gsSP2Triangles(15, 19, 14, 0, 15, 16, 19, 0),
	gsSP2Triangles(18, 19, 16, 0, 18, 16, 17, 0),
	gsSPEndDisplayList(),
};

Vtx squishy_Left_Hand_Open_Switch_Option_Left_Hand_Open_mesh_layer_1_vtx_0[20] = {
	{{{95, 27, -10}, 0, {-16, 1008}, {0x53, 0x00, 0xA0, 0x00}}},
	{{{10, 41, -50}, 0, {-16, 1008}, {0x05, 0x20, 0x85, 0x00}}},
	{{{68, 68, -8}, 0, {-16, 1008}, {0x29, 0x5A, 0xB0, 0x00}}},
	{{{55, -20, -26}, 0, {-16, 1008}, {0x54, 0x08, 0xA1, 0x00}}},
	{{{107, 7, 17}, 0, {-16, 1008}, {0x5D, 0xC2, 0x3B, 0x00}}},
	{{{114, 42, 12}, 0, {-16, 1008}, {0x78, 0x22, 0x19, 0x00}}},
	{{{94, 69, 14}, 0, {-16, 1008}, {0x54, 0x59, 0x22, 0x00}}},
	{{{62, 79, 19}, 0, {-16, 1008}, {0x06, 0x67, 0x4A, 0x00}}},
	{{{3, 58, -38}, 0, {-16, 1008}, {0xD9, 0x60, 0xB7, 0x00}}},
	{{{-18, 30, -41}, 0, {-16, 1008}, {0x99, 0x09, 0xB6, 0x00}}},
	{{{3, -27, -40}, 0, {-16, 1008}, {0xB7, 0xCB, 0xA7, 0x00}}},
	{{{64, -43, -43}, 0, {-16, 1008}, {0x6C, 0xE9, 0xC1, 0x00}}},
	{{{57, -22, -1}, 0, {-16, 1008}, {0x37, 0xA4, 0x45, 0x00}}},
	{{{44, -6, 12}, 0, {-16, 1008}, {0xF9, 0xD5, 0x77, 0x00}}},
	{{{3, 48, 11}, 0, {-16, 1008}, {0xD7, 0x16, 0x76, 0x00}}},
	{{{-2, 66, -3}, 0, {-16, 1008}, {0xBD, 0x68, 0x1C, 0x00}}},
	{{{-23, 37, 0}, 0, {-16, 1008}, {0x8F, 0x11, 0x38, 0x00}}},
	{{{2, -28, 0}, 0, {-16, 1008}, {0xB5, 0xBB, 0x4C, 0x00}}},
	{{{28, -55, -18}, 0, {-16, 1008}, {0xE8, 0x83, 0xFE, 0x00}}},
	{{{49, -60, -46}, 0, {-16, 1008}, {0x20, 0xA0, 0xB4, 0x00}}},
};

Gfx squishy_Left_Hand_Open_Switch_Option_Left_Hand_Open_mesh_layer_1_tri_0[] = {
	gsSPVertex(squishy_Left_Hand_Open_Switch_Option_Left_Hand_Open_mesh_layer_1_vtx_0 + 0, 20, 0),
	gsSP2Triangles(0, 1, 2, 0, 1, 0, 3, 0),
	gsSP2Triangles(3, 0, 4, 0, 0, 5, 4, 0),
	gsSP2Triangles(0, 6, 5, 0, 0, 2, 6, 0),
	gsSP2Triangles(2, 7, 6, 0, 2, 8, 7, 0),
	gsSP2Triangles(2, 1, 8, 0, 1, 9, 8, 0),
	gsSP2Triangles(1, 10, 9, 0, 1, 3, 10, 0),
	gsSP2Triangles(10, 3, 11, 0, 3, 12, 11, 0),
	gsSP2Triangles(12, 3, 4, 0, 4, 13, 12, 0),
	gsSP2Triangles(7, 13, 4, 0, 7, 4, 5, 0),
	gsSP2Triangles(7, 5, 6, 0, 7, 14, 13, 0),
	gsSP2Triangles(7, 15, 14, 0, 8, 15, 7, 0),
	gsSP2Triangles(9, 15, 8, 0, 9, 16, 15, 0),
	gsSP2Triangles(9, 17, 16, 0, 9, 10, 17, 0),
	gsSP2Triangles(17, 10, 18, 0, 10, 19, 18, 0),
	gsSP2Triangles(10, 11, 19, 0, 19, 11, 18, 0),
	gsSP2Triangles(11, 12, 18, 0, 12, 17, 18, 0),
	gsSP2Triangles(12, 13, 17, 0, 16, 17, 13, 0),
	gsSP2Triangles(16, 13, 14, 0, 16, 14, 15, 0),
	gsSPEndDisplayList(),
};

Vtx squishy_Right_Arm_Color_mesh_layer_1_vtx_0[26] = {
	{{{26, 10, 39}, 0, {-16, 1008}, {0x01, 0x0E, 0x7E, 0x00}}},
	{{{81, -5, 42}, 0, {-16, 1008}, {0x21, 0xE4, 0x78, 0x00}}},
	{{{84, 41, 28}, 0, {-16, 1008}, {0x23, 0x58, 0x54, 0x00}}},
	{{{27, -32, 23}, 0, {-16, 1008}, {0x04, 0x9D, 0x4F, 0x00}}},
	{{{-11, -20, 36}, 0, {-16, 1008}, {0xD5, 0xCC, 0x6C, 0x00}}},
	{{{-8, 31, 35}, 0, {-16, 1008}, {0xD6, 0x3C, 0x67, 0x00}}},
	{{{27, 47, 14}, 0, {-16, 1008}, {0x05, 0x74, 0x34, 0x00}}},
	{{{86, 50, -15}, 0, {-16, 1008}, {0x23, 0x74, 0xDA, 0x00}}},
	{{{115, 26, 18}, 0, {-16, 1008}, {0x64, 0x35, 0x39, 0x00}}},
	{{{114, -12, 22}, 0, {-16, 1008}, {0x63, 0xD7, 0x45, 0x00}}},
	{{{82, -41, 13}, 0, {-16, 1008}, {0x21, 0x8B, 0x26, 0x00}}},
	{{{28, -37, -18}, 0, {-16, 1008}, {0x01, 0x8C, 0xCD, 0x00}}},
	{{{-12, -46, 1}, 0, {-16, 1008}, {0xCF, 0x8B, 0x02, 0x00}}},
	{{{-30, -13, 17}, 0, {-16, 1008}, {0x8E, 0xE1, 0x2F, 0x00}}},
	{{{-30, 18, 17}, 0, {-16, 1008}, {0x8F, 0x22, 0x2E, 0x00}}},
	{{{-7, 55, -1}, 0, {-16, 1008}, {0xD1, 0x76, 0xFC, 0x00}}},
	{{{28, 41, -26}, 0, {-16, 1008}, {0x00, 0x5F, 0xAB, 0x00}}},
	{{{87, 15, -44}, 0, {-16, 1008}, {0x24, 0x16, 0x88, 0x00}}},
	{{{117, 26, -16}, 0, {-16, 1008}, {0x6C, 0x31, 0xD3, 0x00}}},
	{{{116, -15, -16}, 0, {-16, 1008}, {0x6D, 0xC9, 0xDD, 0x00}}},
	{{{85, -31, -30}, 0, {-16, 1008}, {0x28, 0xA8, 0xAE, 0x00}}},
	{{{28, -10, -40}, 0, {-16, 1008}, {0xFA, 0xE3, 0x84, 0x00}}},
	{{{-11, -21, -34}, 0, {-16, 1008}, {0xC4, 0xCC, 0x9D, 0x00}}},
	{{{-31, -13, -5}, 0, {-16, 1008}, {0x89, 0xE2, 0xE1, 0x00}}},
	{{{-30, 17, -5}, 0, {-16, 1008}, {0x89, 0x1F, 0xE0, 0x00}}},
	{{{-9, 29, -35}, 0, {-16, 1008}, {0xC8, 0x33, 0x9A, 0x00}}},
};

Gfx squishy_Right_Arm_Color_mesh_layer_1_tri_0[] = {
	gsSPVertex(squishy_Right_Arm_Color_mesh_layer_1_vtx_0 + 0, 26, 0),
	gsSP2Triangles(0, 1, 2, 0, 3, 1, 0, 0),
	gsSP2Triangles(0, 4, 3, 0, 0, 5, 4, 0),
	gsSP2Triangles(6, 5, 0, 0, 0, 2, 6, 0),
	gsSP2Triangles(6, 2, 7, 0, 2, 8, 7, 0),
	gsSP2Triangles(2, 9, 8, 0, 1, 9, 2, 0),
	gsSP2Triangles(10, 9, 1, 0, 3, 10, 1, 0),
	gsSP2Triangles(11, 10, 3, 0, 3, 12, 11, 0),
	gsSP2Triangles(3, 4, 12, 0, 4, 13, 12, 0),
	gsSP2Triangles(4, 14, 13, 0, 4, 5, 14, 0),
	gsSP2Triangles(15, 14, 5, 0, 6, 15, 5, 0),
	gsSP2Triangles(16, 15, 6, 0, 6, 7, 16, 0),
	gsSP2Triangles(16, 7, 17, 0, 7, 18, 17, 0),
	gsSP2Triangles(7, 8, 18, 0, 8, 19, 18, 0),
	gsSP2Triangles(9, 19, 8, 0, 19, 9, 10, 0),
	gsSP2Triangles(20, 19, 10, 0, 11, 20, 10, 0),
	gsSP2Triangles(21, 20, 11, 0, 11, 22, 21, 0),
	gsSP2Triangles(11, 12, 22, 0, 12, 23, 22, 0),
	gsSP2Triangles(12, 13, 23, 0, 14, 23, 13, 0),
	gsSP2Triangles(14, 24, 23, 0, 24, 14, 15, 0),
	gsSP2Triangles(25, 24, 15, 0, 16, 25, 15, 0),
	gsSP2Triangles(21, 25, 16, 0, 16, 17, 21, 0),
	gsSP2Triangles(21, 17, 20, 0, 17, 19, 20, 0),
	gsSP2Triangles(18, 19, 17, 0, 21, 22, 25, 0),
	gsSP2Triangles(22, 24, 25, 0, 22, 23, 24, 0),
	gsSPEndDisplayList(),
};

Vtx squishy_Right_Forearm_mesh_layer_1_vtx_0[47] = {
	{{{39, -40, -6}, 0, {-16, 1008}, {0xFF, 0x82, 0xF0, 0x00}}},
	{{{73, -37, -18}, 0, {-16, 1008}, {0x06, 0x8E, 0xC8, 0x00}}},
	{{{70, -34, 30}, 0, {-16, 1008}, {0xF9, 0x97, 0x46, 0x00}}},
	{{{41, -13, -43}, 0, {-16, 1008}, {0x05, 0xC9, 0x8E, 0x00}}},
	{{{-7, -28, -33}, 0, {-16, 1008}, {0xDB, 0xAA, 0xAB, 0x00}}},
	{{{-8, -39, 9}, 0, {-16, 1008}, {0xD6, 0x8E, 0x23, 0x00}}},
	{{{34, -23, 36}, 0, {-16, 1008}, {0xF3, 0xB4, 0x65, 0x00}}},
	{{{68, 9, 51}, 0, {-16, 1008}, {0xF1, 0x08, 0x7E, 0x00}}},
	{{{32, 23, 41}, 0, {-16, 1008}, {0xF0, 0x31, 0x74, 0x00}}},
	{{{70, 49, 24}, 0, {-16, 1008}, {0xF7, 0x71, 0x38, 0x00}}},
	{{{34, 50, 5}, 0, {-16, 1008}, {0xFB, 0x7E, 0x0B, 0x00}}},
	{{{74, 45, -24}, 0, {-16, 1008}, {0x00, 0x6B, 0xBC, 0x00}}},
	{{{39, 25, -43}, 0, {-16, 1008}, {0x04, 0x3C, 0x90, 0x00}}},
	{{{75, 2, -45}, 0, {-16, 1008}, {0x13, 0xF6, 0x83, 0x00}}},
	{{{-4, 16, -46}, 0, {-16, 1008}, {0xD6, 0x1E, 0x8C, 0x00}}},
	{{{-40, 0, -21}, 0, {-16, 1008}, {0x96, 0xFF, 0xBA, 0x00}}},
	{{{-41, -17, -4}, 0, {-16, 1008}, {0x94, 0xBD, 0x02, 0x00}}},
	{{{-41, 3, 14}, 0, {-16, 1008}, {0x93, 0x00, 0x41, 0x00}}},
	{{{-8, -5, 39}, 0, {-16, 1008}, {0xD1, 0xE6, 0x73, 0x00}}},
	{{{-5, 39, 26}, 0, {-16, 1008}, {0xD3, 0x59, 0x4F, 0x00}}},
	{{{-4, 49, -16}, 0, {-16, 1008}, {0xD8, 0x72, 0xD9, 0x00}}},
	{{{-40, 20, -3}, 0, {-16, 1008}, {0x93, 0x41, 0xF9, 0x00}}},
	{{{70, -34, 30}, 0, {-16, 1008}, {0x81, 0xFF, 0xF6, 0x00}}},
	{{{73, -37, -18}, 0, {-16, 1008}, {0x81, 0xFF, 0xF6, 0x00}}},
	{{{74, -49, -23}, 0, {-16, 1008}, {0xC6, 0x9C, 0xCC, 0x00}}},
	{{{76, 1, -57}, 0, {-16, 1008}, {0xC9, 0xF7, 0x8E, 0x00}}},
	{{{75, 2, -45}, 0, {-16, 1008}, {0x81, 0x01, 0xF5, 0x00}}},
	{{{75, 61, -31}, 0, {-16, 1008}, {0xD1, 0x60, 0xBC, 0x00}}},
	{{{74, 45, -24}, 0, {-16, 1008}, {0x82, 0x06, 0xF0, 0x00}}},
	{{{71, 65, 29}, 0, {-16, 1008}, {0xCB, 0x69, 0x2F, 0x00}}},
	{{{70, 49, 24}, 0, {-16, 1008}, {0x81, 0x07, 0xFA, 0x00}}},
	{{{68, 9, 51}, 0, {-16, 1008}, {0x81, 0x01, 0xF6, 0x00}}},
	{{{67, 10, 63}, 0, {-16, 1008}, {0xBC, 0x08, 0x6B, 0x00}}},
	{{{69, -44, 37}, 0, {-16, 1008}, {0xC0, 0xA4, 0x3C, 0x00}}},
	{{{95, -46, 11}, 0, {-16, 1008}, {0xE5, 0x84, 0x0A, 0x00}}},
	{{{102, -26, -36}, 0, {-16, 1008}, {0xEF, 0xBB, 0x97, 0x00}}},
	{{{105, 25, -42}, 0, {-16, 1008}, {0xFF, 0x35, 0x8C, 0x00}}},
	{{{100, 56, -1}, 0, {-16, 1008}, {0x0B, 0x7E, 0xF3, 0x00}}},
	{{{93, 36, 46}, 0, {-16, 1008}, {0xF8, 0x4B, 0x66, 0x00}}},
	{{{91, -15, 52}, 0, {-16, 1008}, {0xE8, 0xD0, 0x73, 0x00}}},
	{{{117, -55, 43}, 0, {-16, 1008}, {0x1B, 0x97, 0x41, 0x00}}},
	{{{122, -58, -25}, 0, {-16, 1008}, {0x20, 0x91, 0xCC, 0x00}}},
	{{{133, -1, -61}, 0, {-16, 1008}, {0x36, 0xF1, 0x8E, 0x00}}},
	{{{140, 59, -29}, 0, {-16, 1008}, {0x44, 0x59, 0xC4, 0x00}}},
	{{{135, 62, 39}, 0, {-16, 1008}, {0x3E, 0x5F, 0x39, 0x00}}},
	{{{124, 5, 75}, 0, {-16, 1008}, {0x2A, 0xFE, 0x78, 0x00}}},
	{{{137, 0, 10}, 0, {-16, 1008}, {0x96, 0xF0, 0x43, 0x00}}},
};

Gfx squishy_Right_Forearm_mesh_layer_1_tri_0[] = {
	gsSPVertex(squishy_Right_Forearm_mesh_layer_1_vtx_0 + 0, 47, 0),
	gsSP2Triangles(0, 1, 2, 0, 3, 1, 0, 0),
	gsSP2Triangles(0, 4, 3, 0, 0, 5, 4, 0),
	gsSP2Triangles(6, 5, 0, 0, 0, 2, 6, 0),
	gsSP2Triangles(6, 2, 7, 0, 6, 7, 8, 0),
	gsSP2Triangles(8, 7, 9, 0, 8, 9, 10, 0),
	gsSP2Triangles(10, 9, 11, 0, 10, 11, 12, 0),
	gsSP2Triangles(12, 11, 13, 0, 12, 13, 3, 0),
	gsSP2Triangles(3, 13, 1, 0, 3, 14, 12, 0),
	gsSP2Triangles(3, 4, 14, 0, 4, 15, 14, 0),
	gsSP2Triangles(4, 16, 15, 0, 5, 16, 4, 0),
	gsSP2Triangles(5, 17, 16, 0, 5, 18, 17, 0),
	gsSP2Triangles(6, 18, 5, 0, 8, 18, 6, 0),
	gsSP2Triangles(8, 19, 18, 0, 10, 19, 8, 0),
	gsSP2Triangles(10, 20, 19, 0, 12, 20, 10, 0),
	gsSP2Triangles(12, 14, 20, 0, 14, 21, 20, 0),
	gsSP2Triangles(14, 15, 21, 0, 17, 21, 15, 0),
	gsSP2Triangles(17, 15, 16, 0, 21, 17, 19, 0),
	gsSP2Triangles(19, 17, 18, 0, 20, 21, 19, 0),
	gsSP2Triangles(22, 23, 24, 0, 23, 25, 24, 0),
	gsSP2Triangles(23, 26, 25, 0, 26, 27, 25, 0),
	gsSP2Triangles(26, 28, 27, 0, 28, 29, 27, 0),
	gsSP2Triangles(28, 30, 29, 0, 31, 29, 30, 0),
	gsSP2Triangles(31, 32, 29, 0, 22, 32, 31, 0),
	gsSP2Triangles(22, 33, 32, 0, 22, 24, 33, 0),
	gsSP2Triangles(33, 24, 34, 0, 24, 35, 34, 0),
	gsSP2Triangles(24, 25, 35, 0, 25, 36, 35, 0),
	gsSP2Triangles(25, 27, 36, 0, 27, 37, 36, 0),
	gsSP2Triangles(27, 29, 37, 0, 29, 38, 37, 0),
	gsSP2Triangles(29, 32, 38, 0, 32, 39, 38, 0),
	gsSP2Triangles(32, 33, 39, 0, 33, 34, 39, 0),
	gsSP2Triangles(34, 40, 39, 0, 34, 41, 40, 0),
	gsSP2Triangles(35, 41, 34, 0, 35, 42, 41, 0),
	gsSP2Triangles(36, 42, 35, 0, 36, 43, 42, 0),
	gsSP2Triangles(37, 43, 36, 0, 37, 44, 43, 0),
	gsSP2Triangles(38, 44, 37, 0, 38, 45, 44, 0),
	gsSP2Triangles(39, 45, 38, 0, 39, 40, 45, 0),
	gsSP2Triangles(46, 45, 40, 0, 46, 40, 41, 0),
	gsSP2Triangles(46, 41, 42, 0, 46, 42, 43, 0),
	gsSP2Triangles(46, 43, 44, 0, 46, 44, 45, 0),
	gsSPEndDisplayList(),
};

Vtx squishy_Right_Hand_DL_mesh_layer_1_vtx_0[20] = {
	{{{100, -28, 36}, 0, {-16, 1008}, {0x51, 0xC2, 0x4B, 0x00}}},
	{{{105, 19, 36}, 0, {-16, 1008}, {0x5B, 0x2E, 0x4B, 0x00}}},
	{{{53, 28, 61}, 0, {-16, 1008}, {0x03, 0x34, 0x74, 0x00}}},
	{{{120, 15, -11}, 0, {-16, 1008}, {0x77, 0x1F, 0xE2, 0x00}}},
	{{{117, -25, -8}, 0, {-16, 1008}, {0x70, 0xCB, 0xE5, 0x00}}},
	{{{93, -44, -8}, 0, {-16, 1008}, {0x31, 0x8E, 0xE5, 0x00}}},
	{{{37, -48, 39}, 0, {-16, 1008}, {0xE9, 0x8D, 0x31, 0x00}}},
	{{{43, -29, 61}, 0, {-16, 1008}, {0xF7, 0xCF, 0x75, 0x00}}},
	{{{10, -26, 42}, 0, {-16, 1008}, {0x99, 0xDB, 0x41, 0x00}}},
	{{{20, 32, 41}, 0, {-16, 1008}, {0xA8, 0x41, 0x41, 0x00}}},
	{{{53, 47, 37}, 0, {-16, 1008}, {0x04, 0x75, 0x32, 0x00}}},
	{{{100, 38, -11}, 0, {-16, 1008}, {0x45, 0x67, 0xE5, 0x00}}},
	{{{99, 19, -30}, 0, {-16, 1008}, {0x3B, 0x21, 0x95, 0x00}}},
	{{{95, -25, -27}, 0, {-16, 1008}, {0x33, 0xCD, 0x97, 0x00}}},
	{{{28, -52, -16}, 0, {-16, 1008}, {0xE0, 0x8A, 0xDE, 0x00}}},
	{{{0, -28, -18}, 0, {-16, 1008}, {0x8C, 0xD8, 0xDE, 0x00}}},
	{{{10, 39, -21}, 0, {-16, 1008}, {0x9C, 0x46, 0xDD, 0x00}}},
	{{{44, 56, -20}, 0, {-16, 1008}, {0xFC, 0x7A, 0xDE, 0x00}}},
	{{{35, 36, -44}, 0, {-16, 1008}, {0xEC, 0x32, 0x8D, 0x00}}},
	{{{26, -31, -40}, 0, {-16, 1008}, {0xE0, 0xCE, 0x90, 0x00}}},
};

Gfx squishy_Right_Hand_DL_mesh_layer_1_tri_0[] = {
	gsSPVertex(squishy_Right_Hand_DL_mesh_layer_1_vtx_0 + 0, 20, 0),
	gsSP2Triangles(0, 1, 2, 0, 0, 3, 1, 0),
	gsSP2Triangles(0, 4, 3, 0, 0, 5, 4, 0),
	gsSP2Triangles(6, 5, 0, 0, 7, 6, 0, 0),
	gsSP2Triangles(0, 2, 7, 0, 2, 8, 7, 0),
	gsSP2Triangles(2, 9, 8, 0, 2, 10, 9, 0),
	gsSP2Triangles(1, 10, 2, 0, 1, 11, 10, 0),
	gsSP2Triangles(1, 3, 11, 0, 3, 12, 11, 0),
	gsSP2Triangles(12, 3, 4, 0, 12, 4, 13, 0),
	gsSP2Triangles(4, 5, 13, 0, 13, 5, 14, 0),
	gsSP2Triangles(14, 5, 6, 0, 6, 15, 14, 0),
	gsSP2Triangles(6, 8, 15, 0, 7, 8, 6, 0),
	gsSP2Triangles(9, 15, 8, 0, 9, 16, 15, 0),
	gsSP2Triangles(9, 17, 16, 0, 9, 10, 17, 0),
	gsSP2Triangles(10, 11, 17, 0, 11, 18, 17, 0),
	gsSP2Triangles(11, 12, 18, 0, 12, 19, 18, 0),
	gsSP2Triangles(12, 13, 19, 0, 13, 14, 19, 0),
	gsSP2Triangles(14, 15, 19, 0, 16, 19, 15, 0),
	gsSP2Triangles(16, 18, 19, 0, 16, 17, 18, 0),
	gsSPEndDisplayList(),
};

Vtx squishy_Right_Hand_Open_Switch_Option_Right_Hand_Open_mesh_layer_1_vtx_0[20] = {
	{{{95, 29, 7}, 0, {-16, 1008}, {0x53, 0x00, 0x60, 0x00}}},
	{{{94, 71, -17}, 0, {-16, 1008}, {0x54, 0x59, 0xDE, 0x00}}},
	{{{68, 70, 5}, 0, {-16, 1008}, {0x29, 0x5A, 0x50, 0x00}}},
	{{{114, 44, -15}, 0, {-16, 1008}, {0x78, 0x22, 0xE7, 0x00}}},
	{{{107, 9, -20}, 0, {-16, 1008}, {0x5D, 0xC2, 0xC5, 0x00}}},
	{{{55, -18, 23}, 0, {-16, 1008}, {0x54, 0x08, 0x5F, 0x00}}},
	{{{10, 43, 47}, 0, {-16, 1008}, {0x05, 0x20, 0x7B, 0x00}}},
	{{{3, 60, 35}, 0, {-16, 1008}, {0xD9, 0x60, 0x49, 0x00}}},
	{{{62, 81, -22}, 0, {-16, 1008}, {0x06, 0x67, 0xB6, 0x00}}},
	{{{44, -4, -14}, 0, {-16, 1008}, {0xF9, 0xD5, 0x89, 0x00}}},
	{{{57, -20, -1}, 0, {-16, 1008}, {0x37, 0xA4, 0xBB, 0x00}}},
	{{{64, -41, 40}, 0, {-16, 1008}, {0x6C, 0xE9, 0x3F, 0x00}}},
	{{{3, -25, 37}, 0, {-16, 1008}, {0xB7, 0xCB, 0x59, 0x00}}},
	{{{-18, 32, 39}, 0, {-16, 1008}, {0x99, 0x09, 0x4A, 0x00}}},
	{{{-2, 68, 0}, 0, {-16, 1008}, {0xBD, 0x68, 0xE4, 0x00}}},
	{{{3, 50, -14}, 0, {-16, 1008}, {0xD7, 0x16, 0x8A, 0x00}}},
	{{{-23, 39, -2}, 0, {-16, 1008}, {0x8F, 0x11, 0xC8, 0x00}}},
	{{{2, -25, -3}, 0, {-16, 1008}, {0xB5, 0xBB, 0xB4, 0x00}}},
	{{{28, -53, 15}, 0, {-16, 1008}, {0xE8, 0x83, 0x02, 0x00}}},
	{{{49, -58, 43}, 0, {-16, 1008}, {0x20, 0xA0, 0x4C, 0x00}}},
};

Gfx squishy_Right_Hand_Open_Switch_Option_Right_Hand_Open_mesh_layer_1_tri_0[] = {
	gsSPVertex(squishy_Right_Hand_Open_Switch_Option_Right_Hand_Open_mesh_layer_1_vtx_0 + 0, 20, 0),
	gsSP2Triangles(0, 1, 2, 0, 0, 3, 1, 0),
	gsSP2Triangles(0, 4, 3, 0, 5, 4, 0, 0),
	gsSP2Triangles(6, 5, 0, 0, 0, 2, 6, 0),
	gsSP2Triangles(2, 7, 6, 0, 2, 8, 7, 0),
	gsSP2Triangles(2, 1, 8, 0, 8, 1, 3, 0),
	gsSP2Triangles(8, 3, 4, 0, 8, 4, 9, 0),
	gsSP2Triangles(4, 10, 9, 0, 10, 4, 5, 0),
	gsSP2Triangles(5, 11, 10, 0, 12, 11, 5, 0),
	gsSP2Triangles(6, 12, 5, 0, 6, 13, 12, 0),
	gsSP2Triangles(6, 7, 13, 0, 13, 7, 14, 0),
	gsSP2Triangles(7, 8, 14, 0, 8, 15, 14, 0),
	gsSP2Triangles(8, 9, 15, 0, 16, 15, 9, 0),
	gsSP2Triangles(16, 9, 17, 0, 10, 17, 9, 0),
	gsSP2Triangles(10, 18, 17, 0, 11, 18, 10, 0),
	gsSP2Triangles(19, 18, 11, 0, 12, 19, 11, 0),
	gsSP2Triangles(12, 18, 19, 0, 17, 18, 12, 0),
	gsSP2Triangles(13, 17, 12, 0, 13, 16, 17, 0),
	gsSP2Triangles(13, 14, 16, 0, 16, 14, 15, 0),
	gsSPEndDisplayList(),
};

Vtx squishy_Right_Hand_Peace_Switch_Option_Right_Hand_Peace_mesh_layer_1_vtx_0[32] = {
	{{{-19, 19, 43}, 0, {-16, 1008}, {0xA7, 0x02, 0x5B, 0x00}}},
	{{{-4, 45, 36}, 0, {-16, 1008}, {0xC5, 0x48, 0x56, 0x00}}},
	{{{-11, 52, 3}, 0, {-16, 1008}, {0xB7, 0x61, 0xDB, 0x00}}},
	{{{35, 17, 40}, 0, {-16, 1008}, {0x13, 0xB0, 0x61, 0x00}}},
	{{{4, -24, 41}, 0, {-16, 1008}, {0xB0, 0xC1, 0x4C, 0x00}}},
	{{{10, -41, 1}, 0, {-16, 1008}, {0xCD, 0x9A, 0xC8, 0x00}}},
	{{{-27, 26, 1}, 0, {-16, 1008}, {0x8D, 0x06, 0xCA, 0x00}}},
	{{{-4, 36, -10}, 0, {-16, 1008}, {0xE5, 0x1D, 0x87, 0x00}}},
	{{{38, 70, 10}, 0, {-16, 1008}, {0x1A, 0x74, 0xD5, 0x00}}},
	{{{19, 53, 42}, 0, {-16, 1008}, {0xA5, 0x54, 0x1C, 0x00}}},
	{{{23, 12, 56}, 0, {-16, 1008}, {0xBE, 0x9B, 0x29, 0x00}}},
	{{{66, 32, 35}, 0, {-16, 1008}, {0x57, 0x27, 0x54, 0x00}}},
	{{{57, -16, 23}, 0, {-16, 1008}, {0x64, 0xD8, 0x43, 0x00}}},
	{{{44, 25, 63}, 0, {-16, 1008}, {0x3A, 0x68, 0x2B, 0x00}}},
	{{{15, 25, 67}, 0, {-16, 1008}, {0xC4, 0x60, 0x39, 0x00}}},
	{{{37, -37, 48}, 0, {-16, 1008}, {0x0B, 0x9C, 0x4D, 0x00}}},
	{{{52, -26, -10}, 0, {-16, 1008}, {0x24, 0xAF, 0xA5, 0x00}}},
	{{{55, 1, -7}, 0, {-16, 1008}, {0x07, 0x18, 0x84, 0x00}}},
	{{{57, 35, -4}, 0, {-16, 1008}, {0x30, 0x3A, 0x9A, 0x00}}},
	{{{50, 64, 63}, 0, {-16, 1008}, {0x24, 0x5B, 0x51, 0x00}}},
	{{{11, 48, 57}, 0, {-16, 1008}, {0x8E, 0x1C, 0x30, 0x00}}},
	{{{69, 30, 61}, 0, {-16, 1008}, {0x65, 0xDA, 0x42, 0x00}}},
	{{{111, 45, 29}, 0, {-16, 1008}, {0x38, 0x70, 0xEC, 0x00}}},
	{{{119, 23, 21}, 0, {-16, 1008}, {0x60, 0xE2, 0xB3, 0x00}}},
	{{{117, 22, 39}, 0, {-16, 1008}, {0x51, 0xBF, 0x49, 0x00}}},
	{{{111, 37, 44}, 0, {-16, 1008}, {0x2D, 0x3B, 0x67, 0x00}}},
	{{{76, 4, 26}, 0, {-16, 1008}, {0x19, 0xDF, 0x78, 0x00}}},
	{{{121, -24, 21}, 0, {-16, 1008}, {0x42, 0xBB, 0x54, 0x00}}},
	{{{57, -27, 39}, 0, {-16, 1008}, {0x63, 0xBF, 0x2D, 0x00}}},
	{{{122, -30, 2}, 0, {-16, 1008}, {0x45, 0xA3, 0xCC, 0x00}}},
	{{{125, -1, 19}, 0, {-16, 1008}, {0x5A, 0x4A, 0x34, 0x00}}},
	{{{127, 0, 0}, 0, {-16, 1008}, {0x5A, 0x26, 0xAF, 0x00}}},
};

Gfx squishy_Right_Hand_Peace_Switch_Option_Right_Hand_Peace_mesh_layer_1_tri_0[] = {
	gsSPVertex(squishy_Right_Hand_Peace_Switch_Option_Right_Hand_Peace_mesh_layer_1_vtx_0 + 0, 32, 0),
	gsSP2Triangles(0, 1, 2, 0, 3, 1, 0, 0),
	gsSP2Triangles(3, 0, 4, 0, 0, 5, 4, 0),
	gsSP2Triangles(0, 6, 5, 0, 0, 2, 6, 0),
	gsSP2Triangles(6, 2, 7, 0, 8, 7, 2, 0),
	gsSP2Triangles(1, 8, 2, 0, 9, 8, 1, 0),
	gsSP2Triangles(9, 1, 3, 0, 10, 9, 3, 0),
	gsSP2Triangles(3, 11, 10, 0, 3, 12, 11, 0),
	gsSP2Triangles(3, 4, 12, 0, 4, 13, 12, 0),
	gsSP2Triangles(4, 14, 13, 0, 15, 14, 4, 0),
	gsSP2Triangles(5, 15, 4, 0, 16, 15, 5, 0),
	gsSP2Triangles(6, 16, 5, 0, 6, 7, 16, 0),
	gsSP2Triangles(7, 17, 16, 0, 7, 18, 17, 0),
	gsSP2Triangles(8, 18, 7, 0, 8, 11, 18, 0),
	gsSP2Triangles(11, 8, 19, 0, 8, 9, 19, 0),
	gsSP2Triangles(19, 9, 20, 0, 10, 20, 9, 0),
	gsSP2Triangles(21, 20, 10, 0, 10, 11, 21, 0),
	gsSP2Triangles(11, 19, 21, 0, 21, 19, 20, 0),
	gsSP2Triangles(22, 18, 11, 0, 22, 23, 18, 0),
	gsSP2Triangles(23, 22, 24, 0, 22, 25, 24, 0),
	gsSP2Triangles(22, 11, 25, 0, 25, 11, 26, 0),
	gsSP2Triangles(26, 11, 12, 0, 27, 26, 12, 0),
	gsSP2Triangles(16, 27, 12, 0, 12, 28, 16, 0),
	gsSP2Triangles(12, 13, 28, 0, 28, 13, 14, 0),
	gsSP2Triangles(28, 14, 15, 0, 16, 28, 15, 0),
	gsSP2Triangles(29, 27, 16, 0, 29, 30, 27, 0),
	gsSP2Triangles(29, 31, 30, 0, 31, 29, 16, 0),
	gsSP2Triangles(31, 16, 17, 0, 17, 26, 31, 0),
	gsSP2Triangles(17, 23, 26, 0, 18, 23, 17, 0),
	gsSP2Triangles(26, 23, 24, 0, 25, 26, 24, 0),
	gsSP2Triangles(26, 27, 30, 0, 31, 26, 30, 0),
	gsSPEndDisplayList(),
};

Vtx squishy_Right_Hand_Cap_Switch_Option_Right_Hand_Cap_mesh_layer_1_vtx_0[20] = {
	{{{84, 21, 45}, 0, {-16, 1008}, {0x61, 0xFA, 0x52, 0x00}}},
	{{{60, 63, 44}, 0, {-16, 1008}, {0x29, 0x57, 0x52, 0x00}}},
	{{{11, 38, 65}, 0, {-16, 1008}, {0xDC, 0x26, 0x74, 0x00}}},
	{{{78, 70, -1}, 0, {-16, 1008}, {0x50, 0x60, 0xEB, 0x00}}},
	{{{99, 36, 2}, 0, {-16, 1008}, {0x7B, 0x18, 0xEE, 0x00}}},
	{{{91, 6, 0}, 0, {-16, 1008}, {0x6C, 0xC1, 0xE9, 0x00}}},
	{{{45, -31, 42}, 0, {-16, 1008}, {0x2E, 0x93, 0x2F, 0x00}}},
	{{{37, -14, 65}, 0, {-16, 1008}, {0x0D, 0xCE, 0x74, 0x00}}},
	{{{10, -30, 43}, 0, {-16, 1008}, {0xBE, 0xA3, 0x38, 0x00}}},
	{{{-16, 23, 43}, 0, {-16, 1008}, {0x8F, 0xFE, 0x39, 0x00}}},
	{{{2, 54, 42}, 0, {-16, 1008}, {0xBC, 0x5F, 0x32, 0x00}}},
	{{{49, 77, -3}, 0, {-16, 1008}, {0xFD, 0x7D, 0xEB, 0x00}}},
	{{{60, 62, -21}, 0, {-16, 1008}, {0x24, 0x42, 0x9A, 0x00}}},
	{{{83, 23, -19}, 0, {-16, 1008}, {0x4E, 0xFA, 0x9C, 0x00}}},
	{{{44, -38, -13}, 0, {-16, 1008}, {0x2E, 0x8F, 0xDB, 0x00}}},
	{{{7, -34, -17}, 0, {-16, 1008}, {0xBC, 0x9E, 0xD5, 0x00}}},
	{{{-24, 26, -20}, 0, {-16, 1008}, {0x89, 0xFF, 0xD4, 0x00}}},
	{{{-7, 59, -16}, 0, {-16, 1008}, {0xB7, 0x62, 0xDE, 0x00}}},
	{{{0, 39, -40}, 0, {-16, 1008}, {0xDA, 0x22, 0x8C, 0x00}}},
	{{{31, -21, -38}, 0, {-16, 1008}, {0x0B, 0xCA, 0x8E, 0x00}}},
};

Gfx squishy_Right_Hand_Cap_Switch_Option_Right_Hand_Cap_mesh_layer_1_tri_0[] = {
	gsSPVertex(squishy_Right_Hand_Cap_Switch_Option_Right_Hand_Cap_mesh_layer_1_vtx_0 + 0, 20, 0),
	gsSP2Triangles(0, 1, 2, 0, 0, 3, 1, 0),
	gsSP2Triangles(0, 4, 3, 0, 0, 5, 4, 0),
	gsSP2Triangles(6, 5, 0, 0, 7, 6, 0, 0),
	gsSP2Triangles(0, 2, 7, 0, 2, 8, 7, 0),
	gsSP2Triangles(2, 9, 8, 0, 2, 10, 9, 0),
	gsSP2Triangles(1, 10, 2, 0, 1, 11, 10, 0),
	gsSP2Triangles(1, 3, 11, 0, 3, 12, 11, 0),
	gsSP2Triangles(12, 3, 4, 0, 12, 4, 13, 0),
	gsSP2Triangles(4, 5, 13, 0, 13, 5, 14, 0),
	gsSP2Triangles(14, 5, 6, 0, 6, 15, 14, 0),
	gsSP2Triangles(6, 8, 15, 0, 7, 8, 6, 0),
	gsSP2Triangles(9, 15, 8, 0, 9, 16, 15, 0),
	gsSP2Triangles(9, 17, 16, 0, 9, 10, 17, 0),
	gsSP2Triangles(10, 11, 17, 0, 11, 18, 17, 0),
	gsSP2Triangles(11, 12, 18, 0, 12, 19, 18, 0),
	gsSP2Triangles(12, 13, 19, 0, 13, 14, 19, 0),
	gsSP2Triangles(14, 15, 19, 0, 16, 19, 15, 0),
	gsSP2Triangles(16, 18, 19, 0, 16, 17, 18, 0),
	gsSPEndDisplayList(),
};

Vtx squishy_Right_Hand_Cap_Switch_Option_Right_Hand_Cap_mesh_layer_1_vtx_1[117] = {
	{{{141, -155, 161}, 0, {-16, -16}, {0xC1, 0xE8, 0x6B, 0xFF}}},
	{{{139, -188, 151}, 0, {-16, -16}, {0x04, 0x88, 0x28, 0xFF}}},
	{{{167, -156, 176}, 0, {-16, 1008}, {0x0E, 0xD0, 0x75, 0xFF}}},
	{{{165, -187, 143}, 0, {-16, -16}, {0x2F, 0x8B, 0x0F, 0xFF}}},
	{{{157, -167, 80}, 0, {-16, -16}, {0x34, 0x93, 0xD8, 0xFF}}},
	{{{102, -175, 51}, 0, {-16, 546}, {0x1F, 0x88, 0xE4, 0xFF}}},
	{{{204, -153, 149}, 0, {-16, -16}, {0x70, 0xCC, 0x1D, 0xFF}}},
	{{{195, -122, 98}, 0, {-16, -16}, {0x78, 0xE9, 0xDE, 0xFF}}},
	{{{191, -30, 109}, 0, {-16, -16}, {0x75, 0x28, 0xE4, 0xFF}}},
	{{{199, -13, 165}, 0, {-16, -16}, {0x6D, 0x33, 0x29, 0xFF}}},
	{{{151, 14, 102}, 0, {-16, -16}, {0x2C, 0x76, 0xF3, 0xFF}}},
	{{{158, 19, 168}, 0, {-16, -16}, {0x28, 0x71, 0x2A, 0xFF}}},
	{{{132, 17, 175}, 0, {-16, -16}, {0xFC, 0x6C, 0x43, 0xFF}}},
	{{{95, 25, 75}, 0, {-16, 546}, {0x17, 0x7D, 0x01, 0xFF}}},
	{{{162, -19, 192}, 0, {-16, 1008}, {0x0C, 0x14, 0x7D, 0xFF}}},
	{{{136, -18, 177}, 0, {-16, -16}, {0xC0, 0xFA, 0x6E, 0xFF}}},
	{{{141, -155, 161}, 0, {-16, -16}, {0x89, 0xF8, 0x2C, 0xFF}}},
	{{{102, -175, 51}, 0, {-16, 546}, {0x87, 0xF8, 0x25, 0xFF}}},
	{{{139, -188, 151}, 0, {-16, -16}, {0x89, 0xF9, 0x2C, 0xFF}}},
	{{{95, 25, 75}, 0, {-16, 546}, {0x87, 0xF7, 0x25, 0xFF}}},
	{{{136, -18, 177}, 0, {-16, -16}, {0x89, 0xF6, 0x2C, 0xFF}}},
	{{{132, 17, 175}, 0, {-16, -16}, {0x89, 0xF4, 0x2B, 0xFF}}},
	{{{75, 37, -2}, 0, {-16, 1008}, {0x88, 0xF2, 0x27, 0xFF}}},
	{{{82, -170, -27}, 0, {-16, 1008}, {0x88, 0xFC, 0x29, 0xFF}}},
	{{{202, -133, 92}, 0, {-16, -16}, {0x68, 0xBA, 0x15, 0xFF}}},
	{{{195, -122, 98}, 0, {-16, -16}, {0x3D, 0xE7, 0x6C, 0xFF}}},
	{{{157, -167, 80}, 0, {-16, -16}, {0x4D, 0x9B, 0xFF, 0xFF}}},
	{{{198, -120, 82}, 0, {-16, -16}, {0x6E, 0xF5, 0xC1, 0xFF}}},
	{{{198, -20, 105}, 0, {-16, -16}, {0x66, 0x43, 0x22, 0xFF}}},
	{{{195, -30, 93}, 0, {-16, -16}, {0x6C, 0x22, 0xC7, 0xFF}}},
	{{{151, 14, 102}, 0, {-16, -16}, {0x48, 0x66, 0x17, 0xFF}}},
	{{{191, -30, 109}, 0, {-16, -16}, {0x3C, 0x09, 0x6F, 0xFF}}},
	{{{195, -122, 98}, 0, {-16, -16}, {0x3D, 0xE7, 0x6C, 0xFF}}},
	{{{43, -176, -121}, 0, {-16, 1008}, {0x88, 0x00, 0x29, 0xFF}}},
	{{{59, -183, -75}, 0, {-16, 253}, {0x8B, 0x03, 0x31, 0xFF}}},
	{{{46, -56, -113}, 0, {273, 1008}, {0x8A, 0xF6, 0x2D, 0xFF}}},
	{{{75, 37, -2}, 0, {-16, 57}, {0x88, 0xF2, 0x27, 0xFF}}},
	{{{50, 59, -46}, 0, {-16, 253}, {0x8C, 0xEA, 0x2E, 0xFF}}},
	{{{35, 63, -92}, 0, {-16, 1008}, {0x88, 0xEF, 0x26, 0xFF}}},
	{{{223, -118, 48}, 0, {-16, -16}, {0x77, 0xE7, 0x26, 0xFF}}},
	{{{195, -30, 93}, 0, {-16, -16}, {0x5A, 0x10, 0x58, 0xFF}}},
	{{{198, -120, 82}, 0, {-16, -16}, {0x5C, 0xE2, 0x52, 0xFF}}},
	{{{220, -21, 60}, 0, {-16, -16}, {0x75, 0x17, 0x2C, 0xFF}}},
	{{{222, -113, -9}, 0, {-16, -16}, {0x7A, 0xEE, 0xE2, 0xFF}}},
	{{{210, -159, 48}, 0, {-16, -16}, {0x5C, 0xB0, 0x24, 0xFF}}},
	{{{157, -167, 80}, 0, {-16, -16}, {0x28, 0xA1, 0x4A, 0xFF}}},
	{{{150, -179, 64}, 0, {-16, -16}, {0x07, 0x8B, 0x32, 0xFF}}},
	{{{102, -175, 51}, 0, {-16, 546}, {0xE5, 0x86, 0x14, 0xFF}}},
	{{{133, -184, 18}, 0, {-16, -16}, {0xFA, 0x81, 0x03, 0xFF}}},
	{{{82, -170, -27}, 0, {-16, 1008}, {0xCC, 0x98, 0xCE, 0xFF}}},
	{{{111, -174, -40}, 0, {-16, -16}, {0xE3, 0x93, 0xC5, 0xFF}}},
	{{{144, -173, -51}, 0, {-16, -16}, {0x09, 0x9C, 0xB3, 0xFF}}},
	{{{102, -146, -59}, 0, {-16, -16}, {0xCB, 0xCE, 0x98, 0xFF}}},
	{{{82, -170, -27}, 0, {-16, 57}, {0xCC, 0x98, 0xCE, 0xFF}}},
	{{{82, -117, -51}, 0, {145, 161}, {0xAA, 0xEE, 0xA4, 0xFF}}},
	{{{95, -109, -64}, 0, {-16, -16}, {0xBB, 0xFA, 0x96, 0xFF}}},
	{{{91, -12, -52}, 0, {-16, -16}, {0xBA, 0x1B, 0x9A, 0xFF}}},
	{{{78, -8, -38}, 0, {145, 161}, {0xA9, 0x21, 0xAA, 0xFF}}},
	{{{96, 23, -39}, 0, {-16, -16}, {0xC7, 0x46, 0xA6, 0xFF}}},
	{{{75, 37, -2}, 0, {-16, 57}, {0xC5, 0x6E, 0xE7, 0xFF}}},
	{{{104, 47, -13}, 0, {-16, -16}, {0xDC, 0x75, 0xE0, 0xFF}}},
	{{{137, 50, -25}, 0, {-16, -16}, {0x02, 0x74, 0xCD, 0xFF}}},
	{{{125, 44, 45}, 0, {-16, -16}, {0xF2, 0x7A, 0x20, 0xFF}}},
	{{{75, 37, -2}, 0, {-16, 1008}, {0xC5, 0x6E, 0xE7, 0xFF}}},
	{{{125, 44, 45}, 0, {-16, -16}, {0xF2, 0x7A, 0x20, 0xFF}}},
	{{{75, 37, -2}, 0, {-16, 1008}, {0xC5, 0x6E, 0xE7, 0xFF}}},
	{{{95, 25, 75}, 0, {-16, 546}, {0xDD, 0x70, 0x30, 0xFF}}},
	{{{143, 29, 88}, 0, {-16, -16}, {0xFF, 0x66, 0x4C, 0xFF}}},
	{{{151, 14, 102}, 0, {-16, -16}, {0x22, 0x4D, 0x5F, 0xFF}}},
	{{{204, 17, 69}, 0, {-16, -16}, {0x56, 0x4C, 0x36, 0xFF}}},
	{{{195, -30, 93}, 0, {-16, -16}, {0x5A, 0x10, 0x58, 0xFF}}},
	{{{220, -21, 60}, 0, {-16, -16}, {0x75, 0x17, 0x2C, 0xFF}}},
	{{{218, -13, 3}, 0, {-16, -16}, {0x78, 0x21, 0xE8, 0xFF}}},
	{{{222, -113, -9}, 0, {-16, -16}, {0x7A, 0xEE, 0xE2, 0xFF}}},
	{{{198, -107, -62}, 0, {-16, -16}, {0x61, 0xF3, 0xAF, 0xFF}}},
	{{{204, -159, -7}, 0, {-16, -16}, {0x5E, 0xB0, 0xE2, 0xFF}}},
	{{{210, -159, 48}, 0, {-16, -16}, {0x5C, 0xB0, 0x24, 0xFF}}},
	{{{167, -183, 5}, 0, {-16, -16}, {0x24, 0x87, 0xF4, 0xFF}}},
	{{{150, -179, 64}, 0, {-16, -16}, {0x07, 0x8B, 0x32, 0xFF}}},
	{{{133, -184, 18}, 0, {-16, -16}, {0xFA, 0x81, 0x03, 0xFF}}},
	{{{144, -173, -51}, 0, {-16, -16}, {0x09, 0x9C, 0xB3, 0xFF}}},
	{{{182, -150, -60}, 0, {-16, -16}, {0x3E, 0xB9, 0xAB, 0xFF}}},
	{{{170, -104, -82}, 0, {-16, -16}, {0x24, 0xF1, 0x87, 0xFF}}},
	{{{138, -103, -83}, 0, {-16, -16}, {0xEC, 0xF1, 0x84, 0xFF}}},
	{{{102, -146, -59}, 0, {-16, -16}, {0xCB, 0xCE, 0x98, 0xFF}}},
	{{{95, -109, -64}, 0, {-16, -16}, {0xBB, 0xFA, 0x96, 0xFF}}},
	{{{135, -11, -72}, 0, {-16, -16}, {0xEA, 0x2A, 0x8A, 0xFF}}},
	{{{91, -12, -52}, 0, {-16, -16}, {0xBA, 0x1B, 0x9A, 0xFF}}},
	{{{96, 23, -39}, 0, {-16, -16}, {0xC7, 0x46, 0xA6, 0xFF}}},
	{{{137, 50, -25}, 0, {-16, -16}, {0x02, 0x74, 0xCD, 0xFF}}},
	{{{167, -8, -71}, 0, {-16, -16}, {0x22, 0x2D, 0x8E, 0xFF}}},
	{{{175, 33, -38}, 0, {-16, -16}, {0x38, 0x5D, 0xBE, 0xFF}}},
	{{{159, 48, 33}, 0, {-16, -16}, {0x1C, 0x7B, 0x12, 0xFF}}},
	{{{198, 30, 16}, 0, {-16, -16}, {0x58, 0x5B, 0xF6, 0xFF}}},
	{{{195, -8, -51}, 0, {-16, -16}, {0x60, 0x26, 0xB6, 0xFF}}},
	{{{204, -153, 149}, 0, {-16, -16}, {0x70, 0xCC, 0x1D, 0xFF}}},
	{{{199, -13, 165}, 0, {-16, -16}, {0x6D, 0x33, 0x29, 0xFF}}},
	{{{165, -88, 187}, 0, {496, -16}, {0x07, 0xF1, 0x7E, 0xFF}}},
	{{{162, -19, 192}, 0, {-16, -16}, {0x0C, 0x14, 0x7D, 0xFF}}},
	{{{136, -18, 177}, 0, {-16, -16}, {0xC0, 0xFA, 0x6E, 0xFF}}},
	{{{141, -155, 161}, 0, {-16, -16}, {0xC1, 0xE8, 0x6B, 0xFF}}},
	{{{167, -156, 176}, 0, {-16, -16}, {0x0E, 0xD0, 0x75, 0xFF}}},
	{{{59, -183, -75}, 0, {-16, 253}, {0xE0, 0x88, 0x1A, 0xFF}}},
	{{{43, -176, -121}, 0, {-16, 1008}, {0x9F, 0xB8, 0xD8, 0xFF}}},
	{{{77, -195, -160}, 0, {-16, 1008}, {0x23, 0xB0, 0xA4, 0xFF}}},
	{{{54, -53, -135}, 0, {303, 1008}, {0x14, 0x10, 0x84, 0xFF}}},
	{{{46, -56, -113}, 0, {273, 1008}, {0x97, 0x05, 0xB8, 0xFF}}},
	{{{35, 63, -92}, 0, {-16, 1008}, {0x9A, 0x49, 0xE9, 0xFF}}},
	{{{67, 93, -125}, 0, {-16, 1008}, {0x1C, 0x66, 0xBA, 0xFF}}},
	{{{50, 59, -46}, 0, {-16, 253}, {0xD8, 0x6C, 0x36, 0xFF}}},
	{{{65, 69, -56}, 0, {-16, 253}, {0x3E, 0x6B, 0x1E, 0xFF}}},
	{{{75, 37, -2}, 0, {-16, 57}, {0x78, 0x2A, 0x03, 0xFF}}},
	{{{78, -8, -38}, 0, {145, 161}, {0x7A, 0x0D, 0xDE, 0xFF}}},
	{{{69, -59, -78}, 0, {186, 378}, {0x6E, 0x08, 0xC2, 0xFF}}},
	{{{82, -117, -51}, 0, {145, 161}, {0x7A, 0x03, 0xDD, 0xFF}}},
	{{{74, -189, -87}, 0, {-16, 253}, {0x45, 0x96, 0x04, 0xFF}}},
	{{{82, -170, -27}, 0, {-16, 57}, {0x7A, 0xDF, 0xFA, 0xFF}}},
};

Gfx squishy_Right_Hand_Cap_Switch_Option_Right_Hand_Cap_mesh_layer_1_tri_1[] = {
	gsSPVertex(squishy_Right_Hand_Cap_Switch_Option_Right_Hand_Cap_mesh_layer_1_vtx_1 + 0, 64, 0),
	gsSP2Triangles(0, 1, 2, 0, 2, 1, 3, 0),
	gsSP2Triangles(1, 4, 3, 0, 1, 5, 4, 0),
	gsSP2Triangles(6, 3, 4, 0, 6, 2, 3, 0),
	gsSP2Triangles(4, 7, 6, 0, 7, 8, 6, 0),
	gsSP2Triangles(8, 9, 6, 0, 8, 10, 9, 0),
	gsSP2Triangles(9, 10, 11, 0, 12, 11, 10, 0),
	gsSP2Triangles(12, 10, 13, 0, 14, 11, 12, 0),
	gsSP2Triangles(9, 11, 14, 0, 15, 14, 12, 0),
	gsSP2Triangles(16, 17, 18, 0, 16, 19, 17, 0),
	gsSP2Triangles(16, 20, 19, 0, 20, 21, 19, 0),
	gsSP2Triangles(17, 19, 22, 0, 17, 22, 23, 0),
	gsSP2Triangles(24, 25, 26, 0, 27, 24, 26, 0),
	gsSP2Triangles(28, 24, 27, 0, 28, 27, 29, 0),
	gsSP2Triangles(28, 29, 30, 0, 31, 28, 30, 0),
	gsSP2Triangles(31, 24, 28, 0, 31, 32, 24, 0),
	gsSP2Triangles(33, 34, 35, 0, 34, 23, 35, 0),
	gsSP2Triangles(23, 36, 35, 0, 36, 37, 35, 0),
	gsSP2Triangles(38, 35, 37, 0, 39, 40, 41, 0),
	gsSP2Triangles(39, 42, 40, 0, 43, 42, 39, 0),
	gsSP2Triangles(43, 39, 44, 0, 39, 41, 44, 0),
	gsSP2Triangles(41, 45, 44, 0, 46, 44, 45, 0),
	gsSP2Triangles(47, 46, 45, 0, 47, 48, 46, 0),
	gsSP2Triangles(48, 47, 49, 0, 50, 48, 49, 0),
	gsSP2Triangles(51, 48, 50, 0, 52, 51, 50, 0),
	gsSP2Triangles(52, 50, 53, 0, 52, 53, 54, 0),
	gsSP2Triangles(55, 52, 54, 0, 56, 55, 54, 0),
	gsSP2Triangles(56, 54, 57, 0, 56, 57, 58, 0),
	gsSP2Triangles(58, 57, 59, 0, 58, 59, 60, 0),
	gsSP2Triangles(58, 60, 61, 0, 61, 60, 62, 0),
	gsSP1Triangle(60, 63, 62, 0),
	gsSPVertex(squishy_Right_Hand_Cap_Switch_Option_Right_Hand_Cap_mesh_layer_1_vtx_1 + 64, 53, 0),
	gsSP2Triangles(0, 1, 2, 0, 2, 3, 0, 0),
	gsSP2Triangles(2, 4, 3, 0, 3, 4, 5, 0),
	gsSP2Triangles(5, 4, 6, 0, 7, 5, 6, 0),
	gsSP2Triangles(8, 5, 7, 0, 9, 8, 7, 0),
	gsSP2Triangles(9, 10, 8, 0, 10, 9, 11, 0),
	gsSP2Triangles(9, 12, 11, 0, 11, 12, 13, 0),
	gsSP2Triangles(13, 12, 14, 0, 13, 14, 15, 0),
	gsSP2Triangles(16, 13, 15, 0, 17, 13, 16, 0),
	gsSP2Triangles(18, 17, 16, 0, 19, 18, 16, 0),
	gsSP2Triangles(20, 19, 16, 0, 19, 20, 21, 0),
	gsSP2Triangles(19, 21, 22, 0, 21, 23, 22, 0),
	gsSP2Triangles(22, 23, 24, 0, 24, 25, 22, 0),
	gsSP2Triangles(22, 25, 26, 0, 26, 25, 27, 0),
	gsSP2Triangles(27, 25, 28, 0, 25, 0, 28, 0),
	gsSP2Triangles(28, 0, 3, 0, 28, 3, 5, 0),
	gsSP2Triangles(29, 28, 5, 0, 8, 29, 5, 0),
	gsSP2Triangles(30, 29, 8, 0, 10, 30, 8, 0),
	gsSP2Triangles(10, 18, 30, 0, 18, 10, 17, 0),
	gsSP2Triangles(10, 11, 17, 0, 17, 11, 13, 0),
	gsSP2Triangles(18, 26, 30, 0, 18, 19, 26, 0),
	gsSP2Triangles(19, 22, 26, 0, 26, 27, 30, 0),
	gsSP2Triangles(30, 27, 29, 0, 27, 28, 29, 0),
	gsSP2Triangles(31, 32, 33, 0, 32, 34, 33, 0),
	gsSP2Triangles(34, 35, 33, 0, 33, 35, 36, 0),
	gsSP2Triangles(37, 33, 36, 0, 37, 31, 33, 0),
	gsSP2Triangles(38, 39, 40, 0, 39, 41, 40, 0),
	gsSP2Triangles(39, 42, 41, 0, 43, 41, 42, 0),
	gsSP2Triangles(43, 44, 41, 0, 45, 44, 43, 0),
	gsSP2Triangles(45, 46, 44, 0, 47, 46, 45, 0),
	gsSP2Triangles(46, 47, 48, 0, 46, 48, 49, 0),
	gsSP2Triangles(50, 49, 48, 0, 49, 50, 51, 0),
	gsSP2Triangles(51, 50, 52, 0, 52, 38, 51, 0),
	gsSP2Triangles(38, 40, 51, 0, 40, 41, 51, 0),
	gsSP2Triangles(41, 49, 51, 0, 41, 46, 49, 0),
	gsSP1Triangle(44, 46, 41, 0),
	gsSPEndDisplayList(),
};

Vtx squishy_Right_Hand_Cap_Switch_Option_Right_Hand_Cap_mesh_layer_4_vtx_0[8] = {
	{{{170, -104, -83}, 0, {-156, -52}, {0x24, 0xF1, 0x87, 0xFF}}},
	{{{138, -103, -84}, 0, {-113, 627}, {0xEC, 0xF0, 0x84, 0xFF}}},
	{{{166, -8, -71}, 0, {2172, -52}, {0x21, 0x2E, 0x8E, 0xFF}}},
	{{{135, -11, -73}, 0, {2129, 627}, {0xEA, 0x2B, 0x8B, 0xFF}}},
	{{{94, -109, -64}, 0, {-166, 1746}, {0xBB, 0xF9, 0x96, 0xFF}}},
	{{{91, -12, -53}, 0, {2182, 1746}, {0xBA, 0x1B, 0x9A, 0xFF}}},
	{{{82, -117, -52}, 0, {-311, 2140}, {0xAA, 0xEE, 0xA4, 0xFF}}},
	{{{78, -8, -39}, 0, {2327, 2140}, {0xA9, 0x22, 0xAA, 0xFF}}},
};

Gfx squishy_Right_Hand_Cap_Switch_Option_Right_Hand_Cap_mesh_layer_4_tri_0[] = {
	gsSPVertex(squishy_Right_Hand_Cap_Switch_Option_Right_Hand_Cap_mesh_layer_4_vtx_0 + 0, 8, 0),
	gsSP2Triangles(0, 1, 2, 0, 1, 3, 2, 0),
	gsSP2Triangles(1, 4, 3, 0, 4, 5, 3, 0),
	gsSP2Triangles(5, 4, 6, 0, 5, 6, 7, 0),
	gsSPEndDisplayList(),
};

Vtx squishy_Right_Hand_Wing_Cap_Swtich_Option_Right_Hand_Wing_Cap_mesh_layer_1_vtx_0[20] = {
	{{{84, 21, 45}, 0, {-16, 1008}, {0x61, 0xFA, 0x52, 0x00}}},
	{{{60, 63, 44}, 0, {-16, 1008}, {0x29, 0x57, 0x52, 0x00}}},
	{{{11, 38, 65}, 0, {-16, 1008}, {0xDC, 0x26, 0x74, 0x00}}},
	{{{78, 70, -1}, 0, {-16, 1008}, {0x50, 0x60, 0xEB, 0x00}}},
	{{{99, 36, 2}, 0, {-16, 1008}, {0x7B, 0x18, 0xEE, 0x00}}},
	{{{91, 6, 0}, 0, {-16, 1008}, {0x6C, 0xC1, 0xE9, 0x00}}},
	{{{45, -31, 42}, 0, {-16, 1008}, {0x2E, 0x93, 0x2F, 0x00}}},
	{{{37, -14, 65}, 0, {-16, 1008}, {0x0D, 0xCE, 0x74, 0x00}}},
	{{{10, -30, 43}, 0, {-16, 1008}, {0xBE, 0xA3, 0x38, 0x00}}},
	{{{-16, 23, 43}, 0, {-16, 1008}, {0x8F, 0xFE, 0x39, 0x00}}},
	{{{2, 54, 42}, 0, {-16, 1008}, {0xBC, 0x5F, 0x32, 0x00}}},
	{{{49, 77, -3}, 0, {-16, 1008}, {0xFD, 0x7D, 0xEB, 0x00}}},
	{{{60, 62, -21}, 0, {-16, 1008}, {0x24, 0x42, 0x9A, 0x00}}},
	{{{83, 23, -19}, 0, {-16, 1008}, {0x4E, 0xFA, 0x9C, 0x00}}},
	{{{44, -38, -13}, 0, {-16, 1008}, {0x2E, 0x8F, 0xDB, 0x00}}},
	{{{7, -34, -17}, 0, {-16, 1008}, {0xBC, 0x9E, 0xD5, 0x00}}},
	{{{-24, 26, -20}, 0, {-16, 1008}, {0x89, 0xFF, 0xD4, 0x00}}},
	{{{-7, 59, -16}, 0, {-16, 1008}, {0xB7, 0x62, 0xDE, 0x00}}},
	{{{0, 39, -40}, 0, {-16, 1008}, {0xDA, 0x22, 0x8C, 0x00}}},
	{{{31, -21, -38}, 0, {-16, 1008}, {0x0B, 0xCA, 0x8E, 0x00}}},
};

Gfx squishy_Right_Hand_Wing_Cap_Swtich_Option_Right_Hand_Wing_Cap_mesh_layer_1_tri_0[] = {
	gsSPVertex(squishy_Right_Hand_Wing_Cap_Swtich_Option_Right_Hand_Wing_Cap_mesh_layer_1_vtx_0 + 0, 20, 0),
	gsSP2Triangles(0, 1, 2, 0, 0, 3, 1, 0),
	gsSP2Triangles(0, 4, 3, 0, 0, 5, 4, 0),
	gsSP2Triangles(6, 5, 0, 0, 7, 6, 0, 0),
	gsSP2Triangles(0, 2, 7, 0, 2, 8, 7, 0),
	gsSP2Triangles(2, 9, 8, 0, 2, 10, 9, 0),
	gsSP2Triangles(1, 10, 2, 0, 1, 11, 10, 0),
	gsSP2Triangles(1, 3, 11, 0, 3, 12, 11, 0),
	gsSP2Triangles(12, 3, 4, 0, 12, 4, 13, 0),
	gsSP2Triangles(4, 5, 13, 0, 13, 5, 14, 0),
	gsSP2Triangles(14, 5, 6, 0, 6, 15, 14, 0),
	gsSP2Triangles(6, 8, 15, 0, 7, 8, 6, 0),
	gsSP2Triangles(9, 15, 8, 0, 9, 16, 15, 0),
	gsSP2Triangles(9, 17, 16, 0, 9, 10, 17, 0),
	gsSP2Triangles(10, 11, 17, 0, 11, 18, 17, 0),
	gsSP2Triangles(11, 12, 18, 0, 12, 19, 18, 0),
	gsSP2Triangles(12, 13, 19, 0, 13, 14, 19, 0),
	gsSP2Triangles(14, 15, 19, 0, 16, 19, 15, 0),
	gsSP2Triangles(16, 18, 19, 0, 16, 17, 18, 0),
	gsSPEndDisplayList(),
};

Vtx squishy_Right_Hand_Wing_Cap_Swtich_Option_Right_Hand_Wing_Cap_mesh_layer_1_vtx_1[117] = {
	{{{141, -155, 161}, 0, {-16, -16}, {0xC1, 0xE8, 0x6B, 0xFF}}},
	{{{139, -188, 151}, 0, {-16, -16}, {0x04, 0x88, 0x28, 0xFF}}},
	{{{167, -156, 176}, 0, {-16, 1008}, {0x0E, 0xD0, 0x75, 0xFF}}},
	{{{165, -187, 143}, 0, {-16, -16}, {0x2F, 0x8B, 0x0F, 0xFF}}},
	{{{157, -167, 80}, 0, {-16, -16}, {0x34, 0x93, 0xD8, 0xFF}}},
	{{{102, -175, 51}, 0, {-16, 546}, {0x1F, 0x88, 0xE4, 0xFF}}},
	{{{204, -153, 149}, 0, {-16, -16}, {0x70, 0xCC, 0x1D, 0xFF}}},
	{{{195, -122, 98}, 0, {-16, -16}, {0x78, 0xE9, 0xDE, 0xFF}}},
	{{{191, -30, 109}, 0, {-16, -16}, {0x75, 0x28, 0xE4, 0xFF}}},
	{{{199, -13, 165}, 0, {-16, -16}, {0x6D, 0x33, 0x29, 0xFF}}},
	{{{151, 14, 102}, 0, {-16, -16}, {0x2C, 0x76, 0xF3, 0xFF}}},
	{{{158, 19, 168}, 0, {-16, -16}, {0x28, 0x71, 0x2A, 0xFF}}},
	{{{132, 17, 175}, 0, {-16, -16}, {0xFC, 0x6C, 0x43, 0xFF}}},
	{{{95, 25, 75}, 0, {-16, 546}, {0x17, 0x7D, 0x01, 0xFF}}},
	{{{162, -19, 192}, 0, {-16, 1008}, {0x0C, 0x14, 0x7D, 0xFF}}},
	{{{136, -18, 177}, 0, {-16, -16}, {0xC0, 0xFA, 0x6E, 0xFF}}},
	{{{141, -155, 161}, 0, {-16, -16}, {0x89, 0xF8, 0x2C, 0xFF}}},
	{{{102, -175, 51}, 0, {-16, 546}, {0x87, 0xF8, 0x25, 0xFF}}},
	{{{139, -188, 151}, 0, {-16, -16}, {0x89, 0xF9, 0x2C, 0xFF}}},
	{{{95, 25, 75}, 0, {-16, 546}, {0x87, 0xF7, 0x25, 0xFF}}},
	{{{136, -18, 177}, 0, {-16, -16}, {0x89, 0xF6, 0x2C, 0xFF}}},
	{{{132, 17, 175}, 0, {-16, -16}, {0x89, 0xF4, 0x2B, 0xFF}}},
	{{{75, 37, -2}, 0, {-16, 1008}, {0x88, 0xF2, 0x27, 0xFF}}},
	{{{82, -170, -27}, 0, {-16, 1008}, {0x88, 0xFC, 0x29, 0xFF}}},
	{{{202, -133, 92}, 0, {-16, -16}, {0x68, 0xBA, 0x15, 0xFF}}},
	{{{195, -122, 98}, 0, {-16, -16}, {0x3D, 0xE7, 0x6C, 0xFF}}},
	{{{157, -167, 80}, 0, {-16, -16}, {0x4D, 0x9B, 0xFF, 0xFF}}},
	{{{198, -120, 82}, 0, {-16, -16}, {0x6E, 0xF5, 0xC1, 0xFF}}},
	{{{198, -20, 105}, 0, {-16, -16}, {0x66, 0x43, 0x22, 0xFF}}},
	{{{195, -30, 93}, 0, {-16, -16}, {0x6C, 0x22, 0xC7, 0xFF}}},
	{{{151, 14, 102}, 0, {-16, -16}, {0x48, 0x66, 0x17, 0xFF}}},
	{{{191, -30, 109}, 0, {-16, -16}, {0x3C, 0x09, 0x6F, 0xFF}}},
	{{{195, -122, 98}, 0, {-16, -16}, {0x3D, 0xE7, 0x6C, 0xFF}}},
	{{{43, -176, -121}, 0, {-16, 1008}, {0x88, 0x00, 0x29, 0xFF}}},
	{{{59, -183, -75}, 0, {-16, 253}, {0x8B, 0x03, 0x31, 0xFF}}},
	{{{46, -56, -113}, 0, {273, 1008}, {0x8A, 0xF6, 0x2D, 0xFF}}},
	{{{75, 37, -2}, 0, {-16, 57}, {0x88, 0xF2, 0x27, 0xFF}}},
	{{{50, 59, -46}, 0, {-16, 253}, {0x8C, 0xEA, 0x2E, 0xFF}}},
	{{{35, 63, -92}, 0, {-16, 1008}, {0x88, 0xEF, 0x26, 0xFF}}},
	{{{223, -118, 48}, 0, {-16, -16}, {0x77, 0xE7, 0x26, 0xFF}}},
	{{{195, -30, 93}, 0, {-16, -16}, {0x5A, 0x10, 0x58, 0xFF}}},
	{{{198, -120, 82}, 0, {-16, -16}, {0x5C, 0xE2, 0x52, 0xFF}}},
	{{{220, -21, 60}, 0, {-16, -16}, {0x75, 0x17, 0x2C, 0xFF}}},
	{{{222, -113, -9}, 0, {-16, -16}, {0x7A, 0xEE, 0xE2, 0xFF}}},
	{{{210, -159, 48}, 0, {-16, -16}, {0x5C, 0xB0, 0x24, 0xFF}}},
	{{{157, -167, 80}, 0, {-16, -16}, {0x28, 0xA1, 0x4A, 0xFF}}},
	{{{150, -179, 64}, 0, {-16, -16}, {0x07, 0x8B, 0x32, 0xFF}}},
	{{{102, -175, 51}, 0, {-16, 546}, {0xE5, 0x86, 0x14, 0xFF}}},
	{{{133, -184, 18}, 0, {-16, -16}, {0xFA, 0x81, 0x03, 0xFF}}},
	{{{82, -170, -27}, 0, {-16, 1008}, {0xCC, 0x98, 0xCE, 0xFF}}},
	{{{111, -174, -40}, 0, {-16, -16}, {0xE3, 0x93, 0xC5, 0xFF}}},
	{{{144, -173, -51}, 0, {-16, -16}, {0x09, 0x9C, 0xB3, 0xFF}}},
	{{{102, -146, -59}, 0, {-16, -16}, {0xCB, 0xCE, 0x98, 0xFF}}},
	{{{82, -170, -27}, 0, {-16, 57}, {0xCC, 0x98, 0xCE, 0xFF}}},
	{{{82, -117, -51}, 0, {145, 161}, {0xAA, 0xEE, 0xA4, 0xFF}}},
	{{{95, -109, -64}, 0, {-16, -16}, {0xBB, 0xFA, 0x96, 0xFF}}},
	{{{91, -12, -52}, 0, {-16, -16}, {0xBA, 0x1B, 0x9A, 0xFF}}},
	{{{78, -8, -38}, 0, {145, 161}, {0xA9, 0x21, 0xAA, 0xFF}}},
	{{{96, 23, -39}, 0, {-16, -16}, {0xC7, 0x46, 0xA6, 0xFF}}},
	{{{75, 37, -2}, 0, {-16, 57}, {0xC5, 0x6E, 0xE7, 0xFF}}},
	{{{104, 47, -13}, 0, {-16, -16}, {0xDC, 0x75, 0xE0, 0xFF}}},
	{{{137, 50, -25}, 0, {-16, -16}, {0x02, 0x74, 0xCD, 0xFF}}},
	{{{125, 44, 45}, 0, {-16, -16}, {0xF2, 0x7A, 0x20, 0xFF}}},
	{{{75, 37, -2}, 0, {-16, 1008}, {0xC5, 0x6E, 0xE7, 0xFF}}},
	{{{125, 44, 45}, 0, {-16, -16}, {0xF2, 0x7A, 0x20, 0xFF}}},
	{{{75, 37, -2}, 0, {-16, 1008}, {0xC5, 0x6E, 0xE7, 0xFF}}},
	{{{95, 25, 75}, 0, {-16, 546}, {0xDD, 0x70, 0x30, 0xFF}}},
	{{{143, 29, 88}, 0, {-16, -16}, {0xFF, 0x66, 0x4C, 0xFF}}},
	{{{151, 14, 102}, 0, {-16, -16}, {0x22, 0x4D, 0x5F, 0xFF}}},
	{{{204, 17, 69}, 0, {-16, -16}, {0x56, 0x4C, 0x36, 0xFF}}},
	{{{195, -30, 93}, 0, {-16, -16}, {0x5A, 0x10, 0x58, 0xFF}}},
	{{{220, -21, 60}, 0, {-16, -16}, {0x75, 0x17, 0x2C, 0xFF}}},
	{{{218, -13, 3}, 0, {-16, -16}, {0x78, 0x21, 0xE8, 0xFF}}},
	{{{222, -113, -9}, 0, {-16, -16}, {0x7A, 0xEE, 0xE2, 0xFF}}},
	{{{198, -107, -62}, 0, {-16, -16}, {0x61, 0xF3, 0xAF, 0xFF}}},
	{{{204, -159, -7}, 0, {-16, -16}, {0x5E, 0xB0, 0xE2, 0xFF}}},
	{{{210, -159, 48}, 0, {-16, -16}, {0x5C, 0xB0, 0x24, 0xFF}}},
	{{{167, -183, 5}, 0, {-16, -16}, {0x24, 0x87, 0xF4, 0xFF}}},
	{{{150, -179, 64}, 0, {-16, -16}, {0x07, 0x8B, 0x32, 0xFF}}},
	{{{133, -184, 18}, 0, {-16, -16}, {0xFA, 0x81, 0x03, 0xFF}}},
	{{{144, -173, -51}, 0, {-16, -16}, {0x09, 0x9C, 0xB3, 0xFF}}},
	{{{182, -150, -60}, 0, {-16, -16}, {0x3E, 0xB9, 0xAB, 0xFF}}},
	{{{170, -104, -82}, 0, {-16, -16}, {0x24, 0xF1, 0x87, 0xFF}}},
	{{{138, -103, -83}, 0, {-16, -16}, {0xEC, 0xF1, 0x84, 0xFF}}},
	{{{102, -146, -59}, 0, {-16, -16}, {0xCB, 0xCE, 0x98, 0xFF}}},
	{{{95, -109, -64}, 0, {-16, -16}, {0xBB, 0xFA, 0x96, 0xFF}}},
	{{{135, -11, -72}, 0, {-16, -16}, {0xEA, 0x2A, 0x8A, 0xFF}}},
	{{{91, -12, -52}, 0, {-16, -16}, {0xBA, 0x1B, 0x9A, 0xFF}}},
	{{{96, 23, -39}, 0, {-16, -16}, {0xC7, 0x46, 0xA6, 0xFF}}},
	{{{137, 50, -25}, 0, {-16, -16}, {0x02, 0x74, 0xCD, 0xFF}}},
	{{{167, -8, -71}, 0, {-16, -16}, {0x22, 0x2D, 0x8E, 0xFF}}},
	{{{175, 33, -38}, 0, {-16, -16}, {0x38, 0x5D, 0xBE, 0xFF}}},
	{{{159, 48, 33}, 0, {-16, -16}, {0x1C, 0x7B, 0x12, 0xFF}}},
	{{{198, 30, 16}, 0, {-16, -16}, {0x58, 0x5B, 0xF6, 0xFF}}},
	{{{195, -8, -51}, 0, {-16, -16}, {0x60, 0x26, 0xB6, 0xFF}}},
	{{{204, -153, 149}, 0, {-16, -16}, {0x70, 0xCC, 0x1D, 0xFF}}},
	{{{199, -13, 165}, 0, {-16, -16}, {0x6D, 0x33, 0x29, 0xFF}}},
	{{{165, -88, 187}, 0, {496, -16}, {0x07, 0xF1, 0x7E, 0xFF}}},
	{{{162, -19, 192}, 0, {-16, -16}, {0x0C, 0x14, 0x7D, 0xFF}}},
	{{{136, -18, 177}, 0, {-16, -16}, {0xC0, 0xFA, 0x6E, 0xFF}}},
	{{{141, -155, 161}, 0, {-16, -16}, {0xC1, 0xE8, 0x6B, 0xFF}}},
	{{{167, -156, 176}, 0, {-16, -16}, {0x0E, 0xD0, 0x75, 0xFF}}},
	{{{59, -183, -75}, 0, {-16, 253}, {0xE0, 0x88, 0x1A, 0xFF}}},
	{{{43, -176, -121}, 0, {-16, 1008}, {0x9F, 0xB8, 0xD8, 0xFF}}},
	{{{77, -195, -160}, 0, {-16, 1008}, {0x23, 0xB0, 0xA4, 0xFF}}},
	{{{54, -53, -135}, 0, {303, 1008}, {0x14, 0x10, 0x84, 0xFF}}},
	{{{46, -56, -113}, 0, {273, 1008}, {0x97, 0x05, 0xB8, 0xFF}}},
	{{{35, 63, -92}, 0, {-16, 1008}, {0x9A, 0x49, 0xE9, 0xFF}}},
	{{{67, 93, -125}, 0, {-16, 1008}, {0x1C, 0x66, 0xBA, 0xFF}}},
	{{{50, 59, -46}, 0, {-16, 253}, {0xD8, 0x6C, 0x36, 0xFF}}},
	{{{65, 69, -56}, 0, {-16, 253}, {0x3E, 0x6B, 0x1E, 0xFF}}},
	{{{75, 37, -2}, 0, {-16, 57}, {0x78, 0x2A, 0x03, 0xFF}}},
	{{{78, -8, -38}, 0, {145, 161}, {0x7A, 0x0D, 0xDE, 0xFF}}},
	{{{69, -59, -78}, 0, {186, 378}, {0x6E, 0x08, 0xC2, 0xFF}}},
	{{{82, -117, -51}, 0, {145, 161}, {0x7A, 0x03, 0xDD, 0xFF}}},
	{{{74, -189, -87}, 0, {-16, 253}, {0x45, 0x96, 0x04, 0xFF}}},
	{{{82, -170, -27}, 0, {-16, 57}, {0x7A, 0xDF, 0xFA, 0xFF}}},
};

Gfx squishy_Right_Hand_Wing_Cap_Swtich_Option_Right_Hand_Wing_Cap_mesh_layer_1_tri_1[] = {
	gsSPVertex(squishy_Right_Hand_Wing_Cap_Swtich_Option_Right_Hand_Wing_Cap_mesh_layer_1_vtx_1 + 0, 64, 0),
	gsSP2Triangles(0, 1, 2, 0, 2, 1, 3, 0),
	gsSP2Triangles(1, 4, 3, 0, 1, 5, 4, 0),
	gsSP2Triangles(6, 3, 4, 0, 6, 2, 3, 0),
	gsSP2Triangles(4, 7, 6, 0, 7, 8, 6, 0),
	gsSP2Triangles(8, 9, 6, 0, 8, 10, 9, 0),
	gsSP2Triangles(9, 10, 11, 0, 12, 11, 10, 0),
	gsSP2Triangles(12, 10, 13, 0, 14, 11, 12, 0),
	gsSP2Triangles(9, 11, 14, 0, 15, 14, 12, 0),
	gsSP2Triangles(16, 17, 18, 0, 16, 19, 17, 0),
	gsSP2Triangles(16, 20, 19, 0, 20, 21, 19, 0),
	gsSP2Triangles(17, 19, 22, 0, 17, 22, 23, 0),
	gsSP2Triangles(24, 25, 26, 0, 27, 24, 26, 0),
	gsSP2Triangles(28, 24, 27, 0, 28, 27, 29, 0),
	gsSP2Triangles(28, 29, 30, 0, 31, 28, 30, 0),
	gsSP2Triangles(31, 24, 28, 0, 31, 32, 24, 0),
	gsSP2Triangles(33, 34, 35, 0, 34, 23, 35, 0),
	gsSP2Triangles(23, 36, 35, 0, 36, 37, 35, 0),
	gsSP2Triangles(38, 35, 37, 0, 39, 40, 41, 0),
	gsSP2Triangles(39, 42, 40, 0, 43, 42, 39, 0),
	gsSP2Triangles(43, 39, 44, 0, 39, 41, 44, 0),
	gsSP2Triangles(41, 45, 44, 0, 46, 44, 45, 0),
	gsSP2Triangles(47, 46, 45, 0, 47, 48, 46, 0),
	gsSP2Triangles(48, 47, 49, 0, 50, 48, 49, 0),
	gsSP2Triangles(51, 48, 50, 0, 52, 51, 50, 0),
	gsSP2Triangles(52, 50, 53, 0, 52, 53, 54, 0),
	gsSP2Triangles(55, 52, 54, 0, 56, 55, 54, 0),
	gsSP2Triangles(56, 54, 57, 0, 56, 57, 58, 0),
	gsSP2Triangles(58, 57, 59, 0, 58, 59, 60, 0),
	gsSP2Triangles(58, 60, 61, 0, 61, 60, 62, 0),
	gsSP1Triangle(60, 63, 62, 0),
	gsSPVertex(squishy_Right_Hand_Wing_Cap_Swtich_Option_Right_Hand_Wing_Cap_mesh_layer_1_vtx_1 + 64, 53, 0),
	gsSP2Triangles(0, 1, 2, 0, 2, 3, 0, 0),
	gsSP2Triangles(2, 4, 3, 0, 3, 4, 5, 0),
	gsSP2Triangles(5, 4, 6, 0, 7, 5, 6, 0),
	gsSP2Triangles(8, 5, 7, 0, 9, 8, 7, 0),
	gsSP2Triangles(9, 10, 8, 0, 10, 9, 11, 0),
	gsSP2Triangles(9, 12, 11, 0, 11, 12, 13, 0),
	gsSP2Triangles(13, 12, 14, 0, 13, 14, 15, 0),
	gsSP2Triangles(16, 13, 15, 0, 17, 13, 16, 0),
	gsSP2Triangles(18, 17, 16, 0, 19, 18, 16, 0),
	gsSP2Triangles(20, 19, 16, 0, 19, 20, 21, 0),
	gsSP2Triangles(19, 21, 22, 0, 21, 23, 22, 0),
	gsSP2Triangles(22, 23, 24, 0, 24, 25, 22, 0),
	gsSP2Triangles(22, 25, 26, 0, 26, 25, 27, 0),
	gsSP2Triangles(27, 25, 28, 0, 25, 0, 28, 0),
	gsSP2Triangles(28, 0, 3, 0, 28, 3, 5, 0),
	gsSP2Triangles(29, 28, 5, 0, 8, 29, 5, 0),
	gsSP2Triangles(30, 29, 8, 0, 10, 30, 8, 0),
	gsSP2Triangles(10, 18, 30, 0, 18, 10, 17, 0),
	gsSP2Triangles(10, 11, 17, 0, 17, 11, 13, 0),
	gsSP2Triangles(18, 26, 30, 0, 18, 19, 26, 0),
	gsSP2Triangles(19, 22, 26, 0, 26, 27, 30, 0),
	gsSP2Triangles(30, 27, 29, 0, 27, 28, 29, 0),
	gsSP2Triangles(31, 32, 33, 0, 32, 34, 33, 0),
	gsSP2Triangles(34, 35, 33, 0, 33, 35, 36, 0),
	gsSP2Triangles(37, 33, 36, 0, 37, 31, 33, 0),
	gsSP2Triangles(38, 39, 40, 0, 39, 41, 40, 0),
	gsSP2Triangles(39, 42, 41, 0, 43, 41, 42, 0),
	gsSP2Triangles(43, 44, 41, 0, 45, 44, 43, 0),
	gsSP2Triangles(45, 46, 44, 0, 47, 46, 45, 0),
	gsSP2Triangles(46, 47, 48, 0, 46, 48, 49, 0),
	gsSP2Triangles(50, 49, 48, 0, 49, 50, 51, 0),
	gsSP2Triangles(51, 50, 52, 0, 52, 38, 51, 0),
	gsSP2Triangles(38, 40, 51, 0, 40, 41, 51, 0),
	gsSP2Triangles(41, 49, 51, 0, 41, 46, 49, 0),
	gsSP1Triangle(44, 46, 41, 0),
	gsSPEndDisplayList(),
};

Vtx squishy_Right_Hand_Wing_Cap_Swtich_Option_Right_Hand_Wing_Cap_mesh_layer_4_vtx_0[8] = {
	{{{170, -104, -83}, 0, {-156, -52}, {0x24, 0xF1, 0x87, 0xFF}}},
	{{{138, -103, -84}, 0, {-113, 627}, {0xEC, 0xF0, 0x84, 0xFF}}},
	{{{166, -8, -71}, 0, {2172, -52}, {0x21, 0x2E, 0x8E, 0xFF}}},
	{{{135, -11, -73}, 0, {2129, 627}, {0xEA, 0x2B, 0x8B, 0xFF}}},
	{{{94, -109, -64}, 0, {-166, 1746}, {0xBB, 0xF9, 0x96, 0xFF}}},
	{{{91, -12, -53}, 0, {2182, 1746}, {0xBA, 0x1B, 0x9A, 0xFF}}},
	{{{82, -117, -52}, 0, {-311, 2140}, {0xAA, 0xEE, 0xA4, 0xFF}}},
	{{{78, -8, -39}, 0, {2327, 2140}, {0xA9, 0x22, 0xAA, 0xFF}}},
};

Gfx squishy_Right_Hand_Wing_Cap_Swtich_Option_Right_Hand_Wing_Cap_mesh_layer_4_tri_0[] = {
	gsSPVertex(squishy_Right_Hand_Wing_Cap_Swtich_Option_Right_Hand_Wing_Cap_mesh_layer_4_vtx_0 + 0, 8, 0),
	gsSP2Triangles(0, 1, 2, 0, 1, 3, 2, 0),
	gsSP2Triangles(1, 4, 3, 0, 4, 5, 3, 0),
	gsSP2Triangles(5, 4, 6, 0, 5, 6, 7, 0),
	gsSPEndDisplayList(),
};

Vtx squishy_Right_Hand_Wing_Cap_Swtich_Option_Wings_mesh_layer_4_vtx_0[8] = {
	{{{167, 12, 32}, 0, {-16, 2032}, {0x09, 0x76, 0xD3, 0xFF}}},
	{{{30, 100, 236}, 0, {2032, 2032}, {0x09, 0x76, 0xD3, 0xFF}}},
	{{{251, 135, 371}, 0, {2032, -16}, {0x09, 0x76, 0xD3, 0xFF}}},
	{{{389, 46, 166}, 0, {-16, -16}, {0x09, 0x76, 0xD3, 0xFF}}},
	{{{173, -147, 13}, 0, {-16, 2032}, {0x10, 0x98, 0xB8, 0xFF}}},
	{{{397, -198, 137}, 0, {-16, -16}, {0x10, 0x98, 0xB8, 0xFF}}},
	{{{267, -340, 314}, 0, {2032, -16}, {0x10, 0x98, 0xB8, 0xFF}}},
	{{{43, -290, 189}, 0, {2032, 2032}, {0x10, 0x98, 0xB8, 0xFF}}},
};

Gfx squishy_Right_Hand_Wing_Cap_Swtich_Option_Wings_mesh_layer_4_tri_0[] = {
	gsSPVertex(squishy_Right_Hand_Wing_Cap_Swtich_Option_Wings_mesh_layer_4_vtx_0 + 0, 8, 0),
	gsSP2Triangles(0, 1, 2, 0, 0, 2, 3, 0),
	gsSP2Triangles(4, 5, 6, 0, 4, 6, 7, 0),
	gsSPEndDisplayList(),
};

Vtx squishy_Left_Thigh_Color_mesh_layer_1_vtx_0[23] = {
	{{{129, 0, -46}, 0, {-16, 1008}, {0x26, 0x00, 0x87, 0xFF}}},
	{{{-3, 3, -53}, 0, {-16, 1008}, {0xE3, 0x00, 0x84, 0xFF}}},
	{{{-3, 61, -27}, 0, {-16, 1008}, {0xE1, 0x6A, 0xC1, 0xFF}}},
	{{{129, -50, -24}, 0, {-16, 1008}, {0x2B, 0x99, 0xC3, 0xFF}}},
	{{{157, -24, -21}, 0, {-16, 1008}, {0x6B, 0xD2, 0xCD, 0xFF}}},
	{{{157, 23, -21}, 0, {-16, 1008}, {0x6B, 0x2E, 0xCD, 0xFF}}},
	{{{129, 50, -24}, 0, {-16, 1008}, {0x2D, 0x66, 0xC3, 0xFF}}},
	{{{0, 58, 24}, 0, {-16, 1008}, {0xE5, 0x69, 0x43, 0xFF}}},
	{{{-39, 37, -16}, 0, {-16, 1008}, {0xA0, 0x46, 0xD3, 0xFF}}},
	{{{-39, 3, -31}, 0, {-16, 1008}, {0xA3, 0x00, 0xA9, 0xFF}}},
	{{{-39, -31, -16}, 0, {-16, 1008}, {0xA0, 0xBA, 0xD3, 0xFF}}},
	{{{-3, -55, -27}, 0, {-16, 1008}, {0xDF, 0x97, 0xC1, 0xFF}}},
	{{{129, -50, 20}, 0, {-16, 1008}, {0x2B, 0x9A, 0x3E, 0xFF}}},
	{{{157, -24, 16}, 0, {-16, 1008}, {0x6B, 0xD2, 0x33, 0xFF}}},
	{{{157, 23, 16}, 0, {-16, 1008}, {0x6B, 0x2E, 0x33, 0xFF}}},
	{{{129, 50, 20}, 0, {-16, 1008}, {0x2D, 0x65, 0x3E, 0xFF}}},
	{{{-3, 3, 52}, 0, {-16, 1008}, {0xE5, 0x00, 0x7C, 0xFF}}},
	{{{-39, 37, 15}, 0, {-16, 1008}, {0xA3, 0x47, 0x31, 0xFF}}},
	{{{-51, 3, -1}, 0, {-16, 1008}, {0x81, 0x00, 0x00, 0xFF}}},
	{{{-39, -31, 15}, 0, {-16, 1008}, {0xA3, 0xB9, 0x31, 0xFF}}},
	{{{0, -52, 24}, 0, {-16, 1008}, {0xE3, 0x98, 0x43, 0xFF}}},
	{{{129, 0, 42}, 0, {-16, 1008}, {0x27, 0xFF, 0x79, 0xFF}}},
	{{{-39, 3, 30}, 0, {-16, 1008}, {0xA5, 0x00, 0x59, 0xFF}}},
};

Gfx squishy_Left_Thigh_Color_mesh_layer_1_tri_0[] = {
	gsSPVertex(squishy_Left_Thigh_Color_mesh_layer_1_vtx_0 + 0, 23, 0),
	gsSP2Triangles(0, 1, 2, 0, 3, 1, 0, 0),
	gsSP2Triangles(3, 0, 4, 0, 4, 0, 5, 0),
	gsSP2Triangles(0, 6, 5, 0, 0, 2, 6, 0),
	gsSP2Triangles(6, 2, 7, 0, 7, 2, 8, 0),
	gsSP2Triangles(2, 9, 8, 0, 2, 1, 9, 0),
	gsSP2Triangles(1, 10, 9, 0, 1, 11, 10, 0),
	gsSP2Triangles(3, 11, 1, 0, 12, 11, 3, 0),
	gsSP2Triangles(12, 3, 4, 0, 12, 4, 13, 0),
	gsSP2Triangles(14, 13, 4, 0, 14, 4, 5, 0),
	gsSP2Triangles(6, 14, 5, 0, 6, 15, 14, 0),
	gsSP2Triangles(6, 7, 15, 0, 15, 7, 16, 0),
	gsSP2Triangles(16, 7, 17, 0, 7, 8, 17, 0),
	gsSP2Triangles(17, 8, 18, 0, 8, 9, 18, 0),
	gsSP2Triangles(9, 10, 18, 0, 10, 19, 18, 0),
	gsSP2Triangles(11, 19, 10, 0, 11, 20, 19, 0),
	gsSP2Triangles(12, 20, 11, 0, 21, 20, 12, 0),
	gsSP2Triangles(21, 12, 13, 0, 21, 13, 14, 0),
	gsSP2Triangles(15, 21, 14, 0, 15, 16, 21, 0),
	gsSP2Triangles(21, 16, 20, 0, 20, 16, 22, 0),
	gsSP2Triangles(16, 17, 22, 0, 22, 17, 18, 0),
	gsSP2Triangles(19, 22, 18, 0, 20, 22, 19, 0),
	gsSPEndDisplayList(),
};

Vtx squishy_Left_Leg_mesh_layer_1_vtx_0[23] = {
	{{{129, 2, -54}, 0, {-16, 1008}, {0x5D, 0xEF, 0x55, 0xFF}}},
	{{{139, 60, -27}, 0, {-16, 1008}, {0x59, 0xAE, 0x27, 0xFF}}},
	{{{81, 11, -1}, 0, {-16, 1008}, {0x7D, 0xEA, 0x00, 0xFF}}},
	{{{139, 60, 26}, 0, {-16, 1008}, {0x59, 0xAE, 0xD9, 0xFF}}},
	{{{129, 2, 53}, 0, {-16, 1008}, {0x5D, 0xEF, 0xAB, 0xFF}}},
	{{{118, -56, 26}, 0, {-16, 1008}, {0x70, 0x2E, 0xD9, 0xFF}}},
	{{{118, -56, -27}, 0, {-16, 1008}, {0x70, 0x2E, 0x27, 0xFF}}},
	{{{1, 51, -24}, 0, {-16, 1008}, {0xD3, 0x65, 0xC2, 0xFF}}},
	{{{139, 60, -27}, 0, {-16, 1008}, {0xF7, 0x6D, 0xC0, 0xFF}}},
	{{{129, 2, -54}, 0, {-16, 1008}, {0xF9, 0x07, 0x81, 0xFF}}},
	{{{1, 51, 20}, 0, {-16, 1008}, {0xD2, 0x66, 0x3D, 0xFF}}},
	{{{-27, 25, -21}, 0, {-16, 1008}, {0x95, 0x2E, 0xCD, 0xFF}}},
	{{{1, 1, -46}, 0, {-16, 1008}, {0xD9, 0x00, 0x87, 0xFF}}},
	{{{118, -56, -27}, 0, {-16, 1008}, {0xF8, 0x98, 0xB8, 0xFF}}},
	{{{1, -49, -24}, 0, {-16, 1008}, {0xD3, 0x9B, 0xC2, 0xFF}}},
	{{{118, -56, 26}, 0, {-16, 1008}, {0xF6, 0x98, 0x49, 0xFF}}},
	{{{1, -49, 20}, 0, {-16, 1008}, {0xD3, 0x9B, 0x3D, 0xFF}}},
	{{{129, 2, 53}, 0, {-16, 1008}, {0xF5, 0x07, 0x7E, 0xFF}}},
	{{{1, 1, 42}, 0, {-16, 1008}, {0xD8, 0x00, 0x78, 0xFF}}},
	{{{139, 60, 26}, 0, {-16, 1008}, {0xF5, 0x6D, 0x41, 0xFF}}},
	{{{-27, 25, 16}, 0, {-16, 1008}, {0x95, 0x2E, 0x33, 0xFF}}},
	{{{-27, -22, 16}, 0, {-16, 1008}, {0x95, 0xD2, 0x33, 0xFF}}},
	{{{-27, -22, -21}, 0, {-16, 1008}, {0x95, 0xD2, 0xCD, 0xFF}}},
};

Gfx squishy_Left_Leg_mesh_layer_1_tri_0[] = {
	gsSPVertex(squishy_Left_Leg_mesh_layer_1_vtx_0 + 0, 23, 0),
	gsSP2Triangles(0, 1, 2, 0, 1, 3, 2, 0),
	gsSP2Triangles(3, 4, 2, 0, 4, 5, 2, 0),
	gsSP2Triangles(5, 6, 2, 0, 6, 0, 2, 0),
	gsSP2Triangles(7, 8, 9, 0, 10, 8, 7, 0),
	gsSP2Triangles(10, 7, 11, 0, 7, 12, 11, 0),
	gsSP2Triangles(7, 9, 12, 0, 12, 9, 13, 0),
	gsSP2Triangles(12, 13, 14, 0, 14, 13, 15, 0),
	gsSP2Triangles(14, 15, 16, 0, 16, 15, 17, 0),
	gsSP2Triangles(16, 17, 18, 0, 18, 17, 19, 0),
	gsSP2Triangles(18, 19, 10, 0, 10, 19, 8, 0),
	gsSP2Triangles(18, 10, 20, 0, 10, 11, 20, 0),
	gsSP2Triangles(21, 20, 11, 0, 21, 11, 22, 0),
	gsSP2Triangles(11, 12, 22, 0, 12, 14, 22, 0),
	gsSP2Triangles(14, 21, 22, 0, 14, 16, 21, 0),
	gsSP2Triangles(16, 18, 21, 0, 18, 20, 21, 0),
	gsSPEndDisplayList(),
};

Vtx squishy_Left_Shoe_mesh_layer_1_vtx_0[29] = {
	{{{-47, 73, -3}, 0, {268, 851}, {0x88, 0x29, 0x00, 0xFF}}},
	{{{-35, 29, 49}, 0, {-235, 691}, {0xB1, 0xE5, 0x60, 0xFF}}},
	{{{-23, 65, 49}, 0, {-242, 851}, {0xBC, 0x17, 0x69, 0xFF}}},
	{{{-59, 37, -3}, 0, {275, 702}, {0x82, 0xF3, 0x00, 0xFF}}},
	{{{-23, 65, -56}, 0, {718, 853}, {0xBC, 0x17, 0x97, 0xFF}}},
	{{{-35, 29, -56}, 0, {734, 695}, {0xB1, 0xE5, 0xA0, 0xFF}}},
	{{{-41, 11, -3}, 0, {275, 501}, {0xA6, 0xA7, 0x00, 0xFF}}},
	{{{-24, 5, -37}, 0, {490, 432}, {0xBF, 0xA0, 0xCC, 0xFF}}},
	{{{52, -2, -63}, 0, {710, 88}, {0x00, 0xCF, 0x8B, 0xFF}}},
	{{{65, 35, -63}, 0, {842, 75}, {0x11, 0xFA, 0x82, 0xFF}}},
	{{{-23, 65, -56}, 0, {841, 684}, {0xBC, 0x17, 0x97, 0xFF}}},
	{{{103, 22, -47}, 0, {839, -339}, {0x57, 0xE3, 0xA8, 0xFF}}},
	{{{90, -14, -47}, 0, {697, -330}, {0x45, 0xC2, 0xA9, 0xFF}}},
	{{{57, -26, -40}, 0, {512, 36}, {0xED, 0x95, 0xBE, 0xFF}}},
	{{{81, -35, -25}, 0, {417, -128}, {0x24, 0x8D, 0xD8, 0xFF}}},
	{{{104, -19, -3}, 0, {273, -316}, {0x6A, 0xBA, 0x00, 0xFF}}},
	{{{117, 17, -3}, 0, {265, -502}, {0x78, 0xD7, 0x00, 0xFF}}},
	{{{103, 22, -47}, 0, {706, -502}, {0x57, 0xE3, 0xA8, 0xFF}}},
	{{{103, 22, 41}, 0, {-226, -503}, {0x57, 0xE3, 0x58, 0xFF}}},
	{{{90, -14, 41}, 0, {-216, -318}, {0x45, 0xC2, 0x57, 0xFF}}},
	{{{81, -35, 18}, 0, {130, -127}, {0x24, 0x8D, 0x28, 0xFF}}},
	{{{57, -26, 33}, 0, {35, 37}, {0xED, 0x95, 0x42, 0xFF}}},
	{{{52, -2, 56}, 0, {-196, 85}, {0x00, 0xCF, 0x75, 0xFF}}},
	{{{65, 35, 56}, 0, {-358, 71}, {0x11, 0xFA, 0x7E, 0xFF}}},
	{{{103, 22, 41}, 0, {-361, -333}, {0x57, 0xE3, 0x58, 0xFF}}},
	{{{-23, 65, 49}, 0, {-363, 691}, {0xBC, 0x17, 0x69, 0xFF}}},
	{{{-24, 5, 31}, 0, {59, 433}, {0xBF, 0xA0, 0x34, 0xFF}}},
	{{{-5, -10, -3}, 0, {274, 270}, {0xCB, 0x8C, 0x00, 0xFF}}},
	{{{57, -36, -3}, 0, {274, 22}, {0xE4, 0x84, 0x00, 0xFF}}},
};

Gfx squishy_Left_Shoe_mesh_layer_1_tri_0[] = {
	gsSPVertex(squishy_Left_Shoe_mesh_layer_1_vtx_0 + 0, 29, 0),
	gsSP2Triangles(0, 1, 2, 0, 0, 3, 1, 0),
	gsSP2Triangles(4, 3, 0, 0, 4, 5, 3, 0),
	gsSP2Triangles(5, 6, 3, 0, 5, 7, 6, 0),
	gsSP2Triangles(7, 5, 8, 0, 5, 9, 8, 0),
	gsSP2Triangles(5, 10, 9, 0, 11, 8, 9, 0),
	gsSP2Triangles(11, 12, 8, 0, 8, 12, 13, 0),
	gsSP2Triangles(12, 14, 13, 0, 15, 14, 12, 0),
	gsSP2Triangles(16, 15, 12, 0, 16, 12, 17, 0),
	gsSP2Triangles(18, 15, 16, 0, 18, 19, 15, 0),
	gsSP2Triangles(19, 20, 15, 0, 21, 20, 19, 0),
	gsSP2Triangles(22, 21, 19, 0, 23, 22, 19, 0),
	gsSP2Triangles(23, 19, 24, 0, 25, 22, 23, 0),
	gsSP2Triangles(25, 1, 22, 0, 1, 21, 22, 0),
	gsSP2Triangles(1, 26, 21, 0, 3, 26, 1, 0),
	gsSP2Triangles(3, 6, 26, 0, 6, 27, 26, 0),
	gsSP2Triangles(7, 27, 6, 0, 27, 7, 13, 0),
	gsSP2Triangles(7, 8, 13, 0, 27, 13, 28, 0),
	gsSP2Triangles(14, 28, 13, 0, 20, 28, 14, 0),
	gsSP2Triangles(20, 14, 15, 0, 21, 28, 20, 0),
	gsSP2Triangles(26, 28, 21, 0, 26, 27, 28, 0),
	gsSPEndDisplayList(),
};

Vtx squishy_Left_Shoe_mesh_layer_1_vtx_1[44] = {
	{{{-47, 73, -3}, 0, {565, 2026}, {0x8A, 0x2F, 0x00, 0xFF}}},
	{{{-23, 65, 49}, 0, {-687, 2024}, {0xB7, 0x14, 0x66, 0xFF}}},
	{{{-17, 79, 51}, 0, {-687, 2024}, {0xBE, 0x10, 0x6B, 0xFF}}},
	{{{-41, 87, -3}, 0, {565, 2026}, {0x8A, 0x2F, 0x00, 0xFF}}},
	{{{-23, 65, -56}, 0, {1669, 2030}, {0xB7, 0x14, 0x9A, 0xFF}}},
	{{{-17, 79, -57}, 0, {1669, 2030}, {0xBE, 0x10, 0x95, 0xFF}}},
	{{{-23, 65, 49}, 0, {-985, 1634}, {0xB7, 0x14, 0x66, 0xFF}}},
	{{{69, 48, 58}, 0, {-971, 112}, {0x0D, 0xEC, 0x7D, 0xFF}}},
	{{{-17, 79, 51}, 0, {-985, 1634}, {0xBE, 0x10, 0x6B, 0xFF}}},
	{{{65, 35, 56}, 0, {-971, 112}, {0x0D, 0xEC, 0x7D, 0xFF}}},
	{{{107, 36, 42}, 0, {-979, -881}, {0x4F, 0xD7, 0x5A, 0xFF}}},
	{{{103, 22, 41}, 0, {-979, -881}, {0x53, 0xD6, 0x56, 0xFF}}},
	{{{65, 35, -63}, 0, {1975, 121}, {0x0D, 0xEC, 0x83, 0xFF}}},
	{{{-23, 65, -56}, 0, {1971, 1616}, {0xB7, 0x14, 0x9A, 0xFF}}},
	{{{-17, 79, -57}, 0, {1971, 1616}, {0xBE, 0x10, 0x95, 0xFF}}},
	{{{69, 48, -64}, 0, {1975, 121}, {0x0D, 0xEC, 0x83, 0xFF}}},
	{{{103, 22, -47}, 0, {1968, -895}, {0x53, 0xD6, 0xAA, 0xFF}}},
	{{{107, 36, -49}, 0, {1968, -895}, {0x4F, 0xD7, 0xA6, 0xFF}}},
	{{{103, 22, 41}, 0, {-647, -1299}, {0x53, 0xD6, 0x56, 0xFF}}},
	{{{124, 30, -3}, 0, {557, -1295}, {0x74, 0xCC, 0x00, 0xFF}}},
	{{{107, 36, 42}, 0, {-647, -1299}, {0x4F, 0xD7, 0x5A, 0xFF}}},
	{{{117, 17, -3}, 0, {557, -1295}, {0x74, 0xCC, 0x00, 0xFF}}},
	{{{107, 36, -49}, 0, {1640, -1296}, {0x4F, 0xD7, 0xA6, 0xFF}}},
	{{{103, 22, -47}, 0, {1640, -1296}, {0x53, 0xD6, 0xAA, 0xFF}}},
	{{{-31, 83, -3}, 0, {469, 1943}, {0x29, 0x78, 0x00, 0xFF}}},
	{{{-12, 77, -46}, 0, {1396, 1946}, {0x29, 0x78, 0x00, 0xFF}}},
	{{{-17, 79, -57}, 0, {1669, 2030}, {0x29, 0x78, 0x00, 0xFF}}},
	{{{-41, 87, -3}, 0, {565, 2026}, {0x29, 0x78, 0x00, 0xFF}}},
	{{{-12, 77, 40}, 0, {-738, 1521}, {0x29, 0x78, 0x00, 0xFF}}},
	{{{-17, 79, 51}, 0, {-985, 1634}, {0x29, 0x78, 0x00, 0xFF}}},
	{{{61, 52, 46}, 0, {-746, 169}, {0x29, 0x78, 0x00, 0xFF}}},
	{{{69, 48, 58}, 0, {-971, 112}, {0x29, 0x78, 0x00, 0xFF}}},
	{{{90, 42, 33}, 0, {-497, -1300}, {0x29, 0x78, 0x00, 0xFF}}},
	{{{107, 36, 42}, 0, {-647, -1299}, {0x29, 0x78, 0x00, 0xFF}}},
	{{{103, 37, -3}, 0, {524, -1296}, {0x29, 0x78, 0x00, 0xFF}}},
	{{{124, 30, -3}, 0, {557, -1295}, {0x29, 0x78, 0x00, 0xFF}}},
	{{{90, 42, -40}, 0, {1441, -1298}, {0x29, 0x78, 0x00, 0xFF}}},
	{{{107, 36, -49}, 0, {1640, -1296}, {0x29, 0x78, 0x00, 0xFF}}},
	{{{-12, 77, -46}, 0, {1726, 1507}, {0x29, 0x78, 0x00, 0xFF}}},
	{{{69, 48, -64}, 0, {1975, 121}, {0x29, 0x78, 0x00, 0xFF}}},
	{{{-17, 79, -57}, 0, {1971, 1616}, {0x29, 0x78, 0x00, 0xFF}}},
	{{{61, 52, -52}, 0, {1737, 165}, {0x29, 0x78, 0x00, 0xFF}}},
	{{{107, 36, -49}, 0, {1968, -895}, {0x29, 0x78, 0x00, 0xFF}}},
	{{{90, 42, -40}, 0, {1702, -721}, {0x29, 0x78, 0x00, 0xFF}}},
};

Gfx squishy_Left_Shoe_mesh_layer_1_tri_1[] = {
	gsSPVertex(squishy_Left_Shoe_mesh_layer_1_vtx_1 + 0, 44, 0),
	gsSP2Triangles(0, 1, 2, 0, 0, 2, 3, 0),
	gsSP2Triangles(4, 0, 3, 0, 4, 3, 5, 0),
	gsSP2Triangles(6, 7, 8, 0, 6, 9, 7, 0),
	gsSP2Triangles(9, 10, 7, 0, 9, 11, 10, 0),
	gsSP2Triangles(12, 13, 14, 0, 12, 14, 15, 0),
	gsSP2Triangles(16, 12, 15, 0, 16, 15, 17, 0),
	gsSP2Triangles(18, 19, 20, 0, 18, 21, 19, 0),
	gsSP2Triangles(21, 22, 19, 0, 21, 23, 22, 0),
	gsSP2Triangles(24, 25, 26, 0, 24, 26, 27, 0),
	gsSP2Triangles(28, 24, 27, 0, 28, 27, 29, 0),
	gsSP2Triangles(30, 28, 29, 0, 30, 29, 31, 0),
	gsSP2Triangles(32, 30, 31, 0, 32, 31, 33, 0),
	gsSP2Triangles(34, 32, 33, 0, 34, 33, 35, 0),
	gsSP2Triangles(36, 34, 35, 0, 36, 35, 37, 0),
	gsSP2Triangles(38, 39, 40, 0, 38, 41, 39, 0),
	gsSP2Triangles(41, 42, 39, 0, 41, 43, 42, 0),
	gsSPEndDisplayList(),
};

Vtx squishy_Left_Shoe_mesh_layer_1_vtx_2[8] = {
	{{{-31, 83, -3}, 0, {-160, 640}, {0x29, 0x78, 0x00, 0xFF}}},
	{{{-12, 77, 40}, 0, {212, 791}, {0x29, 0x78, 0x00, 0xFF}}},
	{{{-12, 77, -46}, 0, {-311, 268}, {0x29, 0x78, 0x00, 0xFF}}},
	{{{61, 52, -52}, 0, {86, -203}, {0x29, 0x78, 0x00, 0xFF}}},
	{{{61, 52, 46}, 0, {683, 394}, {0x29, 0x78, 0x00, 0xFF}}},
	{{{90, 42, -40}, 0, {337, -301}, {0x29, 0x78, 0x00, 0xFF}}},
	{{{90, 42, 33}, 0, {781, 143}, {0x29, 0x78, 0x00, 0xFF}}},
	{{{103, 37, -3}, 0, {644, -164}, {0x29, 0x78, 0x00, 0xFF}}},
};

Gfx squishy_Left_Shoe_mesh_layer_1_tri_2[] = {
	gsSPVertex(squishy_Left_Shoe_mesh_layer_1_vtx_2 + 0, 8, 0),
	gsSP2Triangles(0, 1, 2, 0, 1, 3, 2, 0),
	gsSP2Triangles(1, 4, 3, 0, 4, 5, 3, 0),
	gsSP2Triangles(4, 6, 5, 0, 7, 5, 6, 0),
	gsSPEndDisplayList(),
};

Vtx squishy_Right_Thigh_Color_mesh_layer_1_vtx_0[23] = {
	{{{129, 0, 46}, 0, {-16, 1008}, {0x26, 0x00, 0x79, 0xFF}}},
	{{{129, 50, 24}, 0, {-16, 1008}, {0x2D, 0x66, 0x3D, 0xFF}}},
	{{{-3, 61, 27}, 0, {-16, 1008}, {0xE1, 0x6A, 0x3F, 0xFF}}},
	{{{157, 23, 21}, 0, {-16, 1008}, {0x6B, 0x2E, 0x33, 0xFF}}},
	{{{157, -24, 21}, 0, {-16, 1008}, {0x6B, 0xD2, 0x33, 0xFF}}},
	{{{129, -50, 24}, 0, {-16, 1008}, {0x2B, 0x99, 0x3D, 0xFF}}},
	{{{-3, 3, 53}, 0, {-16, 1008}, {0xE3, 0x00, 0x7C, 0xFF}}},
	{{{-39, 3, 31}, 0, {-16, 1008}, {0xA3, 0x00, 0x57, 0xFF}}},
	{{{-39, 37, 16}, 0, {-16, 1008}, {0xA0, 0x46, 0x2D, 0xFF}}},
	{{{0, 58, -24}, 0, {-16, 1008}, {0xE5, 0x69, 0xBD, 0xFF}}},
	{{{129, 50, -20}, 0, {-16, 1008}, {0x2D, 0x65, 0xC2, 0xFF}}},
	{{{157, 23, -16}, 0, {-16, 1008}, {0x6B, 0x2E, 0xCD, 0xFF}}},
	{{{157, -24, -16}, 0, {-16, 1008}, {0x6B, 0xD2, 0xCD, 0xFF}}},
	{{{129, -50, -20}, 0, {-16, 1008}, {0x2B, 0x9A, 0xC2, 0xFF}}},
	{{{-3, -55, 27}, 0, {-16, 1008}, {0xDF, 0x97, 0x3F, 0xFF}}},
	{{{-39, -31, 16}, 0, {-16, 1008}, {0xA0, 0xBA, 0x2D, 0xFF}}},
	{{{-51, 3, 1}, 0, {-16, 1008}, {0x81, 0x00, 0x00, 0xFF}}},
	{{{-39, 37, -15}, 0, {-16, 1008}, {0xA3, 0x47, 0xCF, 0xFF}}},
	{{{-3, 3, -52}, 0, {-16, 1008}, {0xE5, 0x00, 0x84, 0xFF}}},
	{{{129, 0, -42}, 0, {-16, 1008}, {0x27, 0xFF, 0x87, 0xFF}}},
	{{{0, -52, -24}, 0, {-16, 1008}, {0xE3, 0x98, 0xBD, 0xFF}}},
	{{{-39, -31, -15}, 0, {-16, 1008}, {0xA3, 0xB9, 0xCF, 0xFF}}},
	{{{-39, 3, -30}, 0, {-16, 1008}, {0xA5, 0x00, 0xA7, 0xFF}}},
};

Gfx squishy_Right_Thigh_Color_mesh_layer_1_tri_0[] = {
	gsSPVertex(squishy_Right_Thigh_Color_mesh_layer_1_vtx_0 + 0, 23, 0),
	gsSP2Triangles(0, 1, 2, 0, 0, 3, 1, 0),
	gsSP2Triangles(4, 3, 0, 0, 5, 4, 0, 0),
	gsSP2Triangles(5, 0, 6, 0, 0, 2, 6, 0),
	gsSP2Triangles(2, 7, 6, 0, 2, 8, 7, 0),
	gsSP2Triangles(9, 8, 2, 0, 1, 9, 2, 0),
	gsSP2Triangles(1, 10, 9, 0, 1, 11, 10, 0),
	gsSP2Triangles(1, 3, 11, 0, 11, 3, 4, 0),
	gsSP2Triangles(11, 4, 12, 0, 13, 12, 4, 0),
	gsSP2Triangles(13, 4, 5, 0, 13, 5, 14, 0),
	gsSP2Triangles(5, 6, 14, 0, 6, 15, 14, 0),
	gsSP2Triangles(6, 7, 15, 0, 7, 16, 15, 0),
	gsSP2Triangles(8, 16, 7, 0, 17, 16, 8, 0),
	gsSP2Triangles(9, 17, 8, 0, 18, 17, 9, 0),
	gsSP2Triangles(10, 18, 9, 0, 10, 19, 18, 0),
	gsSP2Triangles(10, 11, 19, 0, 19, 11, 12, 0),
	gsSP2Triangles(19, 12, 13, 0, 19, 13, 20, 0),
	gsSP2Triangles(13, 14, 20, 0, 14, 21, 20, 0),
	gsSP2Triangles(14, 15, 21, 0, 15, 16, 21, 0),
	gsSP2Triangles(21, 16, 22, 0, 22, 16, 17, 0),
	gsSP2Triangles(18, 22, 17, 0, 20, 22, 18, 0),
	gsSP2Triangles(19, 20, 18, 0, 20, 21, 22, 0),
	gsSPEndDisplayList(),
};

Vtx squishy_Right_Leg_mesh_layer_1_vtx_0[23] = {
	{{{129, 2, 54}, 0, {-16, 1008}, {0x5D, 0xEF, 0xAB, 0xFF}}},
	{{{81, 11, 1}, 0, {-16, 1008}, {0x7D, 0xEA, 0x00, 0xFF}}},
	{{{139, 60, 27}, 0, {-16, 1008}, {0x59, 0xAE, 0xD9, 0xFF}}},
	{{{118, -56, 27}, 0, {-16, 1008}, {0x70, 0x2E, 0xD9, 0xFF}}},
	{{{118, -56, -26}, 0, {-16, 1008}, {0x70, 0x2E, 0x27, 0xFF}}},
	{{{129, 2, -53}, 0, {-16, 1008}, {0x5D, 0xEF, 0x55, 0xFF}}},
	{{{139, 60, -26}, 0, {-16, 1008}, {0x59, 0xAE, 0x27, 0xFF}}},
	{{{1, 51, 24}, 0, {-16, 1008}, {0xD3, 0x65, 0x3E, 0xFF}}},
	{{{129, 2, 54}, 0, {-16, 1008}, {0xF9, 0x07, 0x7F, 0xFF}}},
	{{{139, 60, 27}, 0, {-16, 1008}, {0xF7, 0x6D, 0x40, 0xFF}}},
	{{{1, 1, 46}, 0, {-16, 1008}, {0xD9, 0x00, 0x79, 0xFF}}},
	{{{-27, 25, 21}, 0, {-16, 1008}, {0x95, 0x2E, 0x33, 0xFF}}},
	{{{1, 51, -20}, 0, {-16, 1008}, {0xD2, 0x66, 0xC3, 0xFF}}},
	{{{139, 60, -26}, 0, {-16, 1008}, {0xF5, 0x6D, 0xBF, 0xFF}}},
	{{{1, 1, -42}, 0, {-16, 1008}, {0xD8, 0x00, 0x88, 0xFF}}},
	{{{129, 2, -53}, 0, {-16, 1008}, {0xF5, 0x07, 0x82, 0xFF}}},
	{{{1, -49, -20}, 0, {-16, 1008}, {0xD3, 0x9B, 0xC3, 0xFF}}},
	{{{118, -56, -26}, 0, {-16, 1008}, {0xF6, 0x98, 0xB7, 0xFF}}},
	{{{1, -49, 24}, 0, {-16, 1008}, {0xD3, 0x9B, 0x3E, 0xFF}}},
	{{{118, -56, 27}, 0, {-16, 1008}, {0xF8, 0x98, 0x48, 0xFF}}},
	{{{-27, -22, 21}, 0, {-16, 1008}, {0x95, 0xD2, 0x33, 0xFF}}},
	{{{-27, -22, -16}, 0, {-16, 1008}, {0x95, 0xD2, 0xCD, 0xFF}}},
	{{{-27, 25, -16}, 0, {-16, 1008}, {0x95, 0x2E, 0xCD, 0xFF}}},
};

Gfx squishy_Right_Leg_mesh_layer_1_tri_0[] = {
	gsSPVertex(squishy_Right_Leg_mesh_layer_1_vtx_0 + 0, 23, 0),
	gsSP2Triangles(0, 1, 2, 0, 3, 1, 0, 0),
	gsSP2Triangles(4, 1, 3, 0, 5, 1, 4, 0),
	gsSP2Triangles(6, 1, 5, 0, 2, 1, 6, 0),
	gsSP2Triangles(7, 8, 9, 0, 7, 10, 8, 0),
	gsSP2Triangles(7, 11, 10, 0, 12, 11, 7, 0),
	gsSP2Triangles(12, 7, 9, 0, 12, 9, 13, 0),
	gsSP2Triangles(14, 12, 13, 0, 14, 13, 15, 0),
	gsSP2Triangles(16, 14, 15, 0, 16, 15, 17, 0),
	gsSP2Triangles(18, 16, 17, 0, 18, 17, 19, 0),
	gsSP2Triangles(10, 18, 19, 0, 10, 19, 8, 0),
	gsSP2Triangles(10, 20, 18, 0, 11, 20, 10, 0),
	gsSP2Triangles(21, 20, 11, 0, 21, 11, 22, 0),
	gsSP2Triangles(12, 22, 11, 0, 14, 22, 12, 0),
	gsSP2Triangles(14, 21, 22, 0, 16, 21, 14, 0),
	gsSP2Triangles(18, 21, 16, 0, 18, 20, 21, 0),
	gsSPEndDisplayList(),
};

Vtx squishy_Right_Shoe_DL_mesh_layer_1_vtx_0[29] = {
	{{{-47, 73, 3}, 0, {268, 851}, {0x88, 0x29, 0x00, 0xFF}}},
	{{{-23, 65, -49}, 0, {-242, 851}, {0xBC, 0x17, 0x97, 0xFF}}},
	{{{-35, 29, -49}, 0, {-235, 691}, {0xB1, 0xE5, 0xA0, 0xFF}}},
	{{{-59, 37, 3}, 0, {275, 702}, {0x82, 0xF3, 0x00, 0xFF}}},
	{{{-24, 5, -31}, 0, {59, 433}, {0xBF, 0xA0, 0xCC, 0xFF}}},
	{{{57, -26, -33}, 0, {35, 37}, {0xED, 0x95, 0xBE, 0xFF}}},
	{{{52, -2, -56}, 0, {-196, 85}, {0x00, 0xCF, 0x8B, 0xFF}}},
	{{{-23, 65, -49}, 0, {-363, 691}, {0xBC, 0x17, 0x97, 0xFF}}},
	{{{65, 35, -56}, 0, {-358, 71}, {0x11, 0xFA, 0x82, 0xFF}}},
	{{{90, -14, -41}, 0, {-216, -318}, {0x45, 0xC2, 0xA9, 0xFF}}},
	{{{103, 22, -41}, 0, {-361, -333}, {0x57, 0xE3, 0xA8, 0xFF}}},
	{{{81, -35, -18}, 0, {130, -127}, {0x24, 0x8D, 0xD8, 0xFF}}},
	{{{104, -19, 3}, 0, {273, -316}, {0x6A, 0xBA, 0x00, 0xFF}}},
	{{{103, 22, -41}, 0, {-226, -503}, {0x57, 0xE3, 0xA8, 0xFF}}},
	{{{117, 17, 3}, 0, {265, -502}, {0x78, 0xD7, 0x00, 0xFF}}},
	{{{90, -14, 47}, 0, {697, -330}, {0x45, 0xC2, 0x57, 0xFF}}},
	{{{103, 22, 47}, 0, {706, -502}, {0x57, 0xE3, 0x58, 0xFF}}},
	{{{81, -35, 25}, 0, {417, -128}, {0x24, 0x8D, 0x28, 0xFF}}},
	{{{57, -26, 40}, 0, {512, 36}, {0xED, 0x95, 0x42, 0xFF}}},
	{{{52, -2, 63}, 0, {710, 88}, {0x00, 0xCF, 0x75, 0xFF}}},
	{{{103, 22, 47}, 0, {839, -339}, {0x57, 0xE3, 0x58, 0xFF}}},
	{{{65, 35, 63}, 0, {842, 75}, {0x11, 0xFA, 0x7E, 0xFF}}},
	{{{-35, 29, 56}, 0, {734, 695}, {0xB1, 0xE5, 0x60, 0xFF}}},
	{{{-23, 65, 56}, 0, {841, 684}, {0xBC, 0x17, 0x69, 0xFF}}},
	{{{-24, 5, 37}, 0, {490, 432}, {0xBF, 0xA0, 0x34, 0xFF}}},
	{{{-5, -10, 3}, 0, {274, 270}, {0xCB, 0x8C, 0x00, 0xFF}}},
	{{{-41, 11, 3}, 0, {275, 501}, {0xA6, 0xA7, 0x00, 0xFF}}},
	{{{-23, 65, 56}, 0, {718, 853}, {0xBC, 0x17, 0x69, 0xFF}}},
	{{{57, -36, 3}, 0, {274, 22}, {0xE4, 0x84, 0x00, 0xFF}}},
};

Gfx squishy_Right_Shoe_DL_mesh_layer_1_tri_0[] = {
	gsSPVertex(squishy_Right_Shoe_DL_mesh_layer_1_vtx_0 + 0, 29, 0),
	gsSP2Triangles(0, 1, 2, 0, 0, 2, 3, 0),
	gsSP2Triangles(3, 2, 4, 0, 2, 5, 4, 0),
	gsSP2Triangles(2, 6, 5, 0, 7, 6, 2, 0),
	gsSP2Triangles(7, 8, 6, 0, 8, 9, 6, 0),
	gsSP2Triangles(8, 10, 9, 0, 6, 9, 5, 0),
	gsSP2Triangles(5, 9, 11, 0, 9, 12, 11, 0),
	gsSP2Triangles(13, 12, 9, 0, 13, 14, 12, 0),
	gsSP2Triangles(14, 15, 12, 0, 14, 16, 15, 0),
	gsSP2Triangles(12, 15, 17, 0, 15, 18, 17, 0),
	gsSP2Triangles(19, 18, 15, 0, 20, 19, 15, 0),
	gsSP2Triangles(20, 21, 19, 0, 22, 19, 21, 0),
	gsSP2Triangles(22, 21, 23, 0, 24, 19, 22, 0),
	gsSP2Triangles(24, 18, 19, 0, 25, 18, 24, 0),
	gsSP2Triangles(24, 26, 25, 0, 22, 26, 24, 0),
	gsSP2Triangles(22, 3, 26, 0, 27, 3, 22, 0),
	gsSP2Triangles(27, 0, 3, 0, 3, 4, 26, 0),
	gsSP2Triangles(26, 4, 25, 0, 4, 28, 25, 0),
	gsSP2Triangles(4, 5, 28, 0, 5, 11, 28, 0),
	gsSP2Triangles(11, 17, 28, 0, 11, 12, 17, 0),
	gsSP2Triangles(17, 18, 28, 0, 25, 28, 18, 0),
	gsSPEndDisplayList(),
};

Vtx squishy_Right_Shoe_DL_mesh_layer_1_vtx_1[44] = {
	{{{-47, 73, 3}, 0, {565, 2026}, {0x8A, 0x2F, 0x00, 0xFF}}},
	{{{-17, 79, -51}, 0, {-687, 2024}, {0xBE, 0x10, 0x95, 0xFF}}},
	{{{-23, 65, -49}, 0, {-687, 2024}, {0xB7, 0x14, 0x9A, 0xFF}}},
	{{{-41, 87, 3}, 0, {565, 2026}, {0x8A, 0x2F, 0x00, 0xFF}}},
	{{{-23, 65, 56}, 0, {1669, 2030}, {0xB7, 0x14, 0x66, 0xFF}}},
	{{{-17, 79, 57}, 0, {1669, 2030}, {0xBE, 0x10, 0x6B, 0xFF}}},
	{{{-23, 65, -49}, 0, {-985, 1634}, {0xB7, 0x14, 0x9A, 0xFF}}},
	{{{-17, 79, -51}, 0, {-985, 1634}, {0xBE, 0x10, 0x95, 0xFF}}},
	{{{69, 48, -58}, 0, {-971, 112}, {0x0D, 0xEC, 0x83, 0xFF}}},
	{{{65, 35, -56}, 0, {-971, 112}, {0x0D, 0xEC, 0x83, 0xFF}}},
	{{{107, 36, -42}, 0, {-979, -881}, {0x4F, 0xD7, 0xA6, 0xFF}}},
	{{{103, 22, -41}, 0, {-979, -881}, {0x53, 0xD6, 0xAA, 0xFF}}},
	{{{65, 35, 63}, 0, {1975, 121}, {0x0D, 0xEC, 0x7D, 0xFF}}},
	{{{-17, 79, 57}, 0, {1971, 1616}, {0xBE, 0x10, 0x6B, 0xFF}}},
	{{{-23, 65, 56}, 0, {1971, 1616}, {0xB7, 0x14, 0x66, 0xFF}}},
	{{{69, 48, 64}, 0, {1975, 121}, {0x0D, 0xEC, 0x7D, 0xFF}}},
	{{{103, 22, 47}, 0, {1968, -895}, {0x53, 0xD6, 0x56, 0xFF}}},
	{{{107, 36, 49}, 0, {1968, -895}, {0x4F, 0xD7, 0x5A, 0xFF}}},
	{{{103, 22, -41}, 0, {-647, -1299}, {0x53, 0xD6, 0xAA, 0xFF}}},
	{{{107, 36, -42}, 0, {-647, -1299}, {0x4F, 0xD7, 0xA6, 0xFF}}},
	{{{124, 30, 3}, 0, {557, -1295}, {0x74, 0xCC, 0x00, 0xFF}}},
	{{{117, 17, 3}, 0, {557, -1295}, {0x74, 0xCC, 0x00, 0xFF}}},
	{{{107, 36, 49}, 0, {1640, -1296}, {0x4F, 0xD7, 0x5A, 0xFF}}},
	{{{103, 22, 47}, 0, {1640, -1296}, {0x53, 0xD6, 0x56, 0xFF}}},
	{{{-31, 83, 3}, 0, {469, 1943}, {0x29, 0x78, 0x00, 0xFF}}},
	{{{-17, 79, 57}, 0, {1669, 2030}, {0x29, 0x78, 0x00, 0xFF}}},
	{{{-12, 77, 46}, 0, {1396, 1946}, {0x29, 0x78, 0x00, 0xFF}}},
	{{{-41, 87, 3}, 0, {565, 2026}, {0x29, 0x78, 0x00, 0xFF}}},
	{{{-12, 77, -40}, 0, {-738, 1521}, {0x29, 0x78, 0x00, 0xFF}}},
	{{{-17, 79, -51}, 0, {-985, 1634}, {0x29, 0x78, 0x00, 0xFF}}},
	{{{61, 52, -46}, 0, {-746, 169}, {0x29, 0x78, 0x00, 0xFF}}},
	{{{69, 48, -58}, 0, {-971, 112}, {0x29, 0x78, 0x00, 0xFF}}},
	{{{90, 42, -33}, 0, {-497, -1300}, {0x29, 0x78, 0x00, 0xFF}}},
	{{{107, 36, -42}, 0, {-647, -1299}, {0x29, 0x78, 0x00, 0xFF}}},
	{{{103, 37, 3}, 0, {524, -1296}, {0x29, 0x78, 0x00, 0xFF}}},
	{{{124, 30, 3}, 0, {557, -1295}, {0x29, 0x78, 0x00, 0xFF}}},
	{{{90, 42, 40}, 0, {1441, -1298}, {0x29, 0x78, 0x00, 0xFF}}},
	{{{107, 36, 49}, 0, {1640, -1296}, {0x29, 0x78, 0x00, 0xFF}}},
	{{{-12, 77, 46}, 0, {1726, 1507}, {0x29, 0x78, 0x00, 0xFF}}},
	{{{-17, 79, 57}, 0, {1971, 1616}, {0x29, 0x78, 0x00, 0xFF}}},
	{{{69, 48, 64}, 0, {1975, 121}, {0x29, 0x78, 0x00, 0xFF}}},
	{{{61, 52, 52}, 0, {1737, 165}, {0x29, 0x78, 0x00, 0xFF}}},
	{{{107, 36, 49}, 0, {1968, -895}, {0x29, 0x78, 0x00, 0xFF}}},
	{{{90, 42, 40}, 0, {1702, -721}, {0x29, 0x78, 0x00, 0xFF}}},
};

Gfx squishy_Right_Shoe_DL_mesh_layer_1_tri_1[] = {
	gsSPVertex(squishy_Right_Shoe_DL_mesh_layer_1_vtx_1 + 0, 44, 0),
	gsSP2Triangles(0, 1, 2, 0, 0, 3, 1, 0),
	gsSP2Triangles(4, 3, 0, 0, 4, 5, 3, 0),
	gsSP2Triangles(6, 7, 8, 0, 6, 8, 9, 0),
	gsSP2Triangles(9, 8, 10, 0, 9, 10, 11, 0),
	gsSP2Triangles(12, 13, 14, 0, 12, 15, 13, 0),
	gsSP2Triangles(16, 15, 12, 0, 16, 17, 15, 0),
	gsSP2Triangles(18, 19, 20, 0, 18, 20, 21, 0),
	gsSP2Triangles(21, 20, 22, 0, 21, 22, 23, 0),
	gsSP2Triangles(24, 25, 26, 0, 24, 27, 25, 0),
	gsSP2Triangles(28, 27, 24, 0, 28, 29, 27, 0),
	gsSP2Triangles(30, 29, 28, 0, 30, 31, 29, 0),
	gsSP2Triangles(32, 31, 30, 0, 32, 33, 31, 0),
	gsSP2Triangles(34, 33, 32, 0, 34, 35, 33, 0),
	gsSP2Triangles(36, 35, 34, 0, 36, 37, 35, 0),
	gsSP2Triangles(38, 39, 40, 0, 38, 40, 41, 0),
	gsSP2Triangles(41, 40, 42, 0, 41, 42, 43, 0),
	gsSPEndDisplayList(),
};

Vtx squishy_Right_Shoe_DL_mesh_layer_1_vtx_2[8] = {
	{{{-31, 83, 3}, 0, {-160, 640}, {0x29, 0x78, 0x00, 0xFF}}},
	{{{-12, 77, 46}, 0, {-311, 268}, {0x29, 0x78, 0x00, 0xFF}}},
	{{{-12, 77, -40}, 0, {212, 791}, {0x29, 0x78, 0x00, 0xFF}}},
	{{{61, 52, 52}, 0, {86, -203}, {0x29, 0x78, 0x00, 0xFF}}},
	{{{61, 52, -46}, 0, {683, 394}, {0x29, 0x78, 0x00, 0xFF}}},
	{{{90, 42, 40}, 0, {337, -301}, {0x29, 0x78, 0x00, 0xFF}}},
	{{{90, 42, -33}, 0, {781, 143}, {0x29, 0x78, 0x00, 0xFF}}},
	{{{103, 37, 3}, 0, {644, -164}, {0x29, 0x78, 0x00, 0xFF}}},
};

Gfx squishy_Right_Shoe_DL_mesh_layer_1_tri_2[] = {
	gsSPVertex(squishy_Right_Shoe_DL_mesh_layer_1_vtx_2 + 0, 8, 0),
	gsSP2Triangles(0, 1, 2, 0, 2, 1, 3, 0),
	gsSP2Triangles(2, 3, 4, 0, 4, 3, 5, 0),
	gsSP2Triangles(4, 5, 6, 0, 7, 6, 5, 0),
	gsSPEndDisplayList(),
};

Vtx squishy_Switch_optionnnn_please_work_Butt_mesh_layer_1_vtx_0[83] = {
	{{{-94, 85, 0}, 0, {-260, 495}, {0x81, 0xFA, 0x00, 0xFF}}},
	{{{-96, 67, -72}, 0, {-260, 495}, {0x82, 0xF0, 0x08, 0xFF}}},
	{{{-93, 24, -105}, 0, {-260, 495}, {0x81, 0xFB, 0x01, 0xFF}}},
	{{{-93, 24, 105}, 0, {-260, 495}, {0x81, 0xFB, 0xFF, 0xFF}}},
	{{{-92, -46, -105}, 0, {-260, 495}, {0x81, 0xFD, 0x00, 0xFF}}},
	{{{-92, -46, 105}, 0, {-260, 495}, {0x81, 0xFD, 0x00, 0xFF}}},
	{{{-91, -82, 57}, 0, {-260, 495}, {0x81, 0xFD, 0x00, 0xFF}}},
	{{{-91, -82, -57}, 0, {-260, 495}, {0x81, 0xFD, 0x00, 0xFF}}},
	{{{-96, 67, 72}, 0, {-260, 495}, {0x82, 0xF0, 0xF8, 0xFF}}},
	{{{-12, -40, -87}, 0, {-260, 495}, {0x40, 0xCC, 0x9F, 0xFF}}},
	{{{-54, -47, -105}, 0, {-260, 495}, {0x35, 0xCF, 0x97, 0xFF}}},
	{{{-56, 22, -105}, 0, {-260, 495}, {0x27, 0x26, 0x8D, 0xFF}}},
	{{{-12, -70, -47}, 0, {-260, 495}, {0x3D, 0x96, 0xDE, 0xFF}}},
	{{{15, -49, -39}, 0, {-260, 495}, {0x5D, 0xAE, 0xE4, 0xFF}}},
	{{{16, -23, -71}, 0, {-260, 495}, {0x5B, 0xDD, 0xAF, 0xFF}}},
	{{{-12, 20, -87}, 0, {-260, 495}, {0x34, 0x18, 0x8F, 0xFF}}},
	{{{-6, 62, -64}, 0, {-260, 495}, {0x1A, 0x67, 0xBA, 0xFF}}},
	{{{-59, 63, -63}, 0, {-260, 495}, {0x07, 0x70, 0xC5, 0xFF}}},
	{{{-59, 80, 0}, 0, {-260, 495}, {0x0B, 0x7E, 0x00, 0xFF}}},
	{{{-7, 72, 0}, 0, {-260, 495}, {0x17, 0x7D, 0x00, 0xFF}}},
	{{{-59, 63, 63}, 0, {-260, 495}, {0x07, 0x70, 0x3B, 0xFF}}},
	{{{-6, 62, 64}, 0, {-260, 495}, {0x1A, 0x67, 0x46, 0xFF}}},
	{{{-56, 22, 105}, 0, {-260, 495}, {0x27, 0x26, 0x73, 0xFF}}},
	{{{-12, 20, 87}, 0, {-260, 495}, {0x34, 0x18, 0x71, 0xFF}}},
	{{{-54, -47, 105}, 0, {-260, 495}, {0x35, 0xCF, 0x69, 0xFF}}},
	{{{-12, -40, 87}, 0, {-260, 495}, {0x40, 0xCC, 0x61, 0xFF}}},
	{{{-52, -82, 57}, 0, {-260, 495}, {0x2B, 0x90, 0x29, 0xFF}}},
	{{{-12, -70, 47}, 0, {-260, 495}, {0x3D, 0x96, 0x22, 0xFF}}},
	{{{-52, -82, -57}, 0, {-260, 495}, {0x2B, 0x90, 0xD7, 0xFF}}},
	{{{15, -49, 39}, 0, {-260, 495}, {0x5D, 0xAE, 0x1C, 0xFF}}},
	{{{16, -23, 71}, 0, {-260, 495}, {0x5B, 0xDD, 0x51, 0xFF}}},
	{{{61, 11, 0}, 0, {-260, 495}, {0x7F, 0xFB, 0x00, 0xFF}}},
	{{{17, 21, -71}, 0, {-260, 495}, {0x54, 0x07, 0xA1, 0xFF}}},
	{{{28, 55, -57}, 0, {-260, 495}, {0x4F, 0x4B, 0xBF, 0xFF}}},
	{{{28, 62, 0}, 0, {-260, 495}, {0x49, 0x68, 0x00, 0xFF}}},
	{{{28, 55, 57}, 0, {-260, 495}, {0x4F, 0x4B, 0x41, 0xFF}}},
	{{{17, 21, 71}, 0, {-260, 495}, {0x54, 0x07, 0x5F, 0xFF}}},
	{{{-59, 63, -63}, 0, {-260, 495}, {0x4A, 0x5B, 0xD0, 0xFF}}},
	{{{-56, 22, -105}, 0, {-260, 495}, {0x4D, 0x28, 0xA3, 0xFF}}},
	{{{-74, 25, -117}, 0, {-260, 495}, {0x07, 0x2A, 0x88, 0xFF}}},
	{{{-71, -53, -117}, 0, {-260, 495}, {0x04, 0xC7, 0x8E, 0xFF}}},
	{{{-54, -47, -105}, 0, {-260, 495}, {0x4D, 0xD4, 0xA6, 0xFF}}},
	{{{-69, -92, -64}, 0, {-260, 495}, {0x06, 0x89, 0xD5, 0xFF}}},
	{{{-52, -82, -57}, 0, {-260, 495}, {0x47, 0x9B, 0xE2, 0xFF}}},
	{{{-69, -92, 64}, 0, {-260, 495}, {0x06, 0x89, 0x2B, 0xFF}}},
	{{{-52, -82, 57}, 0, {-260, 495}, {0x47, 0x9B, 0x1E, 0xFF}}},
	{{{-71, -53, 117}, 0, {-260, 495}, {0x04, 0xC7, 0x72, 0xFF}}},
	{{{-54, -47, 105}, 0, {-260, 495}, {0x4D, 0xD4, 0x5A, 0xFF}}},
	{{{-74, 25, 117}, 0, {-260, 495}, {0x07, 0x2A, 0x78, 0xFF}}},
	{{{-56, 22, 105}, 0, {-260, 495}, {0x4D, 0x28, 0x5D, 0xFF}}},
	{{{-79, 73, 77}, 0, {-260, 495}, {0x07, 0x6A, 0x46, 0xFF}}},
	{{{-59, 63, 63}, 0, {-260, 495}, {0x4A, 0x5B, 0x30, 0xFF}}},
	{{{-77, 93, 0}, 0, {-260, 495}, {0x0B, 0x7F, 0x00, 0xFF}}},
	{{{-59, 80, 0}, 0, {-260, 495}, {0x48, 0x68, 0x00, 0xFF}}},
	{{{-79, 73, -77}, 0, {-260, 495}, {0x07, 0x6A, 0xBA, 0xFF}}},
	{{{-93, 24, -105}, 0, {-260, 495}, {0xBF, 0x25, 0x99, 0xFF}}},
	{{{-92, -46, -105}, 0, {-260, 495}, {0xB9, 0xCF, 0xA2, 0xFF}}},
	{{{-91, -82, -57}, 0, {-260, 495}, {0xC3, 0x95, 0xE1, 0xFF}}},
	{{{-91, -82, 57}, 0, {-260, 495}, {0xC3, 0x95, 0x1F, 0xFF}}},
	{{{-92, -46, 105}, 0, {-260, 495}, {0xB9, 0xCF, 0x5E, 0xFF}}},
	{{{-93, 24, 105}, 0, {-260, 495}, {0xBF, 0x25, 0x67, 0xFF}}},
	{{{-96, 67, 72}, 0, {-260, 495}, {0xC6, 0x60, 0x3C, 0xFF}}},
	{{{-94, 85, 0}, 0, {-260, 495}, {0xCB, 0x73, 0x00, 0xFF}}},
	{{{-96, 67, -72}, 0, {-260, 495}, {0xC6, 0x60, 0xC4, 0xFF}}},
	{{{-123, -22, 77}, 0, {-260, 495}, {0x9C, 0xDD, 0x46, 0xFF}}},
	{{{-82, -43, 107}, 0, {-260, 495}, {0xAD, 0xD0, 0x53, 0xFF}}},
	{{{-84, 19, 107}, 0, {-260, 495}, {0xBE, 0x1D, 0x68, 0xFF}}},
	{{{-120, -50, 46}, 0, {-260, 495}, {0xA3, 0xAC, 0x18, 0xFF}}},
	{{{-137, -19, 35}, 0, {-260, 495}, {0x86, 0xE0, 0x12, 0xFF}}},
	{{{-124, 36, 77}, 0, {-260, 495}, {0xA9, 0x36, 0x4B, 0xFF}}},
	{{{-85, 66, 59}, 0, {-260, 495}, {0xD8, 0x6E, 0x32, 0xFF}}},
	{{{-120, 68, 0}, 0, {-260, 495}, {0xC4, 0x70, 0x00, 0xFF}}},
	{{{-85, 66, -59}, 0, {-260, 495}, {0xD8, 0x6E, 0xCE, 0xFF}}},
	{{{-124, 36, -77}, 0, {-260, 495}, {0xA9, 0x36, 0xB5, 0xFF}}},
	{{{-84, 19, -107}, 0, {-260, 495}, {0xBE, 0x1D, 0x98, 0xFF}}},
	{{{-82, -43, -107}, 0, {-260, 495}, {0xAD, 0xD0, 0xAD, 0xFF}}},
	{{{-123, -22, -77}, 0, {-260, 495}, {0x9C, 0xDD, 0xBA, 0xFF}}},
	{{{-81, -74, -59}, 0, {-260, 495}, {0xB4, 0x9F, 0xE0, 0xFF}}},
	{{{-120, -50, -46}, 0, {-260, 495}, {0xA3, 0xAC, 0xE8, 0xFF}}},
	{{{-81, -74, 59}, 0, {-260, 495}, {0xB4, 0x9F, 0x20, 0xFF}}},
	{{{-137, -19, -35}, 0, {-260, 495}, {0x86, 0xE0, 0xEE, 0xFF}}},
	{{{-140, 35, -37}, 0, {-260, 495}, {0x89, 0x26, 0xE7, 0xFF}}},
	{{{-140, 35, 37}, 0, {-260, 495}, {0x89, 0x26, 0x19, 0xFF}}},
};

Gfx squishy_Switch_optionnnn_please_work_Butt_mesh_layer_1_tri_0[] = {
	gsSPVertex(squishy_Switch_optionnnn_please_work_Butt_mesh_layer_1_vtx_0 + 0, 64, 0),
	gsSP2Triangles(0, 1, 2, 0, 3, 0, 2, 0),
	gsSP2Triangles(4, 3, 2, 0, 4, 5, 3, 0),
	gsSP2Triangles(6, 5, 4, 0, 6, 4, 7, 0),
	gsSP2Triangles(8, 0, 3, 0, 9, 10, 11, 0),
	gsSP2Triangles(12, 10, 9, 0, 13, 12, 9, 0),
	gsSP2Triangles(13, 9, 14, 0, 14, 9, 15, 0),
	gsSP2Triangles(9, 11, 15, 0, 15, 11, 16, 0),
	gsSP2Triangles(11, 17, 16, 0, 16, 17, 18, 0),
	gsSP2Triangles(16, 18, 19, 0, 19, 18, 20, 0),
	gsSP2Triangles(19, 20, 21, 0, 21, 20, 22, 0),
	gsSP2Triangles(23, 21, 22, 0, 23, 22, 24, 0),
	gsSP2Triangles(23, 24, 25, 0, 25, 24, 26, 0),
	gsSP2Triangles(25, 26, 27, 0, 27, 26, 28, 0),
	gsSP2Triangles(27, 28, 12, 0, 12, 28, 10, 0),
	gsSP2Triangles(29, 27, 12, 0, 30, 27, 29, 0),
	gsSP2Triangles(29, 31, 30, 0, 13, 31, 29, 0),
	gsSP2Triangles(29, 12, 13, 0, 14, 31, 13, 0),
	gsSP2Triangles(32, 31, 14, 0, 14, 15, 32, 0),
	gsSP2Triangles(32, 15, 33, 0, 15, 16, 33, 0),
	gsSP2Triangles(33, 16, 34, 0, 16, 19, 34, 0),
	gsSP2Triangles(34, 19, 21, 0, 35, 34, 21, 0),
	gsSP2Triangles(35, 21, 23, 0, 36, 35, 23, 0),
	gsSP2Triangles(36, 23, 25, 0, 36, 25, 30, 0),
	gsSP2Triangles(30, 25, 27, 0, 30, 31, 36, 0),
	gsSP2Triangles(36, 31, 35, 0, 35, 31, 34, 0),
	gsSP2Triangles(31, 33, 34, 0, 33, 31, 32, 0),
	gsSP2Triangles(37, 38, 39, 0, 38, 40, 39, 0),
	gsSP2Triangles(38, 41, 40, 0, 41, 42, 40, 0),
	gsSP2Triangles(41, 43, 42, 0, 43, 44, 42, 0),
	gsSP2Triangles(43, 45, 44, 0, 45, 46, 44, 0),
	gsSP2Triangles(45, 47, 46, 0, 47, 48, 46, 0),
	gsSP2Triangles(47, 49, 48, 0, 49, 50, 48, 0),
	gsSP2Triangles(49, 51, 50, 0, 51, 52, 50, 0),
	gsSP2Triangles(51, 53, 52, 0, 53, 54, 52, 0),
	gsSP2Triangles(53, 37, 54, 0, 37, 39, 54, 0),
	gsSP2Triangles(54, 39, 55, 0, 39, 56, 55, 0),
	gsSP2Triangles(39, 40, 56, 0, 40, 57, 56, 0),
	gsSP2Triangles(40, 42, 57, 0, 42, 58, 57, 0),
	gsSP2Triangles(42, 44, 58, 0, 44, 59, 58, 0),
	gsSP2Triangles(44, 46, 59, 0, 46, 60, 59, 0),
	gsSP2Triangles(46, 48, 60, 0, 48, 61, 60, 0),
	gsSP2Triangles(48, 50, 61, 0, 50, 62, 61, 0),
	gsSP2Triangles(50, 52, 62, 0, 52, 63, 62, 0),
	gsSP2Triangles(52, 54, 63, 0, 54, 55, 63, 0),
	gsSPVertex(squishy_Switch_optionnnn_please_work_Butt_mesh_layer_1_vtx_0 + 64, 19, 0),
	gsSP2Triangles(0, 1, 2, 0, 3, 1, 0, 0),
	gsSP2Triangles(4, 3, 0, 0, 4, 0, 5, 0),
	gsSP2Triangles(0, 2, 5, 0, 5, 2, 6, 0),
	gsSP2Triangles(7, 5, 6, 0, 7, 6, 8, 0),
	gsSP2Triangles(7, 8, 9, 0, 8, 10, 9, 0),
	gsSP2Triangles(9, 10, 11, 0, 9, 11, 12, 0),
	gsSP2Triangles(12, 11, 13, 0, 12, 13, 14, 0),
	gsSP2Triangles(14, 13, 15, 0, 14, 15, 3, 0),
	gsSP2Triangles(3, 15, 1, 0, 16, 14, 3, 0),
	gsSP2Triangles(16, 12, 14, 0, 17, 12, 16, 0),
	gsSP2Triangles(16, 18, 17, 0, 16, 4, 18, 0),
	gsSP2Triangles(16, 3, 4, 0, 4, 5, 18, 0),
	gsSP2Triangles(18, 5, 7, 0, 18, 7, 17, 0),
	gsSP2Triangles(17, 7, 9, 0, 17, 9, 12, 0),
	gsSPEndDisplayList(),
};

Vtx squishy_Switch_optionnnn_please_work_Torso_mesh_layer_1_vtx_0[110] = {
	{{{83, 78, -55}, 0, {-260, 495}, {0x64, 0x4E, 0xF4, 0xFF}}},
	{{{91, 51, 0}, 0, {-260, 495}, {0x5F, 0x54, 0x00, 0xFF}}},
	{{{99, 47, -36}, 0, {-260, 495}, {0x70, 0x3B, 0xF4, 0xFF}}},
	{{{56, 85, 0}, 0, {-260, 495}, {0x41, 0x6D, 0x00, 0xFF}}},
	{{{59, 94, -62}, 0, {-260, 495}, {0x3E, 0x6E, 0xF8, 0xFF}}},
	{{{53, 90, -103}, 0, {-260, 495}, {0x2D, 0x51, 0xA9, 0xFF}}},
	{{{74, 57, -97}, 0, {-260, 495}, {0x53, 0x1A, 0xA3, 0xFF}}},
	{{{86, 28, -89}, 0, {-260, 495}, {0x4F, 0x14, 0x9F, 0xFF}}},
	{{{101, 13, -81}, 0, {-260, 495}, {0x50, 0x1D, 0xA1, 0xFF}}},
	{{{93, -2, -85}, 0, {-260, 495}, {0x2C, 0x00, 0x89, 0xFF}}},
	{{{103, -38, -80}, 0, {-260, 495}, {0x68, 0xEF, 0xB9, 0xFF}}},
	{{{93, -51, -89}, 0, {-260, 495}, {0x3E, 0xCA, 0x9F, 0xFF}}},
	{{{100, -66, -49}, 0, {-260, 495}, {0x5E, 0xAD, 0xEF, 0xFF}}},
	{{{103, -38, 80}, 0, {-260, 495}, {0x68, 0xEF, 0x47, 0xFF}}},
	{{{100, -66, 49}, 0, {-260, 495}, {0x5E, 0xAD, 0x11, 0xFF}}},
	{{{93, -51, 89}, 0, {-260, 495}, {0x3E, 0xCA, 0x61, 0xFF}}},
	{{{93, -2, 85}, 0, {-260, 495}, {0x2C, 0x00, 0x77, 0xFF}}},
	{{{101, 13, 81}, 0, {-260, 495}, {0x50, 0x1D, 0x5F, 0xFF}}},
	{{{86, 28, 89}, 0, {-260, 495}, {0x4F, 0x14, 0x61, 0xFF}}},
	{{{99, 47, 36}, 0, {-260, 495}, {0x70, 0x3B, 0x0C, 0xFF}}},
	{{{83, 78, 55}, 0, {-260, 495}, {0x64, 0x4E, 0x0C, 0xFF}}},
	{{{59, 94, 62}, 0, {-260, 495}, {0x3D, 0x6F, 0x09, 0xFF}}},
	{{{25, 97, 0}, 0, {-260, 495}, {0xF1, 0x7E, 0x00, 0xFF}}},
	{{{23, 103, -66}, 0, {-260, 495}, {0xE7, 0x7C, 0xF5, 0xFF}}},
	{{{15, 83, -107}, 0, {-260, 495}, {0xD5, 0x3D, 0x99, 0xFF}}},
	{{{30, 50, -109}, 0, {-260, 495}, {0xFB, 0xFB, 0x81, 0xFF}}},
	{{{24, 24, -107}, 0, {-260, 495}, {0xD4, 0xBD, 0x9D, 0xFF}}},
	{{{25, 19, -95}, 0, {-260, 495}, {0xDB, 0xC0, 0x99, 0xFF}}},
	{{{50, -68, -89}, 0, {-260, 495}, {0xF7, 0xB0, 0x9E, 0xFF}}},
	{{{49, -84, -49}, 0, {-260, 495}, {0xFB, 0x84, 0xE5, 0xFF}}},
	{{{49, -84, 49}, 0, {-260, 495}, {0xFB, 0x84, 0x1B, 0xFF}}},
	{{{50, -68, 89}, 0, {-260, 495}, {0xF7, 0xB0, 0x62, 0xFF}}},
	{{{25, 19, 95}, 0, {-260, 495}, {0xDB, 0xC0, 0x67, 0xFF}}},
	{{{24, 24, 107}, 0, {-260, 495}, {0xD4, 0xBD, 0x63, 0xFF}}},
	{{{74, 57, 97}, 0, {-260, 495}, {0x53, 0x1A, 0x5D, 0xFF}}},
	{{{53, 90, 103}, 0, {-260, 495}, {0x2D, 0x51, 0x57, 0xFF}}},
	{{{23, 103, 66}, 0, {-260, 495}, {0xE7, 0x7C, 0x0B, 0xFF}}},
	{{{-10, 79, 62}, 0, {-260, 495}, {0x92, 0x3E, 0x0A, 0xFF}}},
	{{{-2, 80, 0}, 0, {-260, 495}, {0xA7, 0x5B, 0x00, 0xFF}}},
	{{{-10, 79, -62}, 0, {-260, 495}, {0x92, 0x3E, 0xF6, 0xFF}}},
	{{{-3, 78, -91}, 0, {-260, 495}, {0x9D, 0x34, 0xC3, 0xFF}}},
	{{{-3, 57, -95}, 0, {-260, 495}, {0x9F, 0xFF, 0xAE, 0xFF}}},
	{{{-9, 9, -91}, 0, {-260, 495}, {0xB2, 0xF5, 0x9C, 0xFF}}},
	{{{4, -46, -76}, 0, {-260, 495}, {0xC7, 0xC0, 0xA2, 0xFF}}},
	{{{-3, -63, -49}, 0, {-260, 495}, {0xC0, 0x98, 0xDD, 0xFF}}},
	{{{-3, -63, 49}, 0, {-260, 495}, {0xC0, 0x98, 0x23, 0xFF}}},
	{{{4, -46, 76}, 0, {-260, 495}, {0xC7, 0xC0, 0x5E, 0xFF}}},
	{{{-9, 9, 91}, 0, {-260, 495}, {0xB2, 0xF5, 0x64, 0xFF}}},
	{{{-3, 57, 95}, 0, {-260, 495}, {0x9F, 0xFF, 0x52, 0xFF}}},
	{{{30, 50, 109}, 0, {-260, 495}, {0xFB, 0xFB, 0x7F, 0xFF}}},
	{{{15, 83, 107}, 0, {-260, 495}, {0xD5, 0x3D, 0x67, 0xFF}}},
	{{{-3, 78, 91}, 0, {-260, 495}, {0x9D, 0x34, 0x3D, 0xFF}}},
	{{{-12, 66, 54}, 0, {-260, 495}, {0x83, 0x17, 0x08, 0xFF}}},
	{{{-12, 66, -54}, 0, {-260, 495}, {0x83, 0x17, 0xF8, 0xFF}}},
	{{{-17, 34, -49}, 0, {-260, 495}, {0x84, 0x14, 0xED, 0xFF}}},
	{{{-20, -24, -69}, 0, {-260, 495}, {0x96, 0xE8, 0xBE, 0xFF}}},
	{{{-27, -47, -46}, 0, {-260, 495}, {0x94, 0xC7, 0xDE, 0xFF}}},
	{{{-27, -47, 46}, 0, {-260, 495}, {0x94, 0xC7, 0x22, 0xFF}}},
	{{{-20, -24, 69}, 0, {-260, 495}, {0x96, 0xE8, 0x42, 0xFF}}},
	{{{-17, 34, 49}, 0, {-260, 495}, {0x84, 0x14, 0x13, 0xFF}}},
	{{{-31, 0, 0}, 0, {-260, 495}, {0x82, 0x12, 0x00, 0xFF}}},
	{{{99, 47, -36}, 0, {-260, 495}, {0xEA, 0x76, 0xD6, 0xFF}}},
	{{{104, 20, -108}, 0, {-260, 495}, {0xCE, 0x36, 0x98, 0xFF}}},
	{{{101, 13, -81}, 0, {-260, 495}, {0x82, 0x03, 0xF3, 0xFF}}},
	{{{99, 47, -36}, 0, {-260, 495}, {0xEA, 0x76, 0xD6, 0xFF}}},
	{{{122, 23, -98}, 0, {-260, 495}, {0x09, 0x5A, 0xA6, 0xFF}}},
	{{{104, 20, -108}, 0, {-260, 495}, {0xCE, 0x36, 0x98, 0xFF}}},
	{{{104, 51, -26}, 0, {-260, 495}, {0xF8, 0x7D, 0xED, 0xFF}}},
	{{{91, 51, 0}, 0, {-260, 495}, {0x50, 0x62, 0x00, 0xFF}}},
	{{{127, 46, -23}, 0, {-260, 495}, {0x66, 0x41, 0x26, 0xFF}}},
	{{{99, 8, 0}, 0, {-260, 495}, {0x7F, 0x05, 0x00, 0xFF}}},
	{{{127, 46, 23}, 0, {-260, 495}, {0x66, 0x41, 0xDA, 0xFF}}},
	{{{104, 51, 26}, 0, {-260, 495}, {0xF8, 0x7D, 0x13, 0xFF}}},
	{{{99, 47, 36}, 0, {-260, 495}, {0xEA, 0x76, 0x2A, 0xFF}}},
	{{{122, 23, 98}, 0, {-260, 495}, {0x09, 0x5A, 0x5A, 0xFF}}},
	{{{104, 20, 108}, 0, {-260, 495}, {0xCE, 0x36, 0x68, 0xFF}}},
	{{{101, 13, 81}, 0, {-260, 495}, {0x82, 0x03, 0x0D, 0xFF}}},
	{{{103, -38, 80}, 0, {-260, 495}, {0x84, 0xED, 0x12, 0xFF}}},
	{{{108, -35, 110}, 0, {-260, 495}, {0xDD, 0xD0, 0x70, 0xFF}}},
	{{{107, -70, 56}, 0, {-260, 495}, {0xC6, 0x94, 0x22, 0xFF}}},
	{{{107, -70, -56}, 0, {-260, 495}, {0xC6, 0x94, 0xDE, 0xFF}}},
	{{{103, -38, -80}, 0, {-260, 495}, {0x84, 0xED, 0xEE, 0xFF}}},
	{{{108, -35, -110}, 0, {-260, 495}, {0xDD, 0xD0, 0x90, 0xFF}}},
	{{{101, 13, -81}, 0, {-260, 495}, {0x82, 0x03, 0xF3, 0xFF}}},
	{{{127, -37, -93}, 0, {-260, 495}, {0xF3, 0xBB, 0x96, 0xFF}}},
	{{{144, -45, -109}, 0, {-260, 495}, {0x41, 0xC9, 0xA2, 0xFF}}},
	{{{144, 21, -106}, 0, {-260, 495}, {0x50, 0x38, 0xAF, 0xFF}}},
	{{{138, -74, -57}, 0, {-260, 495}, {0x3D, 0x95, 0xE3, 0xFF}}},
	{{{138, -74, 57}, 0, {-260, 495}, {0x3D, 0x95, 0x1D, 0xFF}}},
	{{{144, -45, 109}, 0, {-260, 495}, {0x41, 0xC9, 0x5E, 0xFF}}},
	{{{144, 21, 106}, 0, {-260, 495}, {0x50, 0x38, 0x51, 0xFF}}},
	{{{127, -37, 93}, 0, {-260, 495}, {0xF3, 0xBB, 0x6A, 0xFF}}},
	{{{125, -64, 49}, 0, {-260, 495}, {0xEA, 0x86, 0x1D, 0xFF}}},
	{{{125, -64, -49}, 0, {-260, 495}, {0xEA, 0x86, 0xE3, 0xFF}}},
	{{{115, 15, -24}, 0, {-260, 495}, {0x39, 0x28, 0x96, 0x00}}},
	{{{111, -20, -23}, 0, {-260, 495}, {0x92, 0x2D, 0x2D, 0x00}}},
	{{{100, 23, -37}, 0, {-260, 495}, {0x9A, 0x3B, 0x31, 0x00}}},
	{{{121, -18, -15}, 0, {-260, 495}, {0x1F, 0x97, 0xC0, 0x00}}},
	{{{155, -16, -15}, 0, {-260, 495}, {0x9B, 0x44, 0xDB, 0x00}}},
	{{{152, 12, -24}, 0, {-260, 495}, {0x9D, 0x47, 0xDC, 0x00}}},
	{{{150, 30, 0}, 0, {-260, 495}, {0x9D, 0x47, 0xDD, 0x00}}},
	{{{112, 35, 0}, 0, {-260, 495}, {0x3F, 0x6F, 0x00, 0x00}}},
	{{{90, 53, 0}, 0, {-260, 495}, {0xA2, 0x3B, 0x3D, 0x00}}},
	{{{115, 15, 24}, 0, {-260, 495}, {0x38, 0x29, 0x6A, 0x00}}},
	{{{152, 12, 24}, 0, {-260, 495}, {0x93, 0x3A, 0xE3, 0x00}}},
	{{{121, -18, 15}, 0, {-260, 495}, {0x1F, 0x97, 0x40, 0x00}}},
	{{{100, 23, 37}, 0, {-260, 495}, {0xA4, 0x38, 0x43, 0x00}}},
	{{{111, -20, 23}, 0, {-260, 495}, {0xA6, 0x34, 0x48, 0x00}}},
	{{{155, -16, 15}, 0, {-260, 495}, {0x9B, 0x45, 0xDC, 0x00}}},
	{{{171, 4, 0}, 0, {-260, 495}, {0x9E, 0x47, 0xDA, 0x00}}},
};

Gfx squishy_Switch_optionnnn_please_work_Torso_mesh_layer_1_tri_0[] = {
	gsSPVertex(squishy_Switch_optionnnn_please_work_Torso_mesh_layer_1_vtx_0 + 0, 64, 0),
	gsSP2Triangles(0, 1, 2, 0, 3, 1, 0, 0),
	gsSP2Triangles(0, 4, 3, 0, 5, 4, 0, 0),
	gsSP2Triangles(6, 5, 0, 0, 6, 0, 7, 0),
	gsSP2Triangles(7, 0, 2, 0, 8, 7, 2, 0),
	gsSP2Triangles(8, 9, 7, 0, 8, 10, 9, 0),
	gsSP2Triangles(11, 9, 10, 0, 12, 11, 10, 0),
	gsSP2Triangles(12, 10, 13, 0, 12, 13, 14, 0),
	gsSP2Triangles(14, 13, 15, 0, 13, 16, 15, 0),
	gsSP2Triangles(17, 16, 13, 0, 17, 18, 16, 0),
	gsSP2Triangles(17, 19, 18, 0, 18, 19, 20, 0),
	gsSP2Triangles(20, 19, 1, 0, 3, 20, 1, 0),
	gsSP2Triangles(20, 3, 21, 0, 21, 3, 22, 0),
	gsSP2Triangles(4, 22, 3, 0, 4, 23, 22, 0),
	gsSP2Triangles(5, 23, 4, 0, 24, 23, 5, 0),
	gsSP2Triangles(25, 24, 5, 0, 6, 25, 5, 0),
	gsSP2Triangles(25, 6, 26, 0, 6, 7, 26, 0),
	gsSP2Triangles(9, 26, 7, 0, 26, 9, 27, 0),
	gsSP2Triangles(9, 11, 27, 0, 28, 27, 11, 0),
	gsSP2Triangles(29, 28, 11, 0, 29, 11, 12, 0),
	gsSP2Triangles(29, 12, 14, 0, 29, 14, 30, 0),
	gsSP2Triangles(30, 14, 15, 0, 30, 15, 31, 0),
	gsSP2Triangles(32, 31, 15, 0, 16, 32, 15, 0),
	gsSP2Triangles(33, 32, 16, 0, 16, 18, 33, 0),
	gsSP2Triangles(34, 33, 18, 0, 34, 18, 20, 0),
	gsSP2Triangles(34, 20, 35, 0, 20, 21, 35, 0),
	gsSP2Triangles(35, 21, 36, 0, 21, 22, 36, 0),
	gsSP2Triangles(22, 37, 36, 0, 38, 37, 22, 0),
	gsSP2Triangles(38, 22, 39, 0, 22, 23, 39, 0),
	gsSP2Triangles(39, 23, 40, 0, 40, 23, 24, 0),
	gsSP2Triangles(41, 40, 24, 0, 41, 24, 25, 0),
	gsSP2Triangles(41, 25, 26, 0, 41, 26, 27, 0),
	gsSP2Triangles(42, 41, 27, 0, 43, 42, 27, 0),
	gsSP2Triangles(28, 43, 27, 0, 44, 43, 28, 0),
	gsSP2Triangles(44, 28, 29, 0, 44, 29, 30, 0),
	gsSP2Triangles(44, 30, 45, 0, 45, 30, 31, 0),
	gsSP2Triangles(45, 31, 46, 0, 32, 46, 31, 0),
	gsSP2Triangles(46, 32, 47, 0, 47, 32, 48, 0),
	gsSP2Triangles(48, 32, 33, 0, 48, 33, 49, 0),
	gsSP2Triangles(49, 33, 34, 0, 49, 34, 35, 0),
	gsSP2Triangles(50, 49, 35, 0, 50, 35, 36, 0),
	gsSP2Triangles(51, 50, 36, 0, 37, 51, 36, 0),
	gsSP2Triangles(52, 51, 37, 0, 52, 37, 38, 0),
	gsSP2Triangles(52, 38, 53, 0, 53, 38, 39, 0),
	gsSP2Triangles(53, 39, 40, 0, 53, 40, 41, 0),
	gsSP2Triangles(53, 41, 54, 0, 41, 42, 54, 0),
	gsSP2Triangles(54, 42, 55, 0, 42, 43, 55, 0),
	gsSP2Triangles(43, 56, 55, 0, 43, 44, 56, 0),
	gsSP2Triangles(44, 57, 56, 0, 44, 45, 57, 0),
	gsSP2Triangles(45, 58, 57, 0, 45, 46, 58, 0),
	gsSP2Triangles(46, 47, 58, 0, 47, 59, 58, 0),
	gsSP2Triangles(47, 48, 59, 0, 48, 52, 59, 0),
	gsSP2Triangles(52, 48, 51, 0, 48, 50, 51, 0),
	gsSP2Triangles(48, 49, 50, 0, 52, 54, 59, 0),
	gsSP2Triangles(52, 53, 54, 0, 59, 54, 60, 0),
	gsSP2Triangles(54, 55, 60, 0, 55, 56, 60, 0),
	gsSP2Triangles(56, 57, 60, 0, 57, 58, 60, 0),
	gsSP2Triangles(58, 59, 60, 0, 61, 62, 63, 0),
	gsSPVertex(squishy_Switch_optionnnn_please_work_Torso_mesh_layer_1_vtx_0 + 64, 46, 0),
	gsSP2Triangles(0, 1, 2, 0, 0, 3, 1, 0),
	gsSP2Triangles(0, 4, 3, 0, 4, 5, 3, 0),
	gsSP2Triangles(5, 4, 6, 0, 4, 7, 6, 0),
	gsSP2Triangles(4, 8, 7, 0, 9, 8, 4, 0),
	gsSP2Triangles(9, 10, 8, 0, 9, 11, 10, 0),
	gsSP2Triangles(9, 12, 11, 0, 12, 13, 11, 0),
	gsSP2Triangles(11, 13, 14, 0, 14, 13, 15, 0),
	gsSP2Triangles(13, 16, 15, 0, 13, 17, 16, 0),
	gsSP2Triangles(17, 18, 16, 0, 2, 18, 17, 0),
	gsSP2Triangles(19, 2, 17, 0, 2, 20, 18, 0),
	gsSP2Triangles(2, 1, 20, 0, 1, 21, 20, 0),
	gsSP2Triangles(1, 22, 21, 0, 3, 22, 1, 0),
	gsSP2Triangles(3, 5, 22, 0, 22, 5, 6, 0),
	gsSP2Triangles(21, 22, 6, 0, 23, 21, 6, 0),
	gsSP2Triangles(24, 23, 6, 0, 6, 25, 24, 0),
	gsSP2Triangles(26, 25, 6, 0, 7, 26, 6, 0),
	gsSP2Triangles(8, 26, 7, 0, 8, 10, 26, 0),
	gsSP2Triangles(10, 25, 26, 0, 10, 27, 25, 0),
	gsSP2Triangles(11, 27, 10, 0, 11, 14, 27, 0),
	gsSP2Triangles(27, 14, 15, 0, 27, 15, 28, 0),
	gsSP2Triangles(15, 29, 28, 0, 15, 16, 29, 0),
	gsSP2Triangles(18, 29, 16, 0, 18, 20, 29, 0),
	gsSP2Triangles(20, 23, 29, 0, 20, 21, 23, 0),
	gsSP2Triangles(28, 29, 23, 0, 28, 23, 24, 0),
	gsSP2Triangles(25, 28, 24, 0, 25, 27, 28, 0),
	gsSP2Triangles(30, 31, 32, 0, 30, 33, 31, 0),
	gsSP2Triangles(30, 34, 33, 0, 30, 35, 34, 0),
	gsSP2Triangles(36, 35, 30, 0, 37, 36, 30, 0),
	gsSP2Triangles(37, 30, 38, 0, 30, 32, 38, 0),
	gsSP2Triangles(39, 37, 38, 0, 37, 39, 36, 0),
	gsSP2Triangles(39, 40, 36, 0, 39, 41, 40, 0),
	gsSP2Triangles(41, 39, 42, 0, 42, 39, 38, 0),
	gsSP2Triangles(41, 42, 43, 0, 33, 41, 43, 0),
	gsSP2Triangles(33, 43, 31, 0, 33, 44, 41, 0),
	gsSP2Triangles(33, 34, 44, 0, 44, 34, 45, 0),
	gsSP2Triangles(34, 35, 45, 0, 35, 36, 45, 0),
	gsSP2Triangles(36, 40, 45, 0, 40, 44, 45, 0),
	gsSP1Triangle(41, 44, 40, 0),
	gsSPEndDisplayList(),
};

Vtx squishy_Switch_optionnnn_please_work_Head_DL_mesh_layer_1_vtx_0[378] = {
	{{{121, 38, 80}, 0, {-260, -529}, {0x29, 0x23, 0x73, 0xFF}}},
	{{{69, 28, 102}, 0, {-260, 495}, {0x2B, 0x18, 0x75, 0xFF}}},
	{{{118, 16, 88}, 0, {-260, 495}, {0x23, 0x17, 0x78, 0xFF}}},
	{{{98, -25, 97}, 0, {1472, -529}, {0x27, 0x0D, 0x78, 0xFF}}},
	{{{58, -16, 113}, 0, {1306, 495}, {0x30, 0xF2, 0x75, 0xFF}}},
	{{{43, 21, 113}, 0, {-61, 495}, {0x0A, 0x1F, 0x7B, 0xFF}}},
	{{{60, 37, 102}, 0, {-260, 495}, {0x2A, 0x2D, 0x6F, 0xFF}}},
	{{{39, 47, 106}, 0, {-260, 495}, {0xFD, 0x28, 0x78, 0xFF}}},
	{{{54, 60, 92}, 0, {-260, 495}, {0x2D, 0x3A, 0x67, 0xFF}}},
	{{{20, 19, 105}, 0, {-260, 495}, {0xD5, 0x49, 0x5F, 0xFF}}},
	{{{1, 72, 86}, 0, {-260, 495}, {0xD4, 0x1A, 0x74, 0xFF}}},
	{{{5, 6, 117}, 0, {-186, 495}, {0xF7, 0x34, 0x74, 0xFF}}},
	{{{118, 16, 88}, 0, {-260, 495}, {0x1D, 0xD3, 0x8D, 0xFF}}},
	{{{61, -10, 84}, 0, {-260, 495}, {0xC2, 0x32, 0x9D, 0xFF}}},
	{{{121, 38, 80}, 0, {-260, -529}, {0xFA, 0xFF, 0x81, 0xFF}}},
	{{{69, 28, 102}, 0, {-260, 495}, {0x00, 0x38, 0x8E, 0xFF}}},
	{{{60, 37, 102}, 0, {-260, 495}, {0x6E, 0x19, 0xC5, 0xFF}}},
	{{{54, 60, 92}, 0, {-260, 495}, {0xDF, 0x0B, 0x86, 0xFF}}},
	{{{39, 47, 106}, 0, {-260, 495}, {0x0F, 0x33, 0x8D, 0xFF}}},
	{{{1, 72, 86}, 0, {-260, 495}, {0x0E, 0x0E, 0x83, 0xFF}}},
	{{{20, 19, 105}, 0, {-260, 495}, {0xB4, 0xD3, 0xA4, 0xFF}}},
	{{{39, -19, 104}, 0, {-260, 495}, {0x83, 0x05, 0xEA, 0xFF}}},
	{{{67, -42, 0}, 0, {-260, 495}, {0xB7, 0x68, 0x00, 0xFF}}},
	{{{35, -45, 113}, 0, {1780, 495}, {0xA9, 0x5B, 0xEF, 0xFF}}},
	{{{11, -69, 0}, 0, {-260, 495}, {0xDA, 0x79, 0x00, 0xFF}}},
	{{{35, -45, -113}, 0, {1780, 495}, {0xA9, 0x5B, 0x11, 0xFF}}},
	{{{39, -19, -104}, 0, {-260, 495}, {0x83, 0x05, 0x16, 0xFF}}},
	{{{61, -10, -84}, 0, {-260, 495}, {0xC2, 0x32, 0x63, 0xFF}}},
	{{{20, 19, -105}, 0, {-260, 495}, {0xB4, 0xD3, 0x5C, 0xFF}}},
	{{{1, 72, -86}, 0, {-260, 495}, {0x0E, 0x0E, 0x7E, 0xFF}}},
	{{{39, 47, -106}, 0, {-260, 495}, {0x0F, 0x33, 0x73, 0xFF}}},
	{{{54, 60, -92}, 0, {-260, 495}, {0xDF, 0x0B, 0x7A, 0xFF}}},
	{{{60, 37, -102}, 0, {-260, 495}, {0x6E, 0x19, 0x3B, 0xFF}}},
	{{{69, 28, -102}, 0, {-260, 495}, {0x00, 0x38, 0x72, 0xFF}}},
	{{{121, 38, -80}, 0, {-260, -529}, {0xFA, 0xFF, 0x7F, 0xFF}}},
	{{{118, 16, -88}, 0, {-260, 495}, {0x1D, 0xD3, 0x73, 0xFF}}},
	{{{5, 6, -117}, 0, {-186, 495}, {0xB5, 0xCA, 0x57, 0xFF}}},
	{{{58, -16, -113}, 0, {1306, 495}, {0xCA, 0x4D, 0xAB, 0xFF}}},
	{{{34, -24, -135}, 0, {1547, 495}, {0x98, 0x49, 0x05, 0xFF}}},
	{{{5, 6, 117}, 0, {-186, 495}, {0xB5, 0xCA, 0xA9, 0xFF}}},
	{{{58, -16, 113}, 0, {1306, 495}, {0xCA, 0x4D, 0x55, 0xFF}}},
	{{{34, -24, 135}, 0, {1547, 495}, {0x98, 0x49, 0xFB, 0xFF}}},
	{{{97, -117, 0}, 0, {1788, -529}, {0x1C, 0x84, 0x02, 0xFF}}},
	{{{66, -118, -1}, 0, {1788, 495}, {0x04, 0x85, 0x1F, 0xFF}}},
	{{{-8, -135, -60}, 0, {1788, -17}, {0x24, 0x8E, 0xD4, 0xFF}}},
	{{{94, -87, -82}, 0, {1788, -529}, {0x2D, 0x9A, 0xC3, 0xFF}}},
	{{{45, -96, -87}, 0, {1788, 495}, {0x11, 0x9C, 0xB3, 0xFF}}},
	{{{93, -78, -142}, 0, {1729, -65}, {0x32, 0xDA, 0x92, 0xFF}}},
	{{{35, -45, -113}, 0, {1780, 495}, {0x35, 0xEB, 0x8F, 0xFF}}},
	{{{2, -68, -172}, 0, {1788, 495}, {0x0B, 0x9F, 0xAF, 0xFF}}},
	{{{-17, -97, -113}, 0, {1788, 495}, {0x11, 0x91, 0xC5, 0xFF}}},
	{{{-38, -112, -69}, 0, {1788, 495}, {0x0C, 0x91, 0xC4, 0xFF}}},
	{{{-79, -184, -16}, 0, {1788, 495}, {0x28, 0x87, 0x00, 0xFF}}},
	{{{66, -118, -1}, 0, {1788, 495}, {0x2F, 0x8D, 0x1A, 0xFF}}},
	{{{-8, -135, -60}, 0, {1788, -17}, {0xC7, 0x6A, 0x29, 0xFF}}},
	{{{-44, -114, 59}, 0, {1788, 495}, {0x24, 0x9F, 0x4A, 0xFF}}},
	{{{66, -118, -1}, 0, {1788, 495}, {0x05, 0x81, 0xFF, 0xFF}}},
	{{{34, -120, 38}, 0, {1788, -17}, {0x1A, 0x8A, 0x26, 0xFF}}},
	{{{94, -87, 82}, 0, {1788, -529}, {0x2A, 0x98, 0x3C, 0xFF}}},
	{{{146, -91, 59}, 0, {1788, -529}, {0x14, 0x88, 0x26, 0xFF}}},
	{{{160, -96, 0}, 0, {1788, -529}, {0x27, 0x87, 0x00, 0xFF}}},
	{{{146, -91, -59}, 0, {1788, -529}, {0x14, 0x88, 0xDA, 0xFF}}},
	{{{136, -81, -84}, 0, {1788, -529}, {0x06, 0xAA, 0xA2, 0xFF}}},
	{{{129, -34, -95}, 0, {1555, -529}, {0x05, 0xF4, 0x82, 0xFF}}},
	{{{98, -25, -97}, 0, {1472, -529}, {0x27, 0x0D, 0x88, 0xFF}}},
	{{{129, -34, -95}, 0, {1555, -529}, {0x05, 0xF4, 0x82, 0xFF}}},
	{{{94, -87, -82}, 0, {1788, -529}, {0x2D, 0x9A, 0xC3, 0xFF}}},
	{{{93, -78, -142}, 0, {1729, -65}, {0x32, 0xDA, 0x92, 0xFF}}},
	{{{35, -45, -113}, 0, {1780, 495}, {0x35, 0xEB, 0x8F, 0xFF}}},
	{{{58, -16, -113}, 0, {1306, 495}, {0x30, 0xF2, 0x8B, 0xFF}}},
	{{{34, -24, -135}, 0, {1547, 495}, {0x54, 0xBD, 0xBC, 0xFF}}},
	{{{69, 28, -102}, 0, {-260, 495}, {0x2B, 0x18, 0x8B, 0xFF}}},
	{{{43, 21, -113}, 0, {-61, 495}, {0x0A, 0x1F, 0x85, 0xFF}}},
	{{{5, 6, -117}, 0, {-186, 495}, {0xF7, 0x34, 0x8C, 0xFF}}},
	{{{20, 19, -105}, 0, {-260, 495}, {0xD5, 0x49, 0xA1, 0xFF}}},
	{{{39, 47, -106}, 0, {-260, 495}, {0xFD, 0x28, 0x88, 0xFF}}},
	{{{1, 72, -86}, 0, {-260, 495}, {0xD4, 0x1A, 0x8C, 0xFF}}},
	{{{60, 37, -102}, 0, {-260, 495}, {0x2A, 0x2D, 0x91, 0xFF}}},
	{{{54, 60, -92}, 0, {-260, 495}, {0x2D, 0x3A, 0x99, 0xFF}}},
	{{{-65, -96, 130}, 0, {1788, 495}, {0x1A, 0xA6, 0x55, 0xFF}}},
	{{{-17, -97, 113}, 0, {1788, 495}, {0x13, 0x91, 0x3A, 0xFF}}},
	{{{-41, -80, 145}, 0, {1788, 495}, {0x15, 0x99, 0x47, 0xFF}}},
	{{{-90, -130, 107}, 0, {1788, 495}, {0x2D, 0x93, 0x30, 0xFF}}},
	{{{-44, -114, 59}, 0, {1788, 495}, {0x26, 0x88, 0x11, 0xFF}}},
	{{{45, -96, 87}, 0, {1788, 495}, {0x14, 0x91, 0x3B, 0xFF}}},
	{{{2, -68, 172}, 0, {1788, 495}, {0x0B, 0x9F, 0x51, 0xFF}}},
	{{{35, -45, 113}, 0, {1780, 495}, {0x35, 0xEB, 0x71, 0xFF}}},
	{{{93, -78, 142}, 0, {1729, -65}, {0x32, 0xDA, 0x6E, 0xFF}}},
	{{{94, -87, 82}, 0, {1788, -529}, {0x2A, 0x98, 0x3C, 0xFF}}},
	{{{34, -120, 38}, 0, {1788, -17}, {0x1A, 0x8A, 0x26, 0xFF}}},
	{{{98, -25, 97}, 0, {1472, -529}, {0x27, 0x0D, 0x78, 0xFF}}},
	{{{129, -34, 95}, 0, {1555, -529}, {0x05, 0xF4, 0x7E, 0xFF}}},
	{{{136, -81, 84}, 0, {1788, -529}, {0x06, 0xAA, 0x5E, 0xFF}}},
	{{{146, -91, 59}, 0, {1788, -529}, {0x14, 0x88, 0x26, 0xFF}}},
	{{{118, 16, 88}, 0, {-260, 495}, {0x23, 0x17, 0x78, 0xFF}}},
	{{{58, -16, 113}, 0, {1306, 495}, {0x30, 0xF2, 0x75, 0xFF}}},
	{{{34, -24, 135}, 0, {1547, 495}, {0x54, 0xBD, 0x44, 0xFF}}},
	{{{-51, -51, 123}, 0, {1788, 495}, {0xBE, 0x62, 0x2D, 0xFF}}},
	{{{-41, -80, 145}, 0, {1788, 495}, {0x14, 0x4F, 0x61, 0xFF}}},
	{{{-65, -96, 130}, 0, {1788, 495}, {0xEC, 0x78, 0x26, 0xFF}}},
	{{{-70, -82, 63}, 0, {-260, 495}, {0xEA, 0x7C, 0xEE, 0xFF}}},
	{{{35, -45, 113}, 0, {1780, 495}, {0xA9, 0x5B, 0xEF, 0xFF}}},
	{{{2, -68, 172}, 0, {1788, 495}, {0xFE, 0x77, 0x2C, 0xFF}}},
	{{{11, -69, 0}, 0, {-260, 495}, {0xDA, 0x79, 0x00, 0xFF}}},
	{{{-68, -81, 0}, 0, {-260, 495}, {0xDF, 0x7B, 0x00, 0xFF}}},
	{{{-70, -82, -63}, 0, {-260, 495}, {0xEA, 0x7C, 0x12, 0xFF}}},
	{{{35, -45, -113}, 0, {1780, 495}, {0xA9, 0x5B, 0x11, 0xFF}}},
	{{{-51, -51, -123}, 0, {1788, 495}, {0xBE, 0x62, 0xD3, 0xFF}}},
	{{{2, -68, -172}, 0, {1788, 495}, {0xFE, 0x77, 0xD4, 0xFF}}},
	{{{-65, -96, -130}, 0, {1788, 495}, {0xEC, 0x78, 0xDA, 0xFF}}},
	{{{-121, -57, -121}, 0, {-260, 495}, {0xD8, 0x78, 0xFF, 0xFF}}},
	{{{-97, -63, -193}, 0, {1788, 495}, {0xF6, 0x7E, 0xF3, 0xFF}}},
	{{{-145, -110, -139}, 0, {1788, 495}, {0xE8, 0x7C, 0xF2, 0xFF}}},
	{{{-147, -112, 0}, 0, {1788, 495}, {0xD6, 0x78, 0x00, 0xFF}}},
	{{{-190, -70, -136}, 0, {-260, 495}, {0xE6, 0x7B, 0xF0, 0xFF}}},
	{{{-182, -76, -178}, 0, {1788, 495}, {0xFD, 0x7D, 0xEC, 0xFF}}},
	{{{-211, -122, -127}, 0, {1788, 495}, {0xA1, 0x3C, 0xC4, 0xFF}}},
	{{{-230, -97, -78}, 0, {-260, 495}, {0xB4, 0x63, 0x19, 0xFF}}},
	{{{-264, -128, -105}, 0, {1788, 495}, {0xAB, 0x5F, 0xFD, 0xFF}}},
	{{{-216, -170, 0}, 0, {1788, 495}, {0xA4, 0x58, 0x00, 0xFF}}},
	{{{-230, -97, 78}, 0, {-260, 495}, {0xB4, 0x63, 0xE7, 0xFF}}},
	{{{-264, -128, 105}, 0, {1788, 495}, {0xAB, 0x5F, 0x03, 0xFF}}},
	{{{-211, -122, 127}, 0, {1788, 495}, {0xA1, 0x3C, 0x3C, 0xFF}}},
	{{{-190, -70, 136}, 0, {-260, 495}, {0xE6, 0x7B, 0x10, 0xFF}}},
	{{{-182, -76, 178}, 0, {1788, 495}, {0xFD, 0x7D, 0x14, 0xFF}}},
	{{{-145, -110, 139}, 0, {1788, 495}, {0xE8, 0x7C, 0x0E, 0xFF}}},
	{{{-121, -57, 121}, 0, {-260, 495}, {0xD8, 0x78, 0x01, 0xFF}}},
	{{{-97, -63, 193}, 0, {1788, 495}, {0xF6, 0x7E, 0x0D, 0xFF}}},
	{{{-65, -96, 130}, 0, {1788, 495}, {0xFD, 0x8A, 0x2F, 0xFF}}},
	{{{-44, -114, 59}, 0, {1788, 495}, {0x02, 0x85, 0x21, 0xFF}}},
	{{{-90, -130, 107}, 0, {1788, 495}, {0xB0, 0x57, 0xD2, 0xFF}}},
	{{{-145, -110, 139}, 0, {1788, 495}, {0x2A, 0x9C, 0x42, 0xFF}}},
	{{{-97, -63, 193}, 0, {1788, 495}, {0x1B, 0x98, 0x44, 0xFF}}},
	{{{-178, -143, 123}, 0, {1788, 495}, {0x32, 0x9B, 0x3A, 0xFF}}},
	{{{-148, -142, 84}, 0, {1788, 495}, {0x01, 0x87, 0x26, 0xFF}}},
	{{{-93, -138, 44}, 0, {1788, 495}, {0x23, 0x8C, 0x26, 0xFF}}},
	{{{-216, -170, 0}, 0, {1788, 495}, {0x08, 0x81, 0x01, 0xFF}}},
	{{{-145, -110, 139}, 0, {1788, 495}, {0xDE, 0x9A, 0x44, 0xFF}}},
	{{{-178, -143, 123}, 0, {1788, 495}, {0xBB, 0x5D, 0xCD, 0xFF}}},
	{{{-211, -122, 127}, 0, {1788, 495}, {0x05, 0x8D, 0x36, 0xFF}}},
	{{{-264, -128, 105}, 0, {1788, 495}, {0xFA, 0x89, 0x2D, 0xFF}}},
	{{{-182, -76, 178}, 0, {1788, 495}, {0x01, 0xA1, 0x54, 0xFF}}},
	{{{-132, -152, -62}, 0, {1788, 495}, {0xC3, 0x95, 0xE2, 0xFF}}},
	{{{-172, -186, -5}, 0, {1788, 495}, {0xB9, 0x68, 0x0C, 0xFF}}},
	{{{-264, -128, -105}, 0, {1788, 495}, {0xFA, 0x89, 0xD3, 0xFF}}},
	{{{-211, -122, -127}, 0, {1788, 495}, {0x05, 0x8D, 0xCA, 0xFF}}},
	{{{-145, -110, -139}, 0, {1788, 495}, {0xF0, 0x93, 0xC0, 0xFF}}},
	{{{-182, -76, -178}, 0, {1788, 495}, {0x01, 0xA1, 0xAC, 0xFF}}},
	{{{-132, -152, -62}, 0, {1788, 495}, {0xC3, 0x95, 0xE2, 0xFF}}},
	{{{-150, -153, -99}, 0, {1788, 495}, {0x99, 0x39, 0x30, 0xFF}}},
	{{{121, 38, -80}, 0, {-260, -529}, {0x29, 0x23, 0x8D, 0xFF}}},
	{{{118, 16, -88}, 0, {-260, 495}, {0x23, 0x17, 0x88, 0xFF}}},
	{{{69, 28, -102}, 0, {-260, 495}, {0x2B, 0x18, 0x8B, 0xFF}}},
	{{{98, -25, -97}, 0, {1472, -529}, {0x27, 0x0D, 0x88, 0xFF}}},
	{{{129, -34, -95}, 0, {1555, -529}, {0x05, 0xF4, 0x82, 0xFF}}},
	{{{-65, -96, -130}, 0, {1788, 495}, {0x19, 0xA2, 0xAE, 0xFF}}},
	{{{-41, -80, -145}, 0, {1788, 495}, {0x15, 0x99, 0xB9, 0xFF}}},
	{{{-17, -97, -113}, 0, {1788, 495}, {0x11, 0x91, 0xC5, 0xFF}}},
	{{{-93, -122, -111}, 0, {1788, 495}, {0x22, 0x94, 0xC7, 0xFF}}},
	{{{-54, -114, -87}, 0, {1788, 495}, {0x27, 0x8A, 0xE5, 0xFF}}},
	{{{-38, -112, -69}, 0, {1788, 495}, {0x0C, 0x91, 0xC4, 0xFF}}},
	{{{-132, -152, -62}, 0, {1788, 495}, {0x31, 0x8E, 0xE5, 0xFF}}},
	{{{-102, -156, -3}, 0, {1788, 495}, {0x37, 0x8E, 0x02, 0xFF}}},
	{{{-79, -184, -16}, 0, {1788, 495}, {0x90, 0x3C, 0xFC, 0xFF}}},
	{{{-172, -186, -5}, 0, {1788, 495}, {0x32, 0x8C, 0xF6, 0xFF}}},
	{{{-51, -51, -123}, 0, {1788, 495}, {0xBE, 0x62, 0xD3, 0xFF}}},
	{{{2, -68, -172}, 0, {1788, 495}, {0x0B, 0x9F, 0xAF, 0xFF}}},
	{{{-41, -80, -145}, 0, {1788, 495}, {0x14, 0x4F, 0x9F, 0xFF}}},
	{{{-65, -96, -130}, 0, {1788, 495}, {0xEC, 0x78, 0xDA, 0xFF}}},
	{{{-145, -110, -139}, 0, {1788, 495}, {0x24, 0x9F, 0xB6, 0xFF}}},
	{{{-97, -63, -193}, 0, {1788, 495}, {0x1B, 0x98, 0xBC, 0xFF}}},
	{{{-65, -96, -130}, 0, {1788, 495}, {0x0A, 0x90, 0xC4, 0xFF}}},
	{{{-93, -122, -111}, 0, {1788, 495}, {0xC8, 0x63, 0x39, 0xFF}}},
	{{{-150, -153, -99}, 0, {1788, 495}, {0x31, 0x9A, 0xC5, 0xFF}}},
	{{{45, -96, 87}, 0, {1788, 495}, {0x1A, 0x89, 0x24, 0xFF}}},
	{{{66, -118, -1}, 0, {1788, 495}, {0x0A, 0x86, 0x21, 0xFF}}},
	{{{34, -120, 38}, 0, {1788, -17}, {0xCB, 0x6D, 0xD8, 0xFF}}},
	{{{-55, -134, 61}, 0, {1788, 495}, {0x23, 0x8C, 0x25, 0xFF}}},
	{{{45, -96, 87}, 0, {1788, 495}, {0xD5, 0x24, 0x72, 0xFF}}},
	{{{-44, -114, 59}, 0, {1788, 495}, {0x92, 0x3E, 0x0D, 0xFF}}},
	{{{-55, -134, 61}, 0, {1788, 495}, {0x91, 0x3A, 0xEA, 0xFF}}},
	{{{66, -118, -1}, 0, {1788, 495}, {0xC5, 0x14, 0x92, 0xFF}}},
	{{{99, -126, -69}, 0, {-260, -529}, {0x9D, 0xB0, 0xF7, 0xFF}}},
	{{{99, -119, -104}, 0, {-260, -529}, {0xED, 0xCE, 0x8D, 0xFF}}},
	{{{118, -149, -69}, 0, {-260, 495}, {0xE0, 0x8A, 0xDE, 0xFF}}},
	{{{126, -122, -104}, 0, {-260, -529}, {0x1E, 0xD6, 0x8C, 0xFF}}},
	{{{142, -59, -91}, 0, {-260, -529}, {0x37, 0x08, 0x8E, 0xFF}}},
	{{{100, -12, -100}, 0, {-260, 34}, {0x1E, 0x03, 0x85, 0xFF}}},
	{{{163, -137, -71}, 0, {-260, -529}, {0x5B, 0xB8, 0xCC, 0xFF}}},
	{{{175, -84, -46}, 0, {-260, -529}, {0x7A, 0xF2, 0xE1, 0xFF}}},
	{{{174, -84, 47}, 0, {-260, -529}, {0x7A, 0xF4, 0x21, 0xFF}}},
	{{{163, -137, 71}, 0, {-260, -529}, {0x5B, 0xB8, 0x33, 0xFF}}},
	{{{174, -84, 47}, 0, {-260, -529}, {0x7A, 0xF4, 0x21, 0xFF}}},
	{{{142, -59, 91}, 0, {-260, -529}, {0x37, 0x08, 0x72, 0xFF}}},
	{{{163, -137, 71}, 0, {-260, -529}, {0x5B, 0xB8, 0x33, 0xFF}}},
	{{{126, -122, 104}, 0, {-260, -529}, {0x1E, 0xD6, 0x74, 0xFF}}},
	{{{99, -119, 104}, 0, {-260, -529}, {0xED, 0xCE, 0x73, 0xFF}}},
	{{{100, -12, 100}, 0, {-260, 34}, {0x1E, 0x03, 0x7B, 0xFF}}},
	{{{118, -149, 69}, 0, {-260, 495}, {0xE0, 0x8A, 0x22, 0xFF}}},
	{{{99, -126, 69}, 0, {-260, -529}, {0x9D, 0xB0, 0x09, 0xFF}}},
	{{{99, -126, -69}, 0, {-260, -529}, {0x81, 0x01, 0x01, 0xFF}}},
	{{{100, -12, -100}, 0, {-260, 34}, {0x81, 0x08, 0x00, 0xFF}}},
	{{{99, -119, -104}, 0, {-260, -529}, {0x81, 0x01, 0x02, 0xFF}}},
	{{{100, -12, 100}, 0, {-260, 34}, {0x81, 0x08, 0x00, 0xFF}}},
	{{{99, -126, 69}, 0, {-260, -529}, {0x81, 0x01, 0xFF, 0xFF}}},
	{{{99, -119, 104}, 0, {-260, -529}, {0x81, 0x01, 0xFE, 0xFF}}},
	{{{109, 68, 104}, 0, {-260, 495}, {0x81, 0x05, 0xFB, 0xFF}}},
	{{{109, 68, -104}, 0, {-260, 495}, {0x81, 0x05, 0x05, 0xFF}}},
	{{{183, -82, -58}, 0, {-260, -529}, {0x54, 0xC0, 0xB9, 0xFF}}},
	{{{175, -84, -46}, 0, {-260, -529}, {0x11, 0x83, 0xF2, 0xFF}}},
	{{{142, -59, -91}, 0, {-260, -529}, {0x41, 0xDB, 0x99, 0xFF}}},
	{{{183, -70, -45}, 0, {-260, -529}, {0x7C, 0x12, 0xE9, 0xFF}}},
	{{{183, -81, 56}, 0, {-260, -529}, {0x59, 0xC3, 0x43, 0xFF}}},
	{{{183, -70, 45}, 0, {-260, -529}, {0x7C, 0x12, 0x17, 0xFF}}},
	{{{142, -59, 91}, 0, {-260, -529}, {0x43, 0xDB, 0x65, 0xFF}}},
	{{{174, -84, 47}, 0, {-260, -529}, {0x12, 0x84, 0x14, 0xFF}}},
	{{{175, -84, -46}, 0, {-260, -529}, {0x11, 0x83, 0xF2, 0xFF}}},
	{{{106, 168, -121}, 0, {-260, 495}, {0x81, 0x05, 0x09, 0xFF}}},
	{{{104, 119, -122}, 0, {-260, -260}, {0x82, 0xFD, 0x0C, 0xFF}}},
	{{{114, 172, 0}, 0, {318, 495}, {0x81, 0x00, 0x00, 0xFF}}},
	{{{109, 68, 104}, 0, {-260, -456}, {0x81, 0x05, 0xFB, 0xFF}}},
	{{{104, 119, 122}, 0, {-260, -260}, {0x82, 0xFD, 0xF4, 0xFF}}},
	{{{106, 168, 121}, 0, {-260, 495}, {0x81, 0x05, 0xF7, 0xFF}}},
	{{{219, -47, -49}, 0, {-260, -529}, {0x5F, 0xB0, 0xE8, 0xFF}}},
	{{{183, -70, 45}, 0, {-260, -529}, {0x36, 0x90, 0x17, 0xFF}}},
	{{{183, -70, -45}, 0, {-260, -529}, {0x36, 0x90, 0xE9, 0xFF}}},
	{{{219, -47, 49}, 0, {-260, -529}, {0x5F, 0xB0, 0x18, 0xFF}}},
	{{{238, 7, -50}, 0, {-260, -529}, {0x7B, 0xEE, 0xE6, 0xFF}}},
	{{{204, -46, -89}, 0, {-260, -529}, {0x43, 0xB6, 0xB2, 0xFF}}},
	{{{142, -59, -91}, 0, {-260, -529}, {0x04, 0xA3, 0xAA, 0xFF}}},
	{{{140, -41, -105}, 0, {-260, -529}, {0xEC, 0xC4, 0x92, 0xFF}}},
	{{{100, -12, -100}, 0, {-260, 34}, {0xD7, 0xEB, 0x8A, 0xFF}}},
	{{{141, 7, -115}, 0, {-260, -529}, {0xF0, 0xF3, 0x83, 0xFF}}},
	{{{109, 68, -104}, 0, {-260, 495}, {0xDA, 0x37, 0x94, 0xFF}}},
	{{{141, 69, -111}, 0, {-260, -529}, {0xF2, 0x36, 0x8E, 0xFF}}},
	{{{176, 68, -112}, 0, {-260, -529}, {0x1C, 0x3A, 0x93, 0xFF}}},
	{{{141, 93, -85}, 0, {-260, -529}, {0xF0, 0x6E, 0xC3, 0xFF}}},
	{{{109, 68, -104}, 0, {-260, -456}, {0xDA, 0x37, 0x94, 0xFF}}},
	{{{122, 96, -55}, 0, {62, -352}, {0xCF, 0x72, 0xE6, 0xFF}}},
	{{{139, 103, -49}, 0, {-260, -529}, {0xE4, 0x7B, 0xEF, 0xFF}}},
	{{{139, 103, 49}, 0, {-260, -529}, {0xE4, 0x7B, 0x11, 0xFF}}},
	{{{122, 96, 55}, 0, {62, -352}, {0xCF, 0x72, 0x1A, 0xFF}}},
	{{{141, 93, 85}, 0, {-260, -529}, {0xF0, 0x6E, 0x3D, 0xFF}}},
	{{{109, 68, 104}, 0, {-260, -456}, {0xDA, 0x37, 0x6C, 0xFF}}},
	{{{141, 69, 111}, 0, {-260, -529}, {0xF2, 0x36, 0x72, 0xFF}}},
	{{{176, 68, 112}, 0, {-260, -529}, {0x1C, 0x3A, 0x6D, 0xFF}}},
	{{{141, 7, 115}, 0, {-260, -529}, {0xF0, 0xF3, 0x7D, 0xFF}}},
	{{{109, 68, 104}, 0, {-260, 495}, {0xDA, 0x37, 0x6C, 0xFF}}},
	{{{100, -12, 100}, 0, {-260, 34}, {0xD7, 0xEB, 0x76, 0xFF}}},
	{{{140, -41, 105}, 0, {-260, -529}, {0xEC, 0xC4, 0x6E, 0xFF}}},
	{{{142, -59, 91}, 0, {-260, -529}, {0x04, 0xA3, 0x56, 0xFF}}},
	{{{204, -46, 89}, 0, {-260, -529}, {0x43, 0xB6, 0x4F, 0xFF}}},
	{{{238, 7, 50}, 0, {-260, -529}, {0x7B, 0xEE, 0x1A, 0xFF}}},
	{{{235, 65, -50}, 0, {-260, -529}, {0x76, 0x27, 0xE6, 0xFF}}},
	{{{217, 7, -95}, 0, {-260, -529}, {0x5C, 0xF2, 0xAA, 0xFF}}},
	{{{177, 7, -117}, 0, {-260, -529}, {0x1D, 0xF2, 0x85, 0xFF}}},
	{{{216, 65, -92}, 0, {-260, -529}, {0x52, 0x32, 0xAD, 0xFF}}},
	{{{177, 7, -117}, 0, {-260, -529}, {0x1D, 0xF2, 0x85, 0xFF}}},
	{{{176, 68, -112}, 0, {-260, -529}, {0x1C, 0x3A, 0x93, 0xFF}}},
	{{{216, 94, -48}, 0, {-260, -529}, {0x4B, 0x62, 0xE2, 0xFF}}},
	{{{187, 106, -47}, 0, {-260, -529}, {0x18, 0x79, 0xE3, 0xFF}}},
	{{{141, 93, -85}, 0, {-260, -529}, {0xF0, 0x6E, 0xC3, 0xFF}}},
	{{{139, 103, -49}, 0, {-260, -529}, {0xE4, 0x7B, 0xEF, 0xFF}}},
	{{{187, 106, 47}, 0, {-260, -529}, {0x18, 0x79, 0x1D, 0xFF}}},
	{{{139, 103, 49}, 0, {-260, -529}, {0xE4, 0x7B, 0x11, 0xFF}}},
	{{{141, 93, 85}, 0, {-260, -529}, {0xF0, 0x6E, 0x3D, 0xFF}}},
	{{{176, 68, 112}, 0, {-260, -529}, {0x1C, 0x3A, 0x6D, 0xFF}}},
	{{{216, 94, 48}, 0, {-260, -529}, {0x4B, 0x62, 0x1E, 0xFF}}},
	{{{216, 65, 92}, 0, {-260, -529}, {0x52, 0x32, 0x53, 0xFF}}},
	{{{177, 7, 117}, 0, {-260, -529}, {0x1D, 0xF2, 0x7B, 0xFF}}},
	{{{141, 7, 115}, 0, {-260, -529}, {0xF0, 0xF3, 0x7D, 0xFF}}},
	{{{140, -41, 105}, 0, {-260, -529}, {0xEC, 0xC4, 0x6E, 0xFF}}},
	{{{204, -46, 89}, 0, {-260, -529}, {0x43, 0xB6, 0x4F, 0xFF}}},
	{{{217, 7, 95}, 0, {-260, -529}, {0x5C, 0xF2, 0x56, 0xFF}}},
	{{{238, 7, 50}, 0, {-260, -529}, {0x7B, 0xEE, 0x1A, 0xFF}}},
	{{{235, 65, 50}, 0, {-260, -529}, {0x76, 0x27, 0x1A, 0xFF}}},
	{{{235, 65, -50}, 0, {-260, -529}, {0x76, 0x27, 0xE6, 0xFF}}},
	{{{217, 7, -95}, 0, {-260, -529}, {0x5C, 0xF2, 0xAA, 0xFF}}},
	{{{163, -137, -71}, 0, {-260, -529}, {0x5B, 0xB8, 0xCC, 0xFF}}},
	{{{163, -137, 71}, 0, {-260, -529}, {0x5B, 0xB8, 0x33, 0xFF}}},
	{{{118, -153, 0}, 0, {764, -529}, {0xD9, 0x87, 0x00, 0xFF}}},
	{{{118, -149, 69}, 0, {-260, -529}, {0xE0, 0x8A, 0x22, 0xFF}}},
	{{{99, -126, 69}, 0, {-260, -529}, {0x9D, 0xB0, 0x09, 0xFF}}},
	{{{99, -126, -69}, 0, {-260, -529}, {0x9D, 0xB0, 0xF7, 0xFF}}},
	{{{118, -149, -69}, 0, {-260, -529}, {0xE0, 0x8A, 0xDE, 0xFF}}},
	{{{104, 119, -122}, 0, {-260, -260}, {0xD0, 0xE7, 0x8D, 0xFF}}},
	{{{106, 168, -121}, 0, {-260, 495}, {0xAE, 0x41, 0xB7, 0xFF}}},
	{{{150, 191, -145}, 0, {-260, 495}, {0x3B, 0x41, 0xA4, 0xFF}}},
	{{{130, 189, 0}, 0, {377, 495}, {0x40, 0x6E, 0x00, 0xFF}}},
	{{{114, 172, 0}, 0, {318, 495}, {0xB8, 0x68, 0x00, 0xFF}}},
	{{{106, 168, 121}, 0, {-260, 495}, {0xAE, 0x41, 0x49, 0xFF}}},
	{{{150, 191, 145}, 0, {-260, 495}, {0x3B, 0x41, 0x5C, 0xFF}}},
	{{{104, 119, 122}, 0, {-260, -260}, {0xD0, 0xE7, 0x73, 0xFF}}},
	{{{121, 124, 130}, 0, {-260, -260}, {0x37, 0xD9, 0x6B, 0xFF}}},
	{{{109, 68, 104}, 0, {-260, -456}, {0x72, 0xD7, 0x26, 0xFF}}},
	{{{122, 96, 55}, 0, {62, -352}, {0x7E, 0xF5, 0x05, 0xFF}}},
	{{{124, 131, 0}, 0, {143, -134}, {0x7D, 0x13, 0xFD, 0xFF}}},
	{{{122, 96, -55}, 0, {62, -352}, {0x7E, 0xF5, 0xFB, 0xFF}}},
	{{{121, 124, -130}, 0, {-260, -260}, {0x37, 0xD9, 0x95, 0xFF}}},
	{{{109, 68, -104}, 0, {-260, -456}, {0x72, 0xD7, 0xDA, 0xFF}}},
	{{{113, 12, -81}, 0, {-260, 495}, {0x8F, 0xE6, 0xCC, 0xFF}}},
	{{{76, 40, -77}, 0, {-260, 495}, {0xA0, 0xC3, 0xC7, 0xFF}}},
	{{{114, 41, -78}, 0, {-260, 495}, {0x99, 0xCA, 0xCD, 0xFF}}},
	{{{76, 11, -82}, 0, {-260, 495}, {0x99, 0xCD, 0xCA, 0xFF}}},
	{{{95, -54, -55}, 0, {-260, 495}, {0x84, 0xFD, 0xE6, 0xFF}}},
	{{{46, 10, -85}, 0, {-260, 495}, {0xA1, 0xCA, 0xBF, 0xFF}}},
	{{{38, -38, -60}, 0, {-260, 495}, {0x94, 0xBF, 0xF0, 0xFF}}},
	{{{33, -62, -31}, 0, {-260, 495}, {0x92, 0xFC, 0xC0, 0xFF}}},
	{{{93, -71, 0}, 0, {-260, 495}, {0x8A, 0xFF, 0xD2, 0xFF}}},
	{{{33, -62, 31}, 0, {-260, 495}, {0x88, 0x08, 0xD7, 0xFF}}},
	{{{95, -54, 55}, 0, {-260, 495}, {0x90, 0x07, 0xC4, 0xFF}}},
	{{{38, -38, 60}, 0, {-260, 495}, {0x8D, 0xF2, 0xCC, 0xFF}}},
	{{{46, 10, 85}, 0, {-260, 495}, {0xBE, 0xDF, 0x99, 0xFF}}},
	{{{76, 11, 82}, 0, {-260, 495}, {0xBB, 0xE4, 0x99, 0xFF}}},
	{{{113, 12, 81}, 0, {-260, 495}, {0xAD, 0xF0, 0xA1, 0xFF}}},
	{{{76, 40, 77}, 0, {-260, 495}, {0xBA, 0xD6, 0x9E, 0xFF}}},
	{{{114, 41, 78}, 0, {-260, 495}, {0xB2, 0xD8, 0xA4, 0xFF}}},
	{{{76, 62, 61}, 0, {-260, 495}, {0xBA, 0xCE, 0xA3, 0xFF}}},
	{{{114, 63, 62}, 0, {-260, 495}, {0xB2, 0xD0, 0xA8, 0xFF}}},
	{{{76, 74, 26}, 0, {-260, 495}, {0xB5, 0xC6, 0xAB, 0xFF}}},
	{{{114, 63, 62}, 0, {-260, 495}, {0xB2, 0xD0, 0xA8, 0xFF}}},
	{{{115, 77, 28}, 0, {-260, 495}, {0xAE, 0xC9, 0xB0, 0xFF}}},
	{{{76, 74, 26}, 0, {-260, 495}, {0xB5, 0xC6, 0xAB, 0xFF}}},
	{{{115, 81, 0}, 0, {-260, 495}, {0xAA, 0xC4, 0xB8, 0xFF}}},
	{{{76, 79, 0}, 0, {-260, 495}, {0xB3, 0xBE, 0xB4, 0xFF}}},
	{{{115, 77, -28}, 0, {-260, 495}, {0xA5, 0xC2, 0xC0, 0xFF}}},
	{{{76, 74, -26}, 0, {-260, 495}, {0xAE, 0xBE, 0xB9, 0xFF}}},
	{{{114, 63, -62}, 0, {-260, 495}, {0x9E, 0xC3, 0xCA, 0xFF}}},
	{{{76, 62, -61}, 0, {-260, 495}, {0xA6, 0xBD, 0xC4, 0xFF}}},
	{{{114, 41, -78}, 0, {-260, 495}, {0x99, 0xCA, 0xCD, 0xFF}}},
	{{{76, 40, -77}, 0, {-260, 495}, {0xA0, 0xC3, 0xC7, 0xFF}}},
	{{{50, 41, -78}, 0, {-260, 495}, {0xA6, 0xC2, 0xC0, 0xFF}}},
	{{{46, 10, -85}, 0, {-260, 495}, {0xA1, 0xCA, 0xBF, 0xFF}}},
	{{{76, 11, -82}, 0, {-260, 495}, {0x99, 0xCD, 0xCA, 0xFF}}},
	{{{29, 11, -80}, 0, {-260, 495}, {0xCD, 0xF2, 0x8D, 0xFF}}},
	{{{29, 42, -74}, 0, {-260, 495}, {0xD1, 0x20, 0x8F, 0xFF}}},
	{{{8, 10, -64}, 0, {-260, 495}, {0x9C, 0xEF, 0xB4, 0xFF}}},
	{{{24, -11, -68}, 0, {-260, 495}, {0xA4, 0xBB, 0xCA, 0xFF}}},
	{{{38, -38, -60}, 0, {-260, 495}, {0x94, 0xBF, 0xF0, 0xFF}}},
	{{{10, -31, -33}, 0, {-260, 495}, {0x8D, 0xE3, 0xD2, 0xFF}}},
	{{{33, -62, -31}, 0, {-260, 495}, {0x92, 0xFC, 0xC0, 0xFF}}},
	{{{10, -31, 33}, 0, {-260, 495}, {0x96, 0xE6, 0xBF, 0xFF}}},
	{{{33, -62, 31}, 0, {-260, 495}, {0x88, 0x08, 0xD7, 0xFF}}},
	{{{38, -38, 60}, 0, {-260, 495}, {0x8D, 0xF2, 0xCC, 0xFF}}},
	{{{24, -11, 68}, 0, {-260, 495}, {0x96, 0xBF, 0x1B, 0xFF}}},
	{{{46, 10, 85}, 0, {-260, 495}, {0xBE, 0xDF, 0x99, 0xFF}}},
	{{{29, 11, 80}, 0, {-260, 495}, {0xCB, 0xF2, 0x73, 0xFF}}},
	{{{50, 41, 78}, 0, {-260, 495}, {0xBD, 0xD5, 0x9D, 0xFF}}},
	{{{76, 40, 77}, 0, {-260, 495}, {0xBA, 0xD6, 0x9E, 0xFF}}},
	{{{76, 11, 82}, 0, {-260, 495}, {0xBB, 0xE4, 0x99, 0xFF}}},
	{{{76, 62, 61}, 0, {-260, 495}, {0xBA, 0xCE, 0xA3, 0xFF}}},
	{{{50, 63, 61}, 0, {-260, 495}, {0xBF, 0xCC, 0xA0, 0xFF}}},
	{{{53, 76, 35}, 0, {-260, 495}, {0xBA, 0xCB, 0xA4, 0xFF}}},
	{{{60, 88, 9}, 0, {-260, 495}, {0xB0, 0xCF, 0xAA, 0xFF}}},
	{{{60, 88, -9}, 0, {-260, 495}, {0xA2, 0xDC, 0xB2, 0xFF}}},
	{{{53, 76, -35}, 0, {-260, 495}, {0xB0, 0xBB, 0xBA, 0xFF}}},
	{{{50, 63, -61}, 0, {-260, 495}, {0xAF, 0xB8, 0xBD, 0xFF}}},
	{{{29, 61, -66}, 0, {-260, 495}, {0xE1, 0x46, 0x9B, 0xFF}}},
	{{{8, 46, -60}, 0, {-260, 495}, {0xA2, 0x20, 0xB1, 0xFF}}},
	{{{-4, 56, -28}, 0, {-260, 495}, {0x89, 0x1F, 0xE1, 0xFF}}},
	{{{-5, 10, -26}, 0, {-260, 495}, {0x84, 0xEC, 0xEC, 0xFF}}},
	{{{-5, 10, 26}, 0, {-260, 495}, {0x84, 0xEC, 0x15, 0xFF}}},
	{{{8, 10, 63}, 0, {-260, 495}, {0x9B, 0xF0, 0x4B, 0xFF}}},
	{{{29, 42, 74}, 0, {-260, 495}, {0xCF, 0x20, 0x71, 0xFF}}},
	{{{29, 61, 66}, 0, {-260, 495}, {0xE0, 0x46, 0x65, 0xFF}}},
	{{{28, 81, 49}, 0, {-260, 495}, {0xED, 0x66, 0x49, 0xFF}}},
	{{{40, 99, 10}, 0, {-260, 495}, {0xFC, 0x78, 0x2A, 0xFF}}},
	{{{52, 103, 0}, 0, {-260, 495}, {0x2F, 0x76, 0x00, 0xFF}}},
	{{{40, 99, -10}, 0, {-260, 495}, {0xFC, 0x78, 0xD6, 0xFF}}},
	{{{28, 81, -49}, 0, {-260, 495}, {0xED, 0x66, 0xB7, 0xFF}}},
	{{{7, 72, -36}, 0, {-260, 495}, {0xA4, 0x49, 0xCF, 0xFF}}},
	{{{6, 83, 0}, 0, {-260, 495}, {0xA1, 0x55, 0x00, 0xFF}}},
	{{{-7, 60, 0}, 0, {-260, 495}, {0x86, 0x22, 0x00, 0xFF}}},
	{{{-4, 56, 28}, 0, {-260, 495}, {0x89, 0x1F, 0x20, 0xFF}}},
	{{{8, 46, 59}, 0, {-260, 495}, {0xA1, 0x1F, 0x4E, 0xFF}}},
	{{{7, 72, 36}, 0, {-260, 495}, {0xA4, 0x49, 0x31, 0xFF}}},
	{{{19, 91, 9}, 0, {-260, 495}, {0xC4, 0x6E, 0x14, 0xFF}}},
	{{{19, 91, -9}, 0, {-260, 495}, {0xC4, 0x6E, 0xEC, 0xFF}}},
};

Gfx squishy_Switch_optionnnn_please_work_Head_DL_mesh_layer_1_tri_0[] = {
	gsSPVertex(squishy_Switch_optionnnn_please_work_Head_DL_mesh_layer_1_vtx_0 + 0, 64, 0),
	gsSP2Triangles(0, 1, 2, 0, 1, 3, 2, 0),
	gsSP2Triangles(4, 3, 1, 0, 4, 1, 5, 0),
	gsSP2Triangles(1, 6, 5, 0, 6, 7, 5, 0),
	gsSP2Triangles(8, 7, 6, 0, 7, 9, 5, 0),
	gsSP2Triangles(9, 7, 10, 0, 9, 11, 5, 0),
	gsSP2Triangles(11, 4, 5, 0, 12, 13, 14, 0),
	gsSP2Triangles(14, 13, 15, 0, 16, 15, 13, 0),
	gsSP2Triangles(17, 16, 13, 0, 18, 17, 13, 0),
	gsSP2Triangles(19, 18, 13, 0, 20, 19, 13, 0),
	gsSP2Triangles(21, 20, 13, 0, 22, 21, 13, 0),
	gsSP2Triangles(21, 22, 23, 0, 22, 24, 23, 0),
	gsSP2Triangles(22, 25, 24, 0, 26, 25, 22, 0),
	gsSP2Triangles(22, 27, 26, 0, 26, 27, 28, 0),
	gsSP2Triangles(28, 27, 29, 0, 29, 27, 30, 0),
	gsSP2Triangles(30, 27, 31, 0, 31, 27, 32, 0),
	gsSP2Triangles(32, 27, 33, 0, 34, 33, 27, 0),
	gsSP2Triangles(35, 34, 27, 0, 36, 26, 28, 0),
	gsSP2Triangles(37, 26, 36, 0, 38, 26, 37, 0),
	gsSP2Triangles(25, 26, 38, 0, 39, 20, 21, 0),
	gsSP2Triangles(40, 39, 21, 0, 41, 40, 21, 0),
	gsSP2Triangles(23, 41, 21, 0, 42, 43, 44, 0),
	gsSP2Triangles(45, 42, 44, 0, 46, 45, 44, 0),
	gsSP2Triangles(47, 45, 46, 0, 47, 46, 48, 0),
	gsSP2Triangles(46, 49, 48, 0, 50, 49, 46, 0),
	gsSP2Triangles(51, 50, 46, 0, 51, 46, 52, 0),
	gsSP2Triangles(46, 53, 52, 0, 53, 46, 54, 0),
	gsSP2Triangles(53, 55, 52, 0, 56, 42, 57, 0),
	gsSP2Triangles(42, 58, 57, 0, 59, 58, 42, 0),
	gsSP2Triangles(42, 60, 59, 0, 42, 61, 60, 0),
	gsSP2Triangles(61, 42, 45, 0, 45, 62, 61, 0),
	gsSP1Triangle(45, 63, 62, 0),
	gsSPVertex(squishy_Switch_optionnnn_please_work_Head_DL_mesh_layer_1_vtx_0 + 64, 64, 0),
	gsSP2Triangles(0, 1, 2, 0, 3, 0, 2, 0),
	gsSP2Triangles(3, 4, 0, 0, 4, 5, 0, 0),
	gsSP2Triangles(4, 6, 5, 0, 5, 7, 0, 0),
	gsSP2Triangles(5, 8, 7, 0, 9, 8, 5, 0),
	gsSP2Triangles(10, 8, 9, 0, 11, 8, 10, 0),
	gsSP2Triangles(10, 12, 11, 0, 13, 8, 11, 0),
	gsSP2Triangles(7, 8, 13, 0, 14, 13, 11, 0),
	gsSP2Triangles(15, 16, 17, 0, 16, 15, 18, 0),
	gsSP2Triangles(19, 16, 18, 0, 19, 20, 16, 0),
	gsSP2Triangles(16, 20, 21, 0, 20, 22, 21, 0),
	gsSP2Triangles(23, 22, 20, 0, 23, 20, 24, 0),
	gsSP2Triangles(24, 20, 25, 0, 23, 24, 26, 0),
	gsSP2Triangles(26, 24, 27, 0, 24, 28, 27, 0),
	gsSP2Triangles(24, 29, 28, 0, 30, 26, 27, 0),
	gsSP2Triangles(23, 26, 22, 0, 22, 26, 31, 0),
	gsSP2Triangles(22, 31, 32, 0, 16, 21, 33, 0),
	gsSP2Triangles(34, 16, 33, 0, 34, 33, 35, 0),
	gsSP2Triangles(35, 33, 36, 0, 36, 33, 37, 0),
	gsSP2Triangles(38, 37, 33, 0, 36, 37, 39, 0),
	gsSP2Triangles(40, 36, 39, 0, 40, 39, 41, 0),
	gsSP2Triangles(41, 39, 42, 0, 41, 42, 43, 0),
	gsSP2Triangles(44, 43, 42, 0, 45, 41, 43, 0),
	gsSP2Triangles(46, 41, 45, 0, 47, 46, 45, 0),
	gsSP2Triangles(48, 46, 47, 0, 48, 49, 46, 0),
	gsSP2Triangles(50, 49, 48, 0, 51, 50, 48, 0),
	gsSP2Triangles(52, 50, 51, 0, 53, 50, 52, 0),
	gsSP2Triangles(54, 53, 52, 0, 55, 53, 54, 0),
	gsSP2Triangles(55, 49, 53, 0, 55, 56, 49, 0),
	gsSP2Triangles(55, 57, 56, 0, 57, 58, 56, 0),
	gsSP2Triangles(56, 58, 59, 0, 58, 60, 59, 0),
	gsSP2Triangles(60, 61, 59, 0, 59, 61, 49, 0),
	gsSP2Triangles(61, 62, 49, 0, 61, 63, 62, 0),
	gsSP2Triangles(63, 35, 62, 0, 62, 35, 36, 0),
	gsSP2Triangles(49, 62, 36, 0, 36, 40, 49, 0),
	gsSP2Triangles(41, 49, 40, 0, 49, 41, 46, 0),
	gsSP2Triangles(49, 56, 59, 0, 49, 50, 53, 0),
	gsSPVertex(squishy_Switch_optionnnn_please_work_Head_DL_mesh_layer_1_vtx_0 + 128, 64, 0),
	gsSP2Triangles(0, 1, 2, 0, 3, 1, 0, 0),
	gsSP2Triangles(3, 0, 4, 0, 1, 3, 5, 0),
	gsSP2Triangles(1, 5, 6, 0, 7, 1, 6, 0),
	gsSP2Triangles(8, 7, 6, 0, 9, 8, 6, 0),
	gsSP2Triangles(9, 6, 10, 0, 11, 8, 9, 0),
	gsSP2Triangles(8, 11, 12, 0, 11, 9, 13, 0),
	gsSP2Triangles(14, 7, 8, 0, 7, 14, 15, 0),
	gsSP2Triangles(8, 16, 17, 0, 17, 18, 8, 0),
	gsSP2Triangles(17, 19, 18, 0, 8, 18, 20, 0),
	gsSP2Triangles(20, 18, 21, 0, 22, 23, 24, 0),
	gsSP2Triangles(24, 23, 25, 0, 23, 26, 25, 0),
	gsSP2Triangles(27, 28, 29, 0, 27, 29, 30, 0),
	gsSP2Triangles(29, 31, 30, 0, 31, 29, 32, 0),
	gsSP2Triangles(31, 32, 33, 0, 33, 32, 34, 0),
	gsSP2Triangles(1, 34, 32, 0, 1, 32, 35, 0),
	gsSP2Triangles(1, 7, 34, 0, 7, 36, 34, 0),
	gsSP2Triangles(36, 33, 34, 0, 29, 37, 38, 0),
	gsSP2Triangles(39, 37, 29, 0, 39, 40, 37, 0),
	gsSP2Triangles(41, 42, 43, 0, 41, 43, 31, 0),
	gsSP2Triangles(31, 43, 44, 0, 41, 31, 45, 0),
	gsSP2Triangles(31, 33, 45, 0, 46, 47, 48, 0),
	gsSP2Triangles(47, 46, 49, 0, 50, 51, 52, 0),
	gsSP2Triangles(51, 53, 52, 0, 54, 55, 56, 0),
	gsSP2Triangles(56, 55, 57, 0, 55, 58, 57, 0),
	gsSP2Triangles(55, 59, 58, 0, 60, 57, 58, 0),
	gsSP2Triangles(60, 56, 57, 0, 58, 61, 60, 0),
	gsSP2Triangles(61, 62, 60, 0, 62, 63, 60, 0),
	gsSPVertex(squishy_Switch_optionnnn_please_work_Head_DL_mesh_layer_1_vtx_0 + 192, 64, 0),
	gsSP2Triangles(0, 1, 2, 0, 2, 1, 3, 0),
	gsSP2Triangles(4, 3, 1, 0, 4, 1, 5, 0),
	gsSP2Triangles(6, 3, 4, 0, 2, 3, 6, 0),
	gsSP2Triangles(7, 6, 4, 0, 8, 9, 10, 0),
	gsSP2Triangles(8, 11, 9, 0, 8, 12, 11, 0),
	gsSP2Triangles(12, 13, 11, 0, 9, 11, 14, 0),
	gsSP2Triangles(9, 14, 15, 0, 16, 17, 18, 0),
	gsSP2Triangles(19, 16, 18, 0, 20, 16, 19, 0),
	gsSP2Triangles(20, 19, 21, 0, 20, 21, 22, 0),
	gsSP2Triangles(23, 20, 22, 0, 23, 16, 20, 0),
	gsSP2Triangles(23, 24, 16, 0, 25, 26, 27, 0),
	gsSP2Triangles(26, 15, 27, 0, 15, 28, 27, 0),
	gsSP2Triangles(28, 29, 27, 0, 30, 27, 29, 0),
	gsSP2Triangles(31, 32, 33, 0, 31, 34, 32, 0),
	gsSP2Triangles(35, 34, 31, 0, 35, 31, 36, 0),
	gsSP2Triangles(31, 33, 36, 0, 33, 37, 36, 0),
	gsSP2Triangles(38, 36, 37, 0, 39, 38, 37, 0),
	gsSP2Triangles(39, 40, 38, 0, 40, 39, 41, 0),
	gsSP2Triangles(42, 40, 41, 0, 43, 40, 42, 0),
	gsSP2Triangles(44, 43, 42, 0, 44, 42, 45, 0),
	gsSP2Triangles(44, 45, 46, 0, 47, 44, 46, 0),
	gsSP2Triangles(48, 47, 46, 0, 48, 46, 49, 0),
	gsSP2Triangles(48, 49, 50, 0, 50, 49, 51, 0),
	gsSP2Triangles(50, 51, 52, 0, 50, 52, 53, 0),
	gsSP2Triangles(53, 52, 54, 0, 52, 55, 54, 0),
	gsSP2Triangles(54, 55, 56, 0, 56, 57, 54, 0),
	gsSP2Triangles(56, 58, 57, 0, 57, 58, 59, 0),
	gsSP2Triangles(59, 58, 32, 0, 34, 59, 32, 0),
	gsSP2Triangles(60, 59, 34, 0, 35, 60, 34, 0),
	gsSP2Triangles(35, 61, 60, 0, 61, 35, 62, 0),
	gsSP2Triangles(35, 36, 62, 0, 62, 36, 63, 0),
	gsSP2Triangles(63, 36, 38, 0, 63, 38, 40, 0),
	gsSP1Triangle(43, 63, 40, 0),
	gsSPVertex(squishy_Switch_optionnnn_please_work_Head_DL_mesh_layer_1_vtx_0 + 256, 64, 0),
	gsSP2Triangles(0, 1, 2, 0, 3, 0, 2, 0),
	gsSP2Triangles(4, 3, 2, 0, 5, 4, 2, 0),
	gsSP2Triangles(4, 5, 6, 0, 4, 6, 7, 0),
	gsSP2Triangles(6, 8, 7, 0, 7, 8, 9, 0),
	gsSP2Triangles(9, 10, 7, 0, 7, 10, 11, 0),
	gsSP2Triangles(11, 10, 12, 0, 12, 10, 13, 0),
	gsSP2Triangles(10, 14, 13, 0, 13, 14, 15, 0),
	gsSP2Triangles(13, 15, 16, 0, 17, 13, 16, 0),
	gsSP2Triangles(18, 17, 16, 0, 19, 17, 18, 0),
	gsSP2Triangles(20, 19, 18, 0, 20, 3, 19, 0),
	gsSP2Triangles(3, 20, 0, 0, 20, 21, 0, 0),
	gsSP2Triangles(0, 21, 1, 0, 3, 11, 19, 0),
	gsSP2Triangles(3, 4, 11, 0, 4, 7, 11, 0),
	gsSP2Triangles(11, 12, 19, 0, 19, 12, 17, 0),
	gsSP2Triangles(12, 13, 17, 0, 22, 23, 24, 0),
	gsSP2Triangles(23, 25, 24, 0, 25, 26, 24, 0),
	gsSP2Triangles(24, 26, 27, 0, 28, 24, 27, 0),
	gsSP2Triangles(28, 22, 24, 0, 29, 30, 31, 0),
	gsSP2Triangles(30, 32, 31, 0, 30, 33, 32, 0),
	gsSP2Triangles(34, 32, 33, 0, 34, 35, 32, 0),
	gsSP2Triangles(36, 35, 34, 0, 36, 37, 35, 0),
	gsSP2Triangles(38, 37, 36, 0, 37, 38, 39, 0),
	gsSP2Triangles(37, 39, 40, 0, 41, 40, 39, 0),
	gsSP2Triangles(40, 41, 42, 0, 42, 41, 43, 0),
	gsSP2Triangles(43, 29, 42, 0, 29, 31, 42, 0),
	gsSP2Triangles(31, 32, 42, 0, 32, 40, 42, 0),
	gsSP2Triangles(32, 37, 40, 0, 35, 37, 32, 0),
	gsSP2Triangles(44, 45, 46, 0, 44, 47, 45, 0),
	gsSP2Triangles(44, 48, 47, 0, 47, 48, 49, 0),
	gsSP2Triangles(48, 50, 49, 0, 50, 48, 51, 0),
	gsSP2Triangles(48, 52, 51, 0, 51, 52, 53, 0),
	gsSP2Triangles(52, 54, 53, 0, 54, 55, 53, 0),
	gsSP2Triangles(56, 55, 54, 0, 56, 54, 57, 0),
	gsSP2Triangles(57, 54, 58, 0, 58, 59, 57, 0),
	gsSP2Triangles(58, 60, 59, 0, 60, 61, 59, 0),
	gsSP2Triangles(60, 62, 61, 0, 62, 63, 61, 0),
	gsSPVertex(squishy_Switch_optionnnn_please_work_Head_DL_mesh_layer_1_vtx_0 + 320, 58, 0),
	gsSP2Triangles(0, 1, 2, 0, 3, 2, 1, 0),
	gsSP2Triangles(3, 4, 2, 0, 5, 4, 3, 0),
	gsSP2Triangles(5, 6, 4, 0, 7, 6, 5, 0),
	gsSP2Triangles(7, 8, 6, 0, 9, 8, 7, 0),
	gsSP2Triangles(9, 10, 8, 0, 8, 10, 11, 0),
	gsSP2Triangles(12, 11, 10, 0, 12, 10, 13, 0),
	gsSP2Triangles(14, 11, 12, 0, 14, 15, 11, 0),
	gsSP2Triangles(16, 15, 14, 0, 14, 17, 16, 0),
	gsSP2Triangles(14, 12, 17, 0, 12, 18, 17, 0),
	gsSP2Triangles(17, 18, 19, 0, 19, 18, 20, 0),
	gsSP2Triangles(21, 19, 20, 0, 21, 20, 22, 0),
	gsSP2Triangles(23, 21, 22, 0, 21, 23, 24, 0),
	gsSP2Triangles(24, 23, 25, 0, 26, 24, 25, 0),
	gsSP2Triangles(26, 25, 27, 0, 25, 28, 27, 0),
	gsSP2Triangles(25, 29, 28, 0, 30, 27, 28, 0),
	gsSP2Triangles(30, 31, 27, 0, 30, 32, 31, 0),
	gsSP2Triangles(2, 32, 30, 0, 32, 2, 33, 0),
	gsSP2Triangles(33, 2, 4, 0, 34, 33, 4, 0),
	gsSP2Triangles(4, 6, 34, 0, 35, 34, 6, 0),
	gsSP2Triangles(8, 35, 6, 0, 36, 35, 8, 0),
	gsSP2Triangles(8, 11, 36, 0, 11, 37, 36, 0),
	gsSP2Triangles(15, 37, 11, 0, 38, 37, 15, 0),
	gsSP2Triangles(16, 38, 15, 0, 38, 16, 39, 0),
	gsSP2Triangles(39, 16, 40, 0, 16, 19, 40, 0),
	gsSP2Triangles(16, 17, 19, 0, 40, 19, 21, 0),
	gsSP2Triangles(40, 21, 41, 0, 41, 21, 42, 0),
	gsSP2Triangles(42, 21, 24, 0, 42, 24, 26, 0),
	gsSP2Triangles(42, 26, 43, 0, 26, 27, 43, 0),
	gsSP2Triangles(27, 44, 43, 0, 31, 44, 27, 0),
	gsSP2Triangles(31, 45, 44, 0, 32, 45, 31, 0),
	gsSP2Triangles(45, 32, 46, 0, 32, 33, 46, 0),
	gsSP2Triangles(47, 46, 33, 0, 34, 47, 33, 0),
	gsSP2Triangles(48, 47, 34, 0, 35, 48, 34, 0),
	gsSP2Triangles(49, 48, 35, 0, 35, 36, 49, 0),
	gsSP2Triangles(36, 37, 49, 0, 37, 50, 49, 0),
	gsSP2Triangles(38, 50, 37, 0, 38, 39, 50, 0),
	gsSP2Triangles(51, 50, 39, 0, 39, 52, 51, 0),
	gsSP2Triangles(40, 52, 39, 0, 41, 52, 40, 0),
	gsSP2Triangles(53, 52, 41, 0, 42, 53, 41, 0),
	gsSP2Triangles(54, 53, 42, 0, 42, 43, 54, 0),
	gsSP2Triangles(54, 43, 44, 0, 54, 44, 55, 0),
	gsSP2Triangles(55, 44, 45, 0, 55, 45, 56, 0),
	gsSP2Triangles(45, 46, 56, 0, 56, 46, 48, 0),
	gsSP2Triangles(46, 47, 48, 0, 56, 48, 57, 0),
	gsSP2Triangles(57, 48, 49, 0, 49, 50, 57, 0),
	gsSP2Triangles(50, 51, 57, 0, 51, 56, 57, 0),
	gsSP2Triangles(51, 55, 56, 0, 51, 53, 55, 0),
	gsSP2Triangles(53, 51, 52, 0, 54, 55, 53, 0),
	gsSPEndDisplayList(),
};

Vtx squishy_Switch_optionnnn_please_work_Capless_Head_Switch_Option_Capless_Head_mesh_layer_1_vtx_0[370] = {
	{{{98, 32, 86}, 0, {-260, -529}, {0x2C, 0x46, 0x60, 0xFF}}},
	{{{69, 28, 102}, 0, {-260, 495}, {0x2C, 0x1B, 0x74, 0xFF}}},
	{{{118, 16, 88}, 0, {-260, 495}, {0x17, 0x18, 0x7B, 0xFF}}},
	{{{98, -25, 97}, 0, {1472, -529}, {0x27, 0x0D, 0x78, 0xFF}}},
	{{{58, -16, 113}, 0, {1306, 495}, {0x30, 0xF2, 0x75, 0xFF}}},
	{{{43, 21, 113}, 0, {-61, 495}, {0x0A, 0x1F, 0x7B, 0xFF}}},
	{{{60, 37, 102}, 0, {-260, 495}, {0x2A, 0x2D, 0x6F, 0xFF}}},
	{{{39, 47, 106}, 0, {-260, 495}, {0xFD, 0x28, 0x78, 0xFF}}},
	{{{54, 60, 92}, 0, {-260, 495}, {0x2D, 0x3A, 0x67, 0xFF}}},
	{{{20, 19, 105}, 0, {-260, 495}, {0xD5, 0x49, 0x5F, 0xFF}}},
	{{{1, 72, 86}, 0, {-260, 495}, {0xD4, 0x1A, 0x74, 0xFF}}},
	{{{5, 6, 117}, 0, {-186, 495}, {0xF7, 0x34, 0x74, 0xFF}}},
	{{{118, 16, 88}, 0, {-260, 495}, {0x0C, 0xFC, 0x82, 0xFF}}},
	{{{61, -10, 84}, 0, {-260, 495}, {0xC3, 0x32, 0x9D, 0xFF}}},
	{{{98, 32, 86}, 0, {-260, -529}, {0xF2, 0x13, 0x83, 0xFF}}},
	{{{69, 28, 102}, 0, {-260, 495}, {0xFE, 0x38, 0x8E, 0xFF}}},
	{{{60, 37, 102}, 0, {-260, 495}, {0x6E, 0x19, 0xC5, 0xFF}}},
	{{{54, 60, 92}, 0, {-260, 495}, {0xDF, 0x0B, 0x86, 0xFF}}},
	{{{39, 47, 106}, 0, {-260, 495}, {0x0F, 0x33, 0x8D, 0xFF}}},
	{{{1, 72, 86}, 0, {-260, 495}, {0x0E, 0x0E, 0x83, 0xFF}}},
	{{{20, 19, 105}, 0, {-260, 495}, {0xB4, 0xD3, 0xA4, 0xFF}}},
	{{{39, -19, 104}, 0, {-260, 495}, {0x83, 0x05, 0xEA, 0xFF}}},
	{{{67, -42, 0}, 0, {-260, 495}, {0xB7, 0x68, 0x00, 0xFF}}},
	{{{35, -45, 113}, 0, {1780, 495}, {0xA9, 0x5B, 0xEF, 0xFF}}},
	{{{11, -69, 0}, 0, {-260, 495}, {0xDA, 0x79, 0x00, 0xFF}}},
	{{{35, -45, -113}, 0, {1780, 495}, {0xA9, 0x5B, 0x11, 0xFF}}},
	{{{39, -19, -104}, 0, {-260, 495}, {0x83, 0x05, 0x16, 0xFF}}},
	{{{61, -10, -84}, 0, {-260, 495}, {0xC3, 0x32, 0x63, 0xFF}}},
	{{{20, 19, -105}, 0, {-260, 495}, {0xB4, 0xD3, 0x5C, 0xFF}}},
	{{{1, 72, -86}, 0, {-260, 495}, {0x0E, 0x0E, 0x7E, 0xFF}}},
	{{{39, 47, -106}, 0, {-260, 495}, {0x0F, 0x33, 0x73, 0xFF}}},
	{{{54, 60, -92}, 0, {-260, 495}, {0xDF, 0x0B, 0x7A, 0xFF}}},
	{{{60, 37, -102}, 0, {-260, 495}, {0x6E, 0x19, 0x3B, 0xFF}}},
	{{{69, 28, -102}, 0, {-260, 495}, {0xFE, 0x38, 0x72, 0xFF}}},
	{{{98, 32, -86}, 0, {-260, -529}, {0xF2, 0x13, 0x7D, 0xFF}}},
	{{{118, 16, -88}, 0, {-260, 495}, {0x0C, 0xFC, 0x7E, 0xFF}}},
	{{{5, 6, -117}, 0, {-186, 495}, {0xB5, 0xCA, 0x57, 0xFF}}},
	{{{58, -16, -113}, 0, {1306, 495}, {0xCA, 0x4D, 0xAB, 0xFF}}},
	{{{34, -24, -135}, 0, {1547, 495}, {0x98, 0x49, 0x05, 0xFF}}},
	{{{5, 6, 117}, 0, {-186, 495}, {0xB5, 0xCA, 0xA9, 0xFF}}},
	{{{58, -16, 113}, 0, {1306, 495}, {0xCA, 0x4D, 0x55, 0xFF}}},
	{{{34, -24, 135}, 0, {1547, 495}, {0x98, 0x49, 0xFB, 0xFF}}},
	{{{97, -117, 0}, 0, {1788, -529}, {0x1C, 0x84, 0x02, 0xFF}}},
	{{{66, -118, -1}, 0, {1788, 495}, {0x04, 0x85, 0x1F, 0xFF}}},
	{{{-8, -135, -60}, 0, {1788, -17}, {0x24, 0x8E, 0xD4, 0xFF}}},
	{{{94, -87, -82}, 0, {1788, -529}, {0x2D, 0x9A, 0xC3, 0xFF}}},
	{{{45, -96, -87}, 0, {1788, 495}, {0x11, 0x9C, 0xB3, 0xFF}}},
	{{{93, -78, -142}, 0, {1729, -65}, {0x32, 0xDA, 0x92, 0xFF}}},
	{{{35, -45, -113}, 0, {1780, 495}, {0x35, 0xEB, 0x8F, 0xFF}}},
	{{{2, -68, -172}, 0, {1788, 495}, {0x0B, 0x9F, 0xAF, 0xFF}}},
	{{{-17, -97, -113}, 0, {1788, 495}, {0x11, 0x91, 0xC5, 0xFF}}},
	{{{-38, -112, -69}, 0, {1788, 495}, {0x0C, 0x91, 0xC4, 0xFF}}},
	{{{-79, -184, -16}, 0, {1788, 495}, {0x28, 0x87, 0x00, 0xFF}}},
	{{{66, -118, -1}, 0, {1788, 495}, {0x2F, 0x8D, 0x1A, 0xFF}}},
	{{{-8, -135, -60}, 0, {1788, -17}, {0xC7, 0x6A, 0x29, 0xFF}}},
	{{{-44, -114, 59}, 0, {1788, 495}, {0x24, 0x9F, 0x4A, 0xFF}}},
	{{{66, -118, -1}, 0, {1788, 495}, {0x05, 0x81, 0xFF, 0xFF}}},
	{{{34, -120, 38}, 0, {1788, -17}, {0x1A, 0x8A, 0x26, 0xFF}}},
	{{{94, -87, 82}, 0, {1788, -529}, {0x2A, 0x98, 0x3C, 0xFF}}},
	{{{146, -91, 59}, 0, {1788, -529}, {0x3B, 0x9B, 0x30, 0xFF}}},
	{{{160, -96, 0}, 0, {1788, -529}, {0x4C, 0x9A, 0x00, 0xFF}}},
	{{{146, -91, -59}, 0, {1788, -529}, {0x3B, 0x9B, 0xD0, 0xFF}}},
	{{{136, -81, -84}, 0, {1788, -529}, {0x24, 0xB7, 0x9F, 0xFF}}},
	{{{129, -34, -95}, 0, {1555, -529}, {0x15, 0xF9, 0x83, 0xFF}}},
	{{{98, -25, -97}, 0, {1472, -529}, {0x27, 0x0D, 0x88, 0xFF}}},
	{{{129, -34, -95}, 0, {1555, -529}, {0x15, 0xF9, 0x83, 0xFF}}},
	{{{94, -87, -82}, 0, {1788, -529}, {0x2D, 0x9A, 0xC3, 0xFF}}},
	{{{93, -78, -142}, 0, {1729, -65}, {0x32, 0xDA, 0x92, 0xFF}}},
	{{{35, -45, -113}, 0, {1780, 495}, {0x35, 0xEB, 0x8F, 0xFF}}},
	{{{58, -16, -113}, 0, {1306, 495}, {0x30, 0xF2, 0x8B, 0xFF}}},
	{{{34, -24, -135}, 0, {1547, 495}, {0x54, 0xBD, 0xBC, 0xFF}}},
	{{{69, 28, -102}, 0, {-260, 495}, {0x2C, 0x1B, 0x8C, 0xFF}}},
	{{{43, 21, -113}, 0, {-61, 495}, {0x0A, 0x1F, 0x85, 0xFF}}},
	{{{5, 6, -117}, 0, {-186, 495}, {0xF7, 0x34, 0x8C, 0xFF}}},
	{{{20, 19, -105}, 0, {-260, 495}, {0xD5, 0x49, 0xA1, 0xFF}}},
	{{{39, 47, -106}, 0, {-260, 495}, {0xFD, 0x28, 0x88, 0xFF}}},
	{{{1, 72, -86}, 0, {-260, 495}, {0xD4, 0x1A, 0x8C, 0xFF}}},
	{{{60, 37, -102}, 0, {-260, 495}, {0x2A, 0x2D, 0x91, 0xFF}}},
	{{{54, 60, -92}, 0, {-260, 495}, {0x2D, 0x3A, 0x99, 0xFF}}},
	{{{-65, -96, 130}, 0, {1788, 495}, {0x1A, 0xA6, 0x55, 0xFF}}},
	{{{-17, -97, 113}, 0, {1788, 495}, {0x13, 0x91, 0x3A, 0xFF}}},
	{{{-41, -80, 145}, 0, {1788, 495}, {0x15, 0x99, 0x47, 0xFF}}},
	{{{-90, -130, 107}, 0, {1788, 495}, {0x2D, 0x93, 0x30, 0xFF}}},
	{{{-44, -114, 59}, 0, {1788, 495}, {0x26, 0x88, 0x11, 0xFF}}},
	{{{45, -96, 87}, 0, {1788, 495}, {0x14, 0x91, 0x3B, 0xFF}}},
	{{{2, -68, 172}, 0, {1788, 495}, {0x0B, 0x9F, 0x51, 0xFF}}},
	{{{35, -45, 113}, 0, {1780, 495}, {0x35, 0xEB, 0x71, 0xFF}}},
	{{{93, -78, 142}, 0, {1729, -65}, {0x32, 0xDA, 0x6E, 0xFF}}},
	{{{94, -87, 82}, 0, {1788, -529}, {0x2A, 0x98, 0x3C, 0xFF}}},
	{{{34, -120, 38}, 0, {1788, -17}, {0x1A, 0x8A, 0x26, 0xFF}}},
	{{{98, -25, 97}, 0, {1472, -529}, {0x27, 0x0D, 0x78, 0xFF}}},
	{{{129, -34, 95}, 0, {1555, -529}, {0x15, 0xF9, 0x7D, 0xFF}}},
	{{{136, -81, 84}, 0, {1788, -529}, {0x24, 0xB7, 0x61, 0xFF}}},
	{{{146, -91, 59}, 0, {1788, -529}, {0x3B, 0x9B, 0x30, 0xFF}}},
	{{{180, -45, 66}, 0, {1788, -529}, {0x62, 0xD5, 0x44, 0xFF}}},
	{{{160, -96, 0}, 0, {1788, -529}, {0x4C, 0x9A, 0x00, 0xFF}}},
	{{{198, -46, 0}, 0, {1788, -529}, {0x76, 0xD0, 0x02, 0xFF}}},
	{{{180, -45, -66}, 0, {1788, -529}, {0x5F, 0xD0, 0xBB, 0xFF}}},
	{{{146, -91, -59}, 0, {1788, -529}, {0x3B, 0x9B, 0xD0, 0xFF}}},
	{{{136, -81, -84}, 0, {1788, -529}, {0x24, 0xB7, 0x9F, 0xFF}}},
	{{{158, -42, -84}, 0, {1788, -529}, {0x39, 0xE6, 0x92, 0xFF}}},
	{{{150, 28, -84}, 0, {1788, -529}, {0x23, 0xBB, 0x9C, 0xFF}}},
	{{{118, 16, -88}, 0, {-260, 495}, {0x17, 0x18, 0x85, 0xFF}}},
	{{{98, 32, -86}, 0, {-260, -529}, {0x2C, 0x46, 0xA0, 0xFF}}},
	{{{196, 29, -76}, 0, {1788, -529}, {0x77, 0xE6, 0xDD, 0xFF}}},
	{{{212, 36, -135}, 0, {764, -17}, {0x38, 0x91, 0xE6, 0xFF}}},
	{{{147, 54, -111}, 0, {-260, 495}, {0x1E, 0xA8, 0xA9, 0xFF}}},
	{{{110, 18, -139}, 0, {764, -17}, {0xE3, 0x87, 0xE4, 0xFF}}},
	{{{118, 16, -88}, 0, {-260, 495}, {0xE8, 0x85, 0xEB, 0xFF}}},
	{{{109, 44, -114}, 0, {-260, 495}, {0x92, 0xC5, 0xE8, 0xFF}}},
	{{{86, 49, -96}, 0, {-260, 495}, {0xB8, 0xAC, 0xC1, 0xFF}}},
	{{{183, 71, -74}, 0, {-260, 495}, {0x58, 0x52, 0xD7, 0xFF}}},
	{{{204, 27, 0}, 0, {1788, -529}, {0x7E, 0x0B, 0x05, 0xFF}}},
	{{{189, 94, 4}, 0, {-260, 495}, {0x69, 0x47, 0x06, 0xFF}}},
	{{{150, 106, -54}, 0, {-260, 495}, {0x24, 0x6B, 0xC5, 0xFF}}},
	{{{150, 74, -86}, 0, {-260, 495}, {0x13, 0x5B, 0xAA, 0xFF}}},
	{{{147, 54, -111}, 0, {-260, 495}, {0x02, 0x63, 0xB0, 0xFF}}},
	{{{212, 36, -135}, 0, {764, -17}, {0x09, 0x70, 0xC4, 0xFF}}},
	{{{110, 71, -88}, 0, {-260, 495}, {0xEE, 0x5A, 0xA8, 0xFF}}},
	{{{116, 105, -56}, 0, {-260, 495}, {0xED, 0x69, 0xBB, 0xFF}}},
	{{{90, 90, -47}, 0, {-260, 495}, {0xBB, 0x50, 0xBA, 0xFF}}},
	{{{118, 121, -8}, 0, {-260, 495}, {0xFC, 0x7E, 0xF5, 0xFF}}},
	{{{93, 117, -23}, 0, {-260, 495}, {0xE6, 0x75, 0xD6, 0xFF}}},
	{{{83, 115, -19}, 0, {-260, 495}, {0xD8, 0x66, 0xBF, 0xFF}}},
	{{{101, 119, 4}, 0, {-260, 495}, {0xED, 0x7D, 0x0B, 0xFF}}},
	{{{64, 108, 27}, 0, {-260, 495}, {0xE4, 0x7B, 0x11, 0xFF}}},
	{{{111, 113, 37}, 0, {-260, 495}, {0xF3, 0x72, 0x37, 0xFF}}},
	{{{148, 123, -2}, 0, {-260, 495}, {0x22, 0x7A, 0xFB, 0xFF}}},
	{{{111, 113, 37}, 0, {-260, 495}, {0xF3, 0x72, 0x37, 0xFF}}},
	{{{149, 114, 37}, 0, {-260, 495}, {0x23, 0x6E, 0x35, 0xFF}}},
	{{{148, 123, -2}, 0, {-260, 495}, {0x22, 0x7A, 0xFB, 0xFF}}},
	{{{107, 86, 71}, 0, {-260, 495}, {0xF6, 0x5F, 0x54, 0xFF}}},
	{{{87, 105, 37}, 0, {-260, 495}, {0xDD, 0x60, 0x4C, 0xFF}}},
	{{{143, 67, 87}, 0, {-260, 495}, {0x1A, 0x4E, 0x61, 0xFF}}},
	{{{105, 79, 78}, 0, {-260, 495}, {0xFA, 0x57, 0x5C, 0xFF}}},
	{{{99, 86, 67}, 0, {-260, 495}, {0xDE, 0x5D, 0x4F, 0xFF}}},
	{{{97, 61, 91}, 0, {-260, 495}, {0xF6, 0x4B, 0x66, 0xFF}}},
	{{{116, 44, 104}, 0, {-260, 495}, {0x00, 0xFF, 0x7F, 0xFF}}},
	{{{55, 55, 93}, 0, {-260, 495}, {0xF9, 0x45, 0x6A, 0xFF}}},
	{{{145, 51, 97}, 0, {-260, 495}, {0x28, 0x10, 0x77, 0xFF}}},
	{{{150, 28, 84}, 0, {1788, -529}, {0x25, 0xE2, 0x76, 0xFF}}},
	{{{118, 16, 88}, 0, {-260, 495}, {0x0C, 0xC4, 0x6F, 0xFF}}},
	{{{89, 47, 96}, 0, {-260, 495}, {0xDA, 0xC2, 0x68, 0xFF}}},
	{{{190, 29, 73}, 0, {1788, -529}, {0x65, 0x08, 0x4D, 0xFF}}},
	{{{158, -42, 84}, 0, {1788, -529}, {0x3C, 0xE7, 0x6D, 0xFF}}},
	{{{129, -34, 95}, 0, {1555, -529}, {0x15, 0xF9, 0x7D, 0xFF}}},
	{{{118, 16, 88}, 0, {-260, 495}, {0x17, 0x18, 0x7B, 0xFF}}},
	{{{98, -25, 97}, 0, {1472, -529}, {0x27, 0x0D, 0x78, 0xFF}}},
	{{{136, -81, 84}, 0, {1788, -529}, {0x24, 0xB7, 0x61, 0xFF}}},
	{{{180, -45, 66}, 0, {1788, -529}, {0x62, 0xD5, 0x44, 0xFF}}},
	{{{198, -46, 0}, 0, {1788, -529}, {0x76, 0xD0, 0x02, 0xFF}}},
	{{{204, 27, 0}, 0, {1788, -529}, {0x7E, 0x0B, 0x05, 0xFF}}},
	{{{196, 29, -76}, 0, {1788, -529}, {0x77, 0xE6, 0xDD, 0xFF}}},
	{{{180, -45, -66}, 0, {1788, -529}, {0x5F, 0xD0, 0xBB, 0xFF}}},
	{{{158, -42, -84}, 0, {1788, -529}, {0x39, 0xE6, 0x92, 0xFF}}},
	{{{177, 76, 62}, 0, {-260, 495}, {0x57, 0x40, 0x43, 0xFF}}},
	{{{189, 94, 4}, 0, {-260, 495}, {0x69, 0x47, 0x06, 0xFF}}},
	{{{150, 106, -54}, 0, {-260, 495}, {0x24, 0x6B, 0xC5, 0xFF}}},
	{{{118, 121, -8}, 0, {-260, 495}, {0xFC, 0x7E, 0xF5, 0xFF}}},
	{{{81, 64, 85}, 0, {-260, 495}, {0xE7, 0x52, 0x5E, 0xFF}}},
	{{{93, -78, 142}, 0, {1729, -65}, {0x32, 0xDA, 0x6E, 0xFF}}},
	{{{35, -45, 113}, 0, {1780, 495}, {0x35, 0xEB, 0x71, 0xFF}}},
	{{{58, -16, 113}, 0, {1306, 495}, {0x30, 0xF2, 0x75, 0xFF}}},
	{{{34, -24, 135}, 0, {1547, 495}, {0x54, 0xBD, 0x44, 0xFF}}},
	{{{-17, -97, 113}, 0, {1788, 495}, {0x13, 0x91, 0x3A, 0xFF}}},
	{{{2, -68, 172}, 0, {1788, 495}, {0x0B, 0x9F, 0x51, 0xFF}}},
	{{{-51, -51, 123}, 0, {1788, 495}, {0xBE, 0x62, 0x2D, 0xFF}}},
	{{{-41, -80, 145}, 0, {1788, 495}, {0x14, 0x4F, 0x61, 0xFF}}},
	{{{-65, -96, 130}, 0, {1788, 495}, {0xEC, 0x78, 0x26, 0xFF}}},
	{{{-70, -82, 63}, 0, {-260, 495}, {0xEA, 0x7C, 0xEE, 0xFF}}},
	{{{35, -45, 113}, 0, {1780, 495}, {0xA9, 0x5B, 0xEF, 0xFF}}},
	{{{2, -68, 172}, 0, {1788, 495}, {0xFE, 0x77, 0x2C, 0xFF}}},
	{{{11, -69, 0}, 0, {-260, 495}, {0xDA, 0x79, 0x00, 0xFF}}},
	{{{-68, -81, 0}, 0, {-260, 495}, {0xDF, 0x7B, 0x00, 0xFF}}},
	{{{-70, -82, -63}, 0, {-260, 495}, {0xEA, 0x7C, 0x12, 0xFF}}},
	{{{35, -45, -113}, 0, {1780, 495}, {0xA9, 0x5B, 0x11, 0xFF}}},
	{{{-51, -51, -123}, 0, {1788, 495}, {0xBE, 0x62, 0xD3, 0xFF}}},
	{{{2, -68, -172}, 0, {1788, 495}, {0xFE, 0x77, 0xD4, 0xFF}}},
	{{{-65, -96, -130}, 0, {1788, 495}, {0xEC, 0x78, 0xDA, 0xFF}}},
	{{{-121, -57, -121}, 0, {-260, 495}, {0xD8, 0x78, 0xFF, 0xFF}}},
	{{{-97, -63, -193}, 0, {1788, 495}, {0xF6, 0x7E, 0xF3, 0xFF}}},
	{{{-145, -110, -139}, 0, {1788, 495}, {0xE8, 0x7C, 0xF2, 0xFF}}},
	{{{-147, -112, 0}, 0, {1788, 495}, {0xD6, 0x78, 0x00, 0xFF}}},
	{{{-190, -70, -136}, 0, {-260, 495}, {0xE6, 0x7B, 0xF0, 0xFF}}},
	{{{-182, -76, -178}, 0, {1788, 495}, {0xFD, 0x7D, 0xEC, 0xFF}}},
	{{{-211, -122, -127}, 0, {1788, 495}, {0xA1, 0x3C, 0xC4, 0xFF}}},
	{{{-230, -97, -78}, 0, {-260, 495}, {0xB4, 0x63, 0x19, 0xFF}}},
	{{{-264, -128, -105}, 0, {1788, 495}, {0xAB, 0x5F, 0xFD, 0xFF}}},
	{{{-216, -170, 0}, 0, {1788, 495}, {0xA4, 0x58, 0x00, 0xFF}}},
	{{{-230, -97, 78}, 0, {-260, 495}, {0xB4, 0x63, 0xE7, 0xFF}}},
	{{{-264, -128, 105}, 0, {1788, 495}, {0xAB, 0x5F, 0x03, 0xFF}}},
	{{{-211, -122, 127}, 0, {1788, 495}, {0xA1, 0x3C, 0x3C, 0xFF}}},
	{{{-230, -97, 78}, 0, {-260, 495}, {0xB4, 0x63, 0xE7, 0xFF}}},
	{{{-211, -122, 127}, 0, {1788, 495}, {0xA1, 0x3C, 0x3C, 0xFF}}},
	{{{-190, -70, 136}, 0, {-260, 495}, {0xE6, 0x7B, 0x10, 0xFF}}},
	{{{-182, -76, 178}, 0, {1788, 495}, {0xFD, 0x7D, 0x14, 0xFF}}},
	{{{-145, -110, 139}, 0, {1788, 495}, {0xE8, 0x7C, 0x0E, 0xFF}}},
	{{{-147, -112, 0}, 0, {1788, 495}, {0xD6, 0x78, 0x00, 0xFF}}},
	{{{-121, -57, 121}, 0, {-260, 495}, {0xD8, 0x78, 0x01, 0xFF}}},
	{{{-97, -63, 193}, 0, {1788, 495}, {0xF6, 0x7E, 0x0D, 0xFF}}},
	{{{-65, -96, 130}, 0, {1788, 495}, {0xEC, 0x78, 0x26, 0xFF}}},
	{{{-70, -82, 63}, 0, {-260, 495}, {0xEA, 0x7C, 0xEE, 0xFF}}},
	{{{-68, -81, 0}, 0, {-260, 495}, {0xDF, 0x7B, 0x00, 0xFF}}},
	{{{-70, -82, -63}, 0, {-260, 495}, {0xEA, 0x7C, 0x12, 0xFF}}},
	{{{-121, -57, -121}, 0, {-260, 495}, {0xD8, 0x78, 0xFF, 0xFF}}},
	{{{-190, -70, -136}, 0, {-260, 495}, {0xE6, 0x7B, 0xF0, 0xFF}}},
	{{{-230, -97, -78}, 0, {-260, 495}, {0xB4, 0x63, 0x19, 0xFF}}},
	{{{-65, -96, 130}, 0, {1788, 495}, {0xFD, 0x8A, 0x2F, 0xFF}}},
	{{{-44, -114, 59}, 0, {1788, 495}, {0x02, 0x85, 0x21, 0xFF}}},
	{{{-90, -130, 107}, 0, {1788, 495}, {0xB0, 0x57, 0xD2, 0xFF}}},
	{{{-145, -110, 139}, 0, {1788, 495}, {0x2A, 0x9C, 0x42, 0xFF}}},
	{{{-97, -63, 193}, 0, {1788, 495}, {0x1B, 0x98, 0x44, 0xFF}}},
	{{{-178, -143, 123}, 0, {1788, 495}, {0x32, 0x9B, 0x3A, 0xFF}}},
	{{{-148, -142, 84}, 0, {1788, 495}, {0x01, 0x87, 0x26, 0xFF}}},
	{{{-93, -138, 44}, 0, {1788, 495}, {0x23, 0x8C, 0x26, 0xFF}}},
	{{{-216, -170, 0}, 0, {1788, 495}, {0x08, 0x81, 0x01, 0xFF}}},
	{{{-145, -110, 139}, 0, {1788, 495}, {0xDE, 0x9A, 0x44, 0xFF}}},
	{{{-178, -143, 123}, 0, {1788, 495}, {0xBB, 0x5D, 0xCD, 0xFF}}},
	{{{-211, -122, 127}, 0, {1788, 495}, {0x05, 0x8D, 0x36, 0xFF}}},
	{{{-264, -128, 105}, 0, {1788, 495}, {0xFA, 0x89, 0x2D, 0xFF}}},
	{{{-182, -76, 178}, 0, {1788, 495}, {0x01, 0xA1, 0x54, 0xFF}}},
	{{{-132, -152, -62}, 0, {1788, 495}, {0xC3, 0x95, 0xE2, 0xFF}}},
	{{{-172, -186, -5}, 0, {1788, 495}, {0xB9, 0x68, 0x0C, 0xFF}}},
	{{{-264, -128, -105}, 0, {1788, 495}, {0xFA, 0x89, 0xD3, 0xFF}}},
	{{{-211, -122, -127}, 0, {1788, 495}, {0x05, 0x8D, 0xCA, 0xFF}}},
	{{{-145, -110, -139}, 0, {1788, 495}, {0xF0, 0x93, 0xC0, 0xFF}}},
	{{{-182, -76, -178}, 0, {1788, 495}, {0x01, 0xA1, 0xAC, 0xFF}}},
	{{{-132, -152, -62}, 0, {1788, 495}, {0xC3, 0x95, 0xE2, 0xFF}}},
	{{{-150, -153, -99}, 0, {1788, 495}, {0x99, 0x39, 0x30, 0xFF}}},
	{{{-65, -96, -130}, 0, {1788, 495}, {0x19, 0xA2, 0xAE, 0xFF}}},
	{{{-41, -80, -145}, 0, {1788, 495}, {0x15, 0x99, 0xB9, 0xFF}}},
	{{{-17, -97, -113}, 0, {1788, 495}, {0x11, 0x91, 0xC5, 0xFF}}},
	{{{-93, -122, -111}, 0, {1788, 495}, {0x22, 0x94, 0xC7, 0xFF}}},
	{{{-54, -114, -87}, 0, {1788, 495}, {0x27, 0x8A, 0xE5, 0xFF}}},
	{{{-38, -112, -69}, 0, {1788, 495}, {0x0C, 0x91, 0xC4, 0xFF}}},
	{{{-132, -152, -62}, 0, {1788, 495}, {0x31, 0x8E, 0xE5, 0xFF}}},
	{{{-102, -156, -3}, 0, {1788, 495}, {0x37, 0x8E, 0x02, 0xFF}}},
	{{{-79, -184, -16}, 0, {1788, 495}, {0x90, 0x3C, 0xFC, 0xFF}}},
	{{{-172, -186, -5}, 0, {1788, 495}, {0x32, 0x8C, 0xF6, 0xFF}}},
	{{{-51, -51, -123}, 0, {1788, 495}, {0xBE, 0x62, 0xD3, 0xFF}}},
	{{{2, -68, -172}, 0, {1788, 495}, {0x0B, 0x9F, 0xAF, 0xFF}}},
	{{{-41, -80, -145}, 0, {1788, 495}, {0x14, 0x4F, 0x9F, 0xFF}}},
	{{{-65, -96, -130}, 0, {1788, 495}, {0xEC, 0x78, 0xDA, 0xFF}}},
	{{{-145, -110, -139}, 0, {1788, 495}, {0x24, 0x9F, 0xB6, 0xFF}}},
	{{{-97, -63, -193}, 0, {1788, 495}, {0x1B, 0x98, 0xBC, 0xFF}}},
	{{{-65, -96, -130}, 0, {1788, 495}, {0x0A, 0x90, 0xC4, 0xFF}}},
	{{{-93, -122, -111}, 0, {1788, 495}, {0xC8, 0x63, 0x39, 0xFF}}},
	{{{-150, -153, -99}, 0, {1788, 495}, {0x31, 0x9A, 0xC5, 0xFF}}},
	{{{90, 90, -47}, 0, {-260, 495}, {0x06, 0x3D, 0x6F, 0xFF}}},
	{{{119, 83, -44}, 0, {-260, 495}, {0x8B, 0xD7, 0x1E, 0xFF}}},
	{{{116, 105, -56}, 0, {-260, 495}, {0x82, 0xFB, 0x11, 0xFF}}},
	{{{83, 115, -19}, 0, {-260, 495}, {0xC6, 0xCC, 0x65, 0xFF}}},
	{{{114, 86, -23}, 0, {-260, 495}, {0xA7, 0xA7, 0xED, 0xFF}}},
	{{{93, 117, -23}, 0, {-260, 495}, {0xC9, 0xC5, 0x62, 0xFF}}},
	{{{64, 108, 27}, 0, {-260, 495}, {0xA3, 0xAD, 0x19, 0xFF}}},
	{{{95, 81, 23}, 0, {-260, 495}, {0xAD, 0xA6, 0x22, 0xFF}}},
	{{{64, 108, 27}, 0, {-260, 495}, {0xA3, 0xAD, 0x19, 0xFF}}},
	{{{95, 81, 23}, 0, {-260, 495}, {0xAD, 0xA6, 0x22, 0xFF}}},
	{{{120, 82, 36}, 0, {-260, 495}, {0xB1, 0xA0, 0xE8, 0xFF}}},
	{{{111, 113, 37}, 0, {-260, 495}, {0x8F, 0xDB, 0x2D, 0xFF}}},
	{{{87, 105, 37}, 0, {-260, 495}, {0xC5, 0xD3, 0x99, 0xFF}}},
	{{{114, 62, 65}, 0, {-260, 495}, {0xA2, 0xD1, 0xB9, 0xFF}}},
	{{{107, 86, 71}, 0, {-260, 495}, {0xA0, 0xF9, 0xAD, 0xFF}}},
	{{{99, 86, 67}, 0, {-260, 495}, {0xD1, 0xE9, 0x8C, 0xFF}}},
	{{{105, 79, 78}, 0, {-260, 495}, {0x90, 0xEF, 0xC7, 0xFF}}},
	{{{81, 64, 85}, 0, {-260, 495}, {0xAB, 0xBC, 0xC0, 0xFF}}},
	{{{105, 51, 80}, 0, {-260, 495}, {0xBF, 0xB5, 0xB1, 0xFF}}},
	{{{97, 61, 91}, 0, {-260, 495}, {0x92, 0xF1, 0xC2, 0xFF}}},
	{{{55, 55, 93}, 0, {-260, 495}, {0xE1, 0xBD, 0x99, 0xFF}}},
	{{{116, 44, 104}, 0, {-260, 495}, {0xA3, 0xAB, 0x13, 0xFF}}},
	{{{89, 47, 96}, 0, {-260, 495}, {0x04, 0x7A, 0x24, 0xFF}}},
	{{{110, 71, -88}, 0, {-260, 495}, {0xAA, 0x1B, 0x59, 0xFF}}},
	{{{120, 59, -75}, 0, {-260, 495}, {0xA1, 0xCC, 0x42, 0xFF}}},
	{{{90, 90, -47}, 0, {-260, 495}, {0xA3, 0xA9, 0xFD, 0xFF}}},
	{{{47, 59, -87}, 0, {-260, 495}, {0xF0, 0xAA, 0x5D, 0xFF}}},
	{{{109, 44, -114}, 0, {-260, 495}, {0xBB, 0xA5, 0x38, 0xFF}}},
	{{{86, 49, -96}, 0, {-260, 495}, {0xF9, 0x76, 0xD3, 0xFF}}},
	{{{47, 59, -87}, 0, {-260, 495}, {0xEE, 0x57, 0xA5, 0xFF}}},
	{{{110, 71, -88}, 0, {-260, 495}, {0xEE, 0x5A, 0xA8, 0xFF}}},
	{{{109, 44, -114}, 0, {-260, 495}, {0xF1, 0x59, 0xA6, 0xFF}}},
	{{{147, 54, -111}, 0, {-260, 495}, {0x02, 0x63, 0xB0, 0xFF}}},
	{{{110, 18, -139}, 0, {764, -17}, {0xF0, 0x56, 0xA4, 0xFF}}},
	{{{45, -96, 87}, 0, {1788, 495}, {0x1A, 0x89, 0x24, 0xFF}}},
	{{{66, -118, -1}, 0, {1788, 495}, {0x0A, 0x86, 0x21, 0xFF}}},
	{{{34, -120, 38}, 0, {1788, -17}, {0xCB, 0x6D, 0xD8, 0xFF}}},
	{{{-55, -134, 61}, 0, {1788, 495}, {0x23, 0x8C, 0x25, 0xFF}}},
	{{{45, -96, 87}, 0, {1788, 495}, {0xD5, 0x24, 0x72, 0xFF}}},
	{{{-44, -114, 59}, 0, {1788, 495}, {0x92, 0x3E, 0x0D, 0xFF}}},
	{{{-55, -134, 61}, 0, {1788, 495}, {0x91, 0x3A, 0xEA, 0xFF}}},
	{{{66, -118, -1}, 0, {1788, 495}, {0xC5, 0x14, 0x92, 0xFF}}},
	{{{113, 12, -81}, 0, {-260, 495}, {0x8F, 0xE6, 0xCC, 0xFF}}},
	{{{76, 40, -77}, 0, {-260, 495}, {0xA0, 0xC3, 0xC7, 0xFF}}},
	{{{114, 41, -78}, 0, {-260, 495}, {0x99, 0xCA, 0xCD, 0xFF}}},
	{{{76, 11, -82}, 0, {-260, 495}, {0x99, 0xCD, 0xCA, 0xFF}}},
	{{{95, -54, -55}, 0, {-260, 495}, {0x84, 0xFD, 0xE6, 0xFF}}},
	{{{46, 10, -85}, 0, {-260, 495}, {0xA1, 0xCA, 0xBF, 0xFF}}},
	{{{38, -38, -60}, 0, {-260, 495}, {0x94, 0xBF, 0xF0, 0xFF}}},
	{{{33, -62, -31}, 0, {-260, 495}, {0x92, 0xFC, 0xC0, 0xFF}}},
	{{{93, -71, 0}, 0, {-260, 495}, {0x8A, 0xFF, 0xD2, 0xFF}}},
	{{{33, -62, 31}, 0, {-260, 495}, {0x88, 0x08, 0xD7, 0xFF}}},
	{{{95, -54, 55}, 0, {-260, 495}, {0x90, 0x07, 0xC4, 0xFF}}},
	{{{38, -38, 60}, 0, {-260, 495}, {0x8D, 0xF2, 0xCC, 0xFF}}},
	{{{46, 10, 85}, 0, {-260, 495}, {0xBE, 0xDF, 0x99, 0xFF}}},
	{{{76, 11, 82}, 0, {-260, 495}, {0xBB, 0xE4, 0x99, 0xFF}}},
	{{{113, 12, 81}, 0, {-260, 495}, {0xAD, 0xF0, 0xA1, 0xFF}}},
	{{{76, 40, 77}, 0, {-260, 495}, {0xBA, 0xD6, 0x9E, 0xFF}}},
	{{{114, 41, 78}, 0, {-260, 495}, {0xB2, 0xD8, 0xA4, 0xFF}}},
	{{{76, 62, 61}, 0, {-260, 495}, {0xBA, 0xCE, 0xA3, 0xFF}}},
	{{{114, 63, 62}, 0, {-260, 495}, {0xB2, 0xD0, 0xA8, 0xFF}}},
	{{{76, 74, 26}, 0, {-260, 495}, {0xB5, 0xC6, 0xAB, 0xFF}}},
	{{{115, 77, 28}, 0, {-260, 495}, {0xAE, 0xC9, 0xB0, 0xFF}}},
	{{{115, 81, 0}, 0, {-260, 495}, {0xAA, 0xC4, 0xB8, 0xFF}}},
	{{{76, 79, 0}, 0, {-260, 495}, {0xB3, 0xBE, 0xB4, 0xFF}}},
	{{{115, 77, -28}, 0, {-260, 495}, {0xA5, 0xC2, 0xC0, 0xFF}}},
	{{{76, 74, -26}, 0, {-260, 495}, {0xAE, 0xBE, 0xB9, 0xFF}}},
	{{{114, 63, -62}, 0, {-260, 495}, {0x9E, 0xC3, 0xCA, 0xFF}}},
	{{{76, 62, -61}, 0, {-260, 495}, {0xA6, 0xBD, 0xC4, 0xFF}}},
	{{{50, 41, -78}, 0, {-260, 495}, {0xA6, 0xC2, 0xC0, 0xFF}}},
	{{{29, 11, -80}, 0, {-260, 495}, {0xCD, 0xF2, 0x8D, 0xFF}}},
	{{{29, 42, -74}, 0, {-260, 495}, {0xD1, 0x20, 0x8F, 0xFF}}},
	{{{8, 10, -64}, 0, {-260, 495}, {0x9C, 0xEF, 0xB4, 0xFF}}},
	{{{29, 42, -74}, 0, {-260, 495}, {0xD1, 0x20, 0x8F, 0xFF}}},
	{{{29, 11, -80}, 0, {-260, 495}, {0xCD, 0xF2, 0x8D, 0xFF}}},
	{{{24, -11, -68}, 0, {-260, 495}, {0xA4, 0xBB, 0xCA, 0xFF}}},
	{{{46, 10, -85}, 0, {-260, 495}, {0xA1, 0xCA, 0xBF, 0xFF}}},
	{{{38, -38, -60}, 0, {-260, 495}, {0x94, 0xBF, 0xF0, 0xFF}}},
	{{{10, -31, -33}, 0, {-260, 495}, {0x8D, 0xE3, 0xD2, 0xFF}}},
	{{{33, -62, -31}, 0, {-260, 495}, {0x92, 0xFC, 0xC0, 0xFF}}},
	{{{10, -31, 33}, 0, {-260, 495}, {0x96, 0xE6, 0xBF, 0xFF}}},
	{{{33, -62, 31}, 0, {-260, 495}, {0x88, 0x08, 0xD7, 0xFF}}},
	{{{38, -38, 60}, 0, {-260, 495}, {0x8D, 0xF2, 0xCC, 0xFF}}},
	{{{24, -11, 68}, 0, {-260, 495}, {0x96, 0xBF, 0x1B, 0xFF}}},
	{{{46, 10, 85}, 0, {-260, 495}, {0xBE, 0xDF, 0x99, 0xFF}}},
	{{{29, 11, 80}, 0, {-260, 495}, {0xCB, 0xF2, 0x73, 0xFF}}},
	{{{50, 41, 78}, 0, {-260, 495}, {0xBD, 0xD5, 0x9D, 0xFF}}},
	{{{76, 40, 77}, 0, {-260, 495}, {0xBA, 0xD6, 0x9E, 0xFF}}},
	{{{76, 11, 82}, 0, {-260, 495}, {0xBB, 0xE4, 0x99, 0xFF}}},
	{{{76, 62, 61}, 0, {-260, 495}, {0xBA, 0xCE, 0xA3, 0xFF}}},
	{{{50, 63, 61}, 0, {-260, 495}, {0xBF, 0xCC, 0xA0, 0xFF}}},
	{{{53, 76, 35}, 0, {-260, 495}, {0xBA, 0xCB, 0xA4, 0xFF}}},
	{{{76, 74, 26}, 0, {-260, 495}, {0xB5, 0xC6, 0xAB, 0xFF}}},
	{{{60, 88, 9}, 0, {-260, 495}, {0xB0, 0xCF, 0xAA, 0xFF}}},
	{{{76, 79, 0}, 0, {-260, 495}, {0xB3, 0xBE, 0xB4, 0xFF}}},
	{{{60, 88, -9}, 0, {-260, 495}, {0xA2, 0xDC, 0xB2, 0xFF}}},
	{{{76, 74, -26}, 0, {-260, 495}, {0xAE, 0xBE, 0xB9, 0xFF}}},
	{{{53, 76, -35}, 0, {-260, 495}, {0xB0, 0xBB, 0xBA, 0xFF}}},
	{{{76, 62, -61}, 0, {-260, 495}, {0xA6, 0xBD, 0xC4, 0xFF}}},
	{{{50, 63, -61}, 0, {-260, 495}, {0xAF, 0xB8, 0xBD, 0xFF}}},
	{{{50, 41, -78}, 0, {-260, 495}, {0xA6, 0xC2, 0xC0, 0xFF}}},
	{{{29, 61, -66}, 0, {-260, 495}, {0xE1, 0x46, 0x9B, 0xFF}}},
	{{{8, 46, -60}, 0, {-260, 495}, {0xA2, 0x20, 0xB1, 0xFF}}},
	{{{-4, 56, -28}, 0, {-260, 495}, {0x89, 0x1F, 0xE1, 0xFF}}},
	{{{-5, 10, -26}, 0, {-260, 495}, {0x84, 0xEC, 0xEC, 0xFF}}},
	{{{-5, 10, 26}, 0, {-260, 495}, {0x84, 0xEC, 0x15, 0xFF}}},
	{{{8, 10, 63}, 0, {-260, 495}, {0x9B, 0xF0, 0x4B, 0xFF}}},
	{{{29, 42, 74}, 0, {-260, 495}, {0xCF, 0x20, 0x71, 0xFF}}},
	{{{29, 61, 66}, 0, {-260, 495}, {0xE0, 0x46, 0x65, 0xFF}}},
	{{{28, 81, 49}, 0, {-260, 495}, {0xED, 0x66, 0x49, 0xFF}}},
	{{{40, 99, 10}, 0, {-260, 495}, {0xFC, 0x78, 0x2A, 0xFF}}},
	{{{52, 103, 0}, 0, {-260, 495}, {0x2F, 0x76, 0x00, 0xFF}}},
	{{{40, 99, -10}, 0, {-260, 495}, {0xFC, 0x78, 0xD6, 0xFF}}},
	{{{28, 81, -49}, 0, {-260, 495}, {0xED, 0x66, 0xB7, 0xFF}}},
	{{{7, 72, -36}, 0, {-260, 495}, {0xA4, 0x49, 0xCF, 0xFF}}},
	{{{6, 83, 0}, 0, {-260, 495}, {0xA1, 0x55, 0x00, 0xFF}}},
	{{{-7, 60, 0}, 0, {-260, 495}, {0x86, 0x22, 0x00, 0xFF}}},
	{{{-4, 56, 28}, 0, {-260, 495}, {0x89, 0x1F, 0x20, 0xFF}}},
	{{{8, 46, 59}, 0, {-260, 495}, {0xA1, 0x1F, 0x4E, 0xFF}}},
	{{{7, 72, 36}, 0, {-260, 495}, {0xA4, 0x49, 0x31, 0xFF}}},
	{{{19, 91, 9}, 0, {-260, 495}, {0xC4, 0x6E, 0x14, 0xFF}}},
	{{{19, 91, -9}, 0, {-260, 495}, {0xC4, 0x6E, 0xEC, 0xFF}}},
};

Gfx squishy_Switch_optionnnn_please_work_Capless_Head_Switch_Option_Capless_Head_mesh_layer_1_tri_0[] = {
	gsSPVertex(squishy_Switch_optionnnn_please_work_Capless_Head_Switch_Option_Capless_Head_mesh_layer_1_vtx_0 + 0, 64, 0),
	gsSP2Triangles(0, 1, 2, 0, 1, 3, 2, 0),
	gsSP2Triangles(4, 3, 1, 0, 4, 1, 5, 0),
	gsSP2Triangles(1, 6, 5, 0, 6, 7, 5, 0),
	gsSP2Triangles(8, 7, 6, 0, 7, 9, 5, 0),
	gsSP2Triangles(9, 7, 10, 0, 9, 11, 5, 0),
	gsSP2Triangles(11, 4, 5, 0, 12, 13, 14, 0),
	gsSP2Triangles(14, 13, 15, 0, 16, 15, 13, 0),
	gsSP2Triangles(17, 16, 13, 0, 18, 17, 13, 0),
	gsSP2Triangles(19, 18, 13, 0, 20, 19, 13, 0),
	gsSP2Triangles(21, 20, 13, 0, 22, 21, 13, 0),
	gsSP2Triangles(21, 22, 23, 0, 22, 24, 23, 0),
	gsSP2Triangles(22, 25, 24, 0, 26, 25, 22, 0),
	gsSP2Triangles(22, 27, 26, 0, 26, 27, 28, 0),
	gsSP2Triangles(28, 27, 29, 0, 29, 27, 30, 0),
	gsSP2Triangles(30, 27, 31, 0, 31, 27, 32, 0),
	gsSP2Triangles(32, 27, 33, 0, 34, 33, 27, 0),
	gsSP2Triangles(35, 34, 27, 0, 36, 26, 28, 0),
	gsSP2Triangles(37, 26, 36, 0, 38, 26, 37, 0),
	gsSP2Triangles(25, 26, 38, 0, 39, 20, 21, 0),
	gsSP2Triangles(40, 39, 21, 0, 41, 40, 21, 0),
	gsSP2Triangles(23, 41, 21, 0, 42, 43, 44, 0),
	gsSP2Triangles(45, 42, 44, 0, 46, 45, 44, 0),
	gsSP2Triangles(47, 45, 46, 0, 47, 46, 48, 0),
	gsSP2Triangles(46, 49, 48, 0, 50, 49, 46, 0),
	gsSP2Triangles(51, 50, 46, 0, 51, 46, 52, 0),
	gsSP2Triangles(46, 53, 52, 0, 53, 46, 54, 0),
	gsSP2Triangles(53, 55, 52, 0, 56, 42, 57, 0),
	gsSP2Triangles(42, 58, 57, 0, 59, 58, 42, 0),
	gsSP2Triangles(42, 60, 59, 0, 42, 61, 60, 0),
	gsSP2Triangles(61, 42, 45, 0, 45, 62, 61, 0),
	gsSP1Triangle(45, 63, 62, 0),
	gsSPVertex(squishy_Switch_optionnnn_please_work_Capless_Head_Switch_Option_Capless_Head_mesh_layer_1_vtx_0 + 64, 64, 0),
	gsSP2Triangles(0, 1, 2, 0, 3, 0, 2, 0),
	gsSP2Triangles(3, 4, 0, 0, 4, 5, 0, 0),
	gsSP2Triangles(4, 6, 5, 0, 5, 7, 0, 0),
	gsSP2Triangles(5, 8, 7, 0, 9, 8, 5, 0),
	gsSP2Triangles(10, 8, 9, 0, 11, 8, 10, 0),
	gsSP2Triangles(10, 12, 11, 0, 13, 8, 11, 0),
	gsSP2Triangles(7, 8, 13, 0, 14, 13, 11, 0),
	gsSP2Triangles(15, 16, 17, 0, 16, 15, 18, 0),
	gsSP2Triangles(19, 16, 18, 0, 19, 20, 16, 0),
	gsSP2Triangles(16, 20, 21, 0, 20, 22, 21, 0),
	gsSP2Triangles(23, 22, 20, 0, 23, 20, 24, 0),
	gsSP2Triangles(24, 20, 25, 0, 23, 24, 26, 0),
	gsSP2Triangles(26, 24, 27, 0, 24, 28, 27, 0),
	gsSP2Triangles(24, 29, 28, 0, 28, 29, 30, 0),
	gsSP2Triangles(30, 29, 31, 0, 30, 31, 32, 0),
	gsSP2Triangles(33, 32, 31, 0, 33, 31, 34, 0),
	gsSP2Triangles(35, 33, 34, 0, 35, 36, 33, 0),
	gsSP2Triangles(35, 1, 36, 0, 1, 37, 36, 0),
	gsSP2Triangles(37, 1, 38, 0, 38, 1, 0, 0),
	gsSP2Triangles(7, 38, 0, 0, 39, 38, 7, 0),
	gsSP2Triangles(36, 37, 40, 0, 40, 37, 41, 0),
	gsSP2Triangles(37, 42, 41, 0, 42, 37, 43, 0),
	gsSP2Triangles(37, 44, 43, 0, 44, 45, 43, 0),
	gsSP2Triangles(45, 44, 46, 0, 47, 40, 41, 0),
	gsSP2Triangles(48, 40, 47, 0, 49, 48, 47, 0),
	gsSP2Triangles(50, 49, 47, 0, 50, 47, 51, 0),
	gsSP2Triangles(51, 47, 52, 0, 52, 47, 53, 0),
	gsSP2Triangles(54, 51, 52, 0, 55, 51, 54, 0),
	gsSP2Triangles(56, 55, 54, 0, 55, 50, 51, 0),
	gsSP2Triangles(57, 50, 55, 0, 55, 58, 57, 0),
	gsSP2Triangles(58, 55, 59, 0, 57, 58, 60, 0),
	gsSP2Triangles(58, 61, 60, 0, 61, 62, 60, 0),
	gsSP2Triangles(62, 57, 60, 0, 62, 63, 57, 0),
	gsSPVertex(squishy_Switch_optionnnn_please_work_Capless_Head_Switch_Option_Capless_Head_mesh_layer_1_vtx_0 + 128, 64, 0),
	gsSP2Triangles(0, 1, 2, 0, 0, 3, 1, 0),
	gsSP2Triangles(4, 3, 0, 0, 3, 5, 1, 0),
	gsSP2Triangles(3, 6, 5, 0, 6, 3, 7, 0),
	gsSP2Triangles(8, 5, 6, 0, 8, 9, 5, 0),
	gsSP2Triangles(10, 9, 8, 0, 9, 11, 5, 0),
	gsSP2Triangles(12, 11, 9, 0, 12, 9, 13, 0),
	gsSP2Triangles(13, 9, 14, 0, 12, 15, 11, 0),
	gsSP2Triangles(16, 15, 12, 0, 16, 12, 17, 0),
	gsSP2Triangles(12, 18, 17, 0, 18, 19, 17, 0),
	gsSP2Triangles(20, 16, 17, 0, 20, 21, 16, 0),
	gsSP2Triangles(16, 21, 15, 0, 15, 21, 22, 0),
	gsSP2Triangles(23, 15, 22, 0, 24, 23, 22, 0),
	gsSP2Triangles(25, 24, 22, 0, 26, 24, 25, 0),
	gsSP2Triangles(15, 23, 27, 0, 23, 28, 27, 0),
	gsSP2Triangles(28, 1, 27, 0, 1, 28, 2, 0),
	gsSP2Triangles(2, 28, 29, 0, 30, 2, 29, 0),
	gsSP2Triangles(1, 5, 27, 0, 5, 11, 27, 0),
	gsSP2Triangles(15, 27, 11, 0, 31, 8, 6, 0),
	gsSP2Triangles(32, 19, 33, 0, 33, 19, 34, 0),
	gsSP2Triangles(33, 34, 35, 0, 36, 37, 38, 0),
	gsSP2Triangles(39, 36, 38, 0, 39, 38, 40, 0),
	gsSP2Triangles(40, 38, 41, 0, 41, 38, 42, 0),
	gsSP2Triangles(43, 42, 38, 0, 41, 42, 44, 0),
	gsSP2Triangles(45, 41, 44, 0, 45, 44, 46, 0),
	gsSP2Triangles(46, 44, 47, 0, 46, 47, 48, 0),
	gsSP2Triangles(49, 48, 47, 0, 50, 46, 48, 0),
	gsSP2Triangles(51, 46, 50, 0, 52, 51, 50, 0),
	gsSP2Triangles(53, 51, 52, 0, 53, 54, 51, 0),
	gsSP2Triangles(55, 54, 53, 0, 56, 55, 53, 0),
	gsSP2Triangles(57, 55, 56, 0, 58, 55, 57, 0),
	gsSP2Triangles(59, 58, 57, 0, 60, 58, 59, 0),
	gsSP2Triangles(60, 54, 58, 0, 60, 61, 54, 0),
	gsSP2Triangles(60, 62, 61, 0, 62, 63, 61, 0),
	gsSPVertex(squishy_Switch_optionnnn_please_work_Capless_Head_Switch_Option_Capless_Head_mesh_layer_1_vtx_0 + 192, 64, 0),
	gsSP2Triangles(0, 1, 2, 0, 1, 3, 2, 0),
	gsSP2Triangles(3, 4, 2, 0, 2, 4, 5, 0),
	gsSP2Triangles(4, 6, 5, 0, 4, 7, 6, 0),
	gsSP2Triangles(7, 8, 6, 0, 6, 8, 9, 0),
	gsSP2Triangles(5, 6, 9, 0, 9, 10, 5, 0),
	gsSP2Triangles(11, 5, 10, 0, 5, 11, 12, 0),
	gsSP2Triangles(5, 0, 2, 0, 5, 13, 14, 0),
	gsSP2Triangles(15, 16, 17, 0, 18, 16, 15, 0),
	gsSP2Triangles(18, 15, 19, 0, 16, 18, 20, 0),
	gsSP2Triangles(16, 20, 21, 0, 22, 16, 21, 0),
	gsSP2Triangles(23, 22, 21, 0, 24, 23, 21, 0),
	gsSP2Triangles(24, 21, 25, 0, 26, 23, 24, 0),
	gsSP2Triangles(23, 26, 27, 0, 26, 24, 28, 0),
	gsSP2Triangles(29, 22, 23, 0, 22, 29, 30, 0),
	gsSP2Triangles(23, 31, 32, 0, 32, 33, 23, 0),
	gsSP2Triangles(32, 34, 33, 0, 23, 33, 35, 0),
	gsSP2Triangles(35, 33, 36, 0, 37, 38, 39, 0),
	gsSP2Triangles(37, 39, 40, 0, 39, 41, 40, 0),
	gsSP2Triangles(41, 39, 42, 0, 41, 42, 43, 0),
	gsSP2Triangles(43, 42, 44, 0, 16, 44, 42, 0),
	gsSP2Triangles(16, 42, 45, 0, 16, 22, 44, 0),
	gsSP2Triangles(22, 46, 44, 0, 46, 43, 44, 0),
	gsSP2Triangles(39, 47, 48, 0, 49, 47, 39, 0),
	gsSP2Triangles(49, 50, 47, 0, 51, 52, 53, 0),
	gsSP2Triangles(51, 53, 41, 0, 41, 53, 54, 0),
	gsSP2Triangles(51, 41, 55, 0, 41, 43, 55, 0),
	gsSP2Triangles(56, 57, 58, 0, 58, 57, 59, 0),
	gsSP2Triangles(57, 60, 59, 0, 60, 61, 59, 0),
	gsSP2Triangles(62, 61, 60, 0, 62, 60, 63, 0),
	gsSPVertex(squishy_Switch_optionnnn_please_work_Capless_Head_Switch_Option_Capless_Head_mesh_layer_1_vtx_0 + 256, 64, 0),
	gsSP2Triangles(0, 1, 2, 0, 3, 0, 2, 0),
	gsSP2Triangles(3, 2, 4, 0, 4, 2, 5, 0),
	gsSP2Triangles(6, 4, 5, 0, 6, 5, 7, 0),
	gsSP2Triangles(5, 8, 7, 0, 9, 8, 5, 0),
	gsSP2Triangles(10, 9, 5, 0, 9, 10, 11, 0),
	gsSP2Triangles(12, 11, 10, 0, 13, 12, 10, 0),
	gsSP2Triangles(14, 13, 10, 0, 15, 16, 17, 0),
	gsSP2Triangles(18, 16, 15, 0, 18, 19, 16, 0),
	gsSP2Triangles(19, 20, 16, 0, 21, 22, 23, 0),
	gsSP2Triangles(22, 24, 23, 0, 23, 24, 25, 0),
	gsSP2Triangles(26, 27, 28, 0, 27, 26, 29, 0),
	gsSP2Triangles(30, 31, 32, 0, 31, 33, 32, 0),
	gsSP2Triangles(34, 35, 36, 0, 34, 37, 35, 0),
	gsSP2Triangles(34, 38, 37, 0, 37, 38, 39, 0),
	gsSP2Triangles(38, 40, 39, 0, 40, 38, 41, 0),
	gsSP2Triangles(38, 42, 41, 0, 41, 42, 43, 0),
	gsSP2Triangles(42, 44, 43, 0, 44, 45, 43, 0),
	gsSP2Triangles(46, 45, 44, 0, 46, 44, 47, 0),
	gsSP2Triangles(47, 44, 48, 0, 48, 49, 47, 0),
	gsSP2Triangles(48, 50, 49, 0, 50, 51, 49, 0),
	gsSP2Triangles(50, 52, 51, 0, 52, 53, 51, 0),
	gsSP2Triangles(52, 54, 53, 0, 55, 53, 54, 0),
	gsSP2Triangles(55, 56, 53, 0, 57, 56, 55, 0),
	gsSP2Triangles(57, 58, 56, 0, 59, 58, 57, 0),
	gsSP2Triangles(59, 60, 58, 0, 36, 60, 59, 0),
	gsSP2Triangles(36, 35, 60, 0, 60, 35, 61, 0),
	gsSP2Triangles(39, 61, 35, 0, 39, 35, 37, 0),
	gsSP2Triangles(62, 61, 39, 0, 62, 63, 61, 0),
	gsSPVertex(squishy_Switch_optionnnn_please_work_Capless_Head_Switch_Option_Capless_Head_mesh_layer_1_vtx_0 + 320, 50, 0),
	gsSP2Triangles(0, 1, 2, 0, 2, 3, 0, 0),
	gsSP2Triangles(2, 4, 3, 0, 4, 5, 3, 0),
	gsSP2Triangles(3, 5, 6, 0, 6, 5, 7, 0),
	gsSP2Triangles(8, 6, 7, 0, 8, 7, 9, 0),
	gsSP2Triangles(10, 8, 9, 0, 8, 10, 11, 0),
	gsSP2Triangles(11, 10, 12, 0, 13, 11, 12, 0),
	gsSP2Triangles(13, 12, 14, 0, 12, 15, 14, 0),
	gsSP2Triangles(12, 16, 15, 0, 17, 14, 15, 0),
	gsSP2Triangles(17, 18, 14, 0, 17, 19, 18, 0),
	gsSP2Triangles(20, 19, 17, 0, 19, 20, 21, 0),
	gsSP2Triangles(21, 20, 22, 0, 23, 21, 22, 0),
	gsSP2Triangles(22, 24, 23, 0, 25, 23, 24, 0),
	gsSP2Triangles(26, 25, 24, 0, 27, 25, 26, 0),
	gsSP2Triangles(26, 28, 27, 0, 28, 29, 27, 0),
	gsSP2Triangles(1, 29, 28, 0, 30, 29, 1, 0),
	gsSP2Triangles(0, 30, 1, 0, 30, 0, 31, 0),
	gsSP2Triangles(31, 0, 32, 0, 0, 6, 32, 0),
	gsSP2Triangles(0, 3, 6, 0, 32, 6, 8, 0),
	gsSP2Triangles(32, 8, 33, 0, 33, 8, 34, 0),
	gsSP2Triangles(34, 8, 11, 0, 34, 11, 13, 0),
	gsSP2Triangles(34, 13, 35, 0, 13, 14, 35, 0),
	gsSP2Triangles(14, 36, 35, 0, 18, 36, 14, 0),
	gsSP2Triangles(18, 37, 36, 0, 19, 37, 18, 0),
	gsSP2Triangles(37, 19, 38, 0, 19, 21, 38, 0),
	gsSP2Triangles(39, 38, 21, 0, 23, 39, 21, 0),
	gsSP2Triangles(40, 39, 23, 0, 25, 40, 23, 0),
	gsSP2Triangles(41, 40, 25, 0, 25, 27, 41, 0),
	gsSP2Triangles(27, 29, 41, 0, 29, 42, 41, 0),
	gsSP2Triangles(30, 42, 29, 0, 30, 31, 42, 0),
	gsSP2Triangles(43, 42, 31, 0, 31, 44, 43, 0),
	gsSP2Triangles(32, 44, 31, 0, 33, 44, 32, 0),
	gsSP2Triangles(45, 44, 33, 0, 34, 45, 33, 0),
	gsSP2Triangles(46, 45, 34, 0, 34, 35, 46, 0),
	gsSP2Triangles(46, 35, 36, 0, 46, 36, 47, 0),
	gsSP2Triangles(47, 36, 37, 0, 47, 37, 48, 0),
	gsSP2Triangles(37, 38, 48, 0, 48, 38, 40, 0),
	gsSP2Triangles(38, 39, 40, 0, 48, 40, 49, 0),
	gsSP2Triangles(49, 40, 41, 0, 41, 42, 49, 0),
	gsSP2Triangles(42, 43, 49, 0, 43, 48, 49, 0),
	gsSP2Triangles(43, 47, 48, 0, 43, 45, 47, 0),
	gsSP2Triangles(45, 43, 44, 0, 46, 47, 45, 0),
	gsSPEndDisplayList(),
};

Vtx squishy_Switch_optionnnn_please_work_Left_Wing_DL_mesh_layer_4_vtx_0[4] = {
	{{{0, 0, 0}, 0, {-16, 2032}, {0x07, 0xDA, 0x79, 0xFF}}},
	{{{246, -81, -39}, 0, {2032, 2032}, {0x07, 0xDA, 0x79, 0xFF}}},
	{{{335, 155, 29}, 0, {2032, -16}, {0x07, 0xDA, 0x79, 0xFF}}},
	{{{89, 236, 69}, 0, {-16, -16}, {0x07, 0xDA, 0x79, 0xFF}}},
};

Gfx squishy_Switch_optionnnn_please_work_Left_Wing_DL_mesh_layer_4_tri_0[] = {
	gsSPVertex(squishy_Switch_optionnnn_please_work_Left_Wing_DL_mesh_layer_4_vtx_0 + 0, 4, 0),
	gsSP2Triangles(0, 1, 2, 0, 0, 2, 3, 0),
	gsSPEndDisplayList(),
};

Vtx squishy_Switch_optionnnn_please_work_Right_Wing_DL_mesh_layer_4_vtx_0[4] = {
	{{{0, 0, 0}, 0, {-16, 2032}, {0x07, 0xDA, 0x87, 0xFF}}},
	{{{89, 236, -69}, 0, {-16, -16}, {0x07, 0xDA, 0x87, 0xFF}}},
	{{{335, 155, -29}, 0, {2032, -16}, {0x07, 0xDA, 0x87, 0xFF}}},
	{{{246, -81, 39}, 0, {2032, 2032}, {0x07, 0xDA, 0x87, 0xFF}}},
};

Gfx squishy_Switch_optionnnn_please_work_Right_Wing_DL_mesh_layer_4_tri_0[] = {
	gsSPVertex(squishy_Switch_optionnnn_please_work_Right_Wing_DL_mesh_layer_4_vtx_0 + 0, 4, 0),
	gsSP2Triangles(0, 1, 2, 0, 0, 2, 3, 0),
	gsSPEndDisplayList(),
};

Vtx squishy_Switch_optionnnn_please_work_Left_Arm_Color_mesh_layer_1_vtx_0[26] = {
	{{{26, 10, -38}, 0, {-260, 495}, {0x01, 0x0E, 0x82, 0x00}}},
	{{{84, 41, -27}, 0, {-260, 495}, {0x23, 0x58, 0xAC, 0x00}}},
	{{{81, -5, -41}, 0, {-260, 495}, {0x21, 0xE4, 0x88, 0x00}}},
	{{{27, 47, -13}, 0, {-260, 495}, {0x05, 0x74, 0xCC, 0x00}}},
	{{{-8, 31, -34}, 0, {-260, 495}, {0xD6, 0x3C, 0x99, 0x00}}},
	{{{-11, -20, -35}, 0, {-260, 495}, {0xD5, 0xCC, 0x94, 0x00}}},
	{{{27, -32, -22}, 0, {-260, 495}, {0x04, 0x9D, 0xB1, 0x00}}},
	{{{82, -41, -12}, 0, {-260, 495}, {0x21, 0x8B, 0xDA, 0x00}}},
	{{{114, -12, -21}, 0, {-260, 495}, {0x63, 0xD7, 0xBB, 0x00}}},
	{{{115, 26, -17}, 0, {-260, 495}, {0x64, 0x35, 0xC7, 0x00}}},
	{{{86, 50, 16}, 0, {-260, 495}, {0x23, 0x74, 0x26, 0x00}}},
	{{{28, 41, 27}, 0, {-260, 495}, {0x00, 0x5F, 0x55, 0x00}}},
	{{{-7, 55, 2}, 0, {-260, 495}, {0xD1, 0x76, 0x04, 0x00}}},
	{{{-30, 18, -16}, 0, {-260, 495}, {0x8F, 0x22, 0xD2, 0x00}}},
	{{{-30, -13, -16}, 0, {-260, 495}, {0x8E, 0xE1, 0xD1, 0x00}}},
	{{{-12, -46, 0}, 0, {-260, 495}, {0xCF, 0x8B, 0xFE, 0x00}}},
	{{{28, -37, 19}, 0, {-260, 495}, {0x01, 0x8C, 0x33, 0x00}}},
	{{{85, -31, 31}, 0, {-260, 495}, {0x28, 0xA8, 0x52, 0x00}}},
	{{{116, -15, 17}, 0, {-260, 495}, {0x6D, 0xC9, 0x23, 0x00}}},
	{{{117, 26, 17}, 0, {-260, 495}, {0x6C, 0x31, 0x2D, 0x00}}},
	{{{87, 15, 45}, 0, {-260, 495}, {0x24, 0x16, 0x78, 0x00}}},
	{{{28, -10, 41}, 0, {-260, 495}, {0xFA, 0xE3, 0x7C, 0x00}}},
	{{{-9, 29, 36}, 0, {-260, 495}, {0xC8, 0x33, 0x66, 0x00}}},
	{{{-30, 17, 6}, 0, {-260, 495}, {0x89, 0x1F, 0x20, 0x00}}},
	{{{-31, -13, 6}, 0, {-260, 495}, {0x89, 0xE2, 0x1F, 0x00}}},
	{{{-11, -21, 35}, 0, {-260, 495}, {0xC4, 0xCC, 0x63, 0x00}}},
};

Gfx squishy_Switch_optionnnn_please_work_Left_Arm_Color_mesh_layer_1_tri_0[] = {
	gsSPVertex(squishy_Switch_optionnnn_please_work_Left_Arm_Color_mesh_layer_1_vtx_0 + 0, 26, 0),
	gsSP2Triangles(0, 1, 2, 0, 0, 3, 1, 0),
	gsSP2Triangles(3, 0, 4, 0, 0, 5, 4, 0),
	gsSP2Triangles(0, 6, 5, 0, 6, 0, 2, 0),
	gsSP2Triangles(6, 2, 7, 0, 7, 2, 8, 0),
	gsSP2Triangles(2, 1, 8, 0, 1, 9, 8, 0),
	gsSP2Triangles(1, 10, 9, 0, 3, 10, 1, 0),
	gsSP2Triangles(3, 11, 10, 0, 11, 3, 12, 0),
	gsSP2Triangles(3, 4, 12, 0, 12, 4, 13, 0),
	gsSP2Triangles(5, 13, 4, 0, 5, 14, 13, 0),
	gsSP2Triangles(5, 15, 14, 0, 6, 15, 5, 0),
	gsSP2Triangles(6, 16, 15, 0, 16, 6, 7, 0),
	gsSP2Triangles(16, 7, 17, 0, 17, 7, 18, 0),
	gsSP2Triangles(18, 7, 8, 0, 8, 9, 18, 0),
	gsSP2Triangles(9, 19, 18, 0, 10, 19, 9, 0),
	gsSP2Triangles(10, 20, 19, 0, 11, 20, 10, 0),
	gsSP2Triangles(11, 21, 20, 0, 21, 11, 22, 0),
	gsSP2Triangles(11, 12, 22, 0, 22, 12, 23, 0),
	gsSP2Triangles(23, 12, 13, 0, 13, 24, 23, 0),
	gsSP2Triangles(13, 14, 24, 0, 15, 24, 14, 0),
	gsSP2Triangles(15, 25, 24, 0, 16, 25, 15, 0),
	gsSP2Triangles(16, 21, 25, 0, 21, 16, 17, 0),
	gsSP2Triangles(21, 17, 20, 0, 20, 17, 18, 0),
	gsSP2Triangles(19, 20, 18, 0, 21, 22, 25, 0),
	gsSP2Triangles(25, 22, 23, 0, 25, 23, 24, 0),
	gsSPEndDisplayList(),
};

Vtx squishy_Switch_optionnnn_please_work_Left_Forearm_mesh_layer_1_vtx_0[47] = {
	{{{39, -40, 7}, 0, {-260, 495}, {0xFF, 0x82, 0x10, 0x00}}},
	{{{70, -34, -29}, 0, {-260, 495}, {0xF9, 0x97, 0xBA, 0x00}}},
	{{{73, -37, 19}, 0, {-260, 495}, {0x06, 0x8E, 0x38, 0x00}}},
	{{{34, -23, -35}, 0, {-260, 495}, {0xF3, 0xB4, 0x9B, 0x00}}},
	{{{-8, -39, -8}, 0, {-260, 495}, {0xD6, 0x8E, 0xDD, 0x00}}},
	{{{-7, -28, 34}, 0, {-260, 495}, {0xDB, 0xAA, 0x55, 0x00}}},
	{{{41, -13, 44}, 0, {-260, 495}, {0x05, 0xC9, 0x72, 0x00}}},
	{{{75, 2, 46}, 0, {-260, 495}, {0x13, 0xF6, 0x7D, 0x00}}},
	{{{39, 25, 44}, 0, {-260, 495}, {0x04, 0x3C, 0x70, 0x00}}},
	{{{74, 45, 25}, 0, {-260, 495}, {0x00, 0x6B, 0x44, 0x00}}},
	{{{34, 50, -4}, 0, {-260, 495}, {0xFB, 0x7E, 0xF5, 0x00}}},
	{{{70, 49, -23}, 0, {-260, 495}, {0xF7, 0x71, 0xC8, 0x00}}},
	{{{32, 23, -40}, 0, {-260, 495}, {0xF0, 0x31, 0x8C, 0x00}}},
	{{{68, 9, -50}, 0, {-260, 495}, {0xF1, 0x08, 0x82, 0x00}}},
	{{{-8, -5, -38}, 0, {-260, 495}, {0xD1, 0xE6, 0x8D, 0x00}}},
	{{{-41, 3, -13}, 0, {-260, 495}, {0x93, 0x00, 0xBF, 0x00}}},
	{{{-41, -17, 5}, 0, {-260, 495}, {0x94, 0xBD, 0xFE, 0x00}}},
	{{{-40, 0, 22}, 0, {-260, 495}, {0x96, 0xFF, 0x46, 0x00}}},
	{{{-4, 16, 47}, 0, {-260, 495}, {0xD6, 0x1E, 0x74, 0x00}}},
	{{{-4, 49, 17}, 0, {-260, 495}, {0xD8, 0x72, 0x27, 0x00}}},
	{{{-5, 39, -25}, 0, {-260, 495}, {0xD3, 0x59, 0xB1, 0x00}}},
	{{{-40, 20, 4}, 0, {-260, 495}, {0x93, 0x41, 0x07, 0x00}}},
	{{{70, -34, -29}, 0, {-260, 495}, {0x81, 0xFF, 0x0A, 0x00}}},
	{{{74, -49, 24}, 0, {-260, 495}, {0xC6, 0x9C, 0x34, 0x00}}},
	{{{73, -37, 19}, 0, {-260, 495}, {0x81, 0xFF, 0x0A, 0x00}}},
	{{{69, -44, -36}, 0, {-260, 495}, {0xC0, 0xA4, 0xC4, 0x00}}},
	{{{67, 10, -62}, 0, {-260, 495}, {0xBC, 0x08, 0x95, 0x00}}},
	{{{68, 9, -50}, 0, {-260, 495}, {0x81, 0x01, 0x0A, 0x00}}},
	{{{71, 65, -28}, 0, {-260, 495}, {0xCB, 0x69, 0xD1, 0x00}}},
	{{{70, 49, -23}, 0, {-260, 495}, {0x81, 0x07, 0x06, 0x00}}},
	{{{74, 45, 25}, 0, {-260, 495}, {0x82, 0x06, 0x10, 0x00}}},
	{{{75, 61, 32}, 0, {-260, 495}, {0xD1, 0x60, 0x44, 0x00}}},
	{{{75, 2, 46}, 0, {-260, 495}, {0x81, 0x01, 0x0B, 0x00}}},
	{{{76, 1, 58}, 0, {-260, 495}, {0xC9, 0xF7, 0x72, 0x00}}},
	{{{102, -26, 37}, 0, {-260, 495}, {0xEF, 0xBB, 0x69, 0x00}}},
	{{{95, -46, -10}, 0, {-260, 495}, {0xE5, 0x84, 0xF6, 0x00}}},
	{{{91, -15, -51}, 0, {-260, 495}, {0xE8, 0xD0, 0x8D, 0x00}}},
	{{{93, 36, -45}, 0, {-260, 495}, {0xF8, 0x4B, 0x9A, 0x00}}},
	{{{100, 56, 2}, 0, {-260, 495}, {0x0B, 0x7E, 0x0D, 0x00}}},
	{{{105, 25, 43}, 0, {-260, 495}, {0xFF, 0x35, 0x74, 0x00}}},
	{{{133, -1, 62}, 0, {-260, 495}, {0x36, 0xF1, 0x72, 0x00}}},
	{{{122, -58, 26}, 0, {-260, 495}, {0x20, 0x91, 0x34, 0x00}}},
	{{{117, -55, -42}, 0, {-260, 495}, {0x1B, 0x97, 0xBF, 0x00}}},
	{{{124, 5, -74}, 0, {-260, 495}, {0x2A, 0xFE, 0x88, 0x00}}},
	{{{135, 62, -38}, 0, {-260, 495}, {0x3E, 0x5F, 0xC7, 0x00}}},
	{{{140, 59, 30}, 0, {-260, 495}, {0x44, 0x59, 0x3C, 0x00}}},
	{{{137, 0, -9}, 0, {-260, 495}, {0x96, 0xF0, 0xBD, 0x00}}},
};

Gfx squishy_Switch_optionnnn_please_work_Left_Forearm_mesh_layer_1_tri_0[] = {
	gsSPVertex(squishy_Switch_optionnnn_please_work_Left_Forearm_mesh_layer_1_vtx_0 + 0, 47, 0),
	gsSP2Triangles(0, 1, 2, 0, 0, 3, 1, 0),
	gsSP2Triangles(3, 0, 4, 0, 0, 5, 4, 0),
	gsSP2Triangles(0, 6, 5, 0, 6, 0, 2, 0),
	gsSP2Triangles(6, 2, 7, 0, 8, 6, 7, 0),
	gsSP2Triangles(8, 7, 9, 0, 10, 8, 9, 0),
	gsSP2Triangles(10, 9, 11, 0, 12, 10, 11, 0),
	gsSP2Triangles(12, 11, 13, 0, 3, 12, 13, 0),
	gsSP2Triangles(3, 13, 1, 0, 12, 3, 14, 0),
	gsSP2Triangles(3, 4, 14, 0, 4, 15, 14, 0),
	gsSP2Triangles(4, 16, 15, 0, 4, 5, 16, 0),
	gsSP2Triangles(5, 17, 16, 0, 5, 18, 17, 0),
	gsSP2Triangles(6, 18, 5, 0, 6, 8, 18, 0),
	gsSP2Triangles(8, 19, 18, 0, 8, 10, 19, 0),
	gsSP2Triangles(10, 20, 19, 0, 10, 12, 20, 0),
	gsSP2Triangles(12, 14, 20, 0, 20, 14, 15, 0),
	gsSP2Triangles(21, 20, 15, 0, 15, 17, 21, 0),
	gsSP2Triangles(15, 16, 17, 0, 18, 21, 17, 0),
	gsSP2Triangles(18, 19, 21, 0, 19, 20, 21, 0),
	gsSP2Triangles(22, 23, 24, 0, 22, 25, 23, 0),
	gsSP2Triangles(22, 26, 25, 0, 22, 27, 26, 0),
	gsSP2Triangles(27, 28, 26, 0, 27, 29, 28, 0),
	gsSP2Triangles(30, 28, 29, 0, 30, 31, 28, 0),
	gsSP2Triangles(32, 31, 30, 0, 32, 33, 31, 0),
	gsSP2Triangles(24, 33, 32, 0, 24, 23, 33, 0),
	gsSP2Triangles(23, 34, 33, 0, 23, 35, 34, 0),
	gsSP2Triangles(25, 35, 23, 0, 25, 36, 35, 0),
	gsSP2Triangles(26, 36, 25, 0, 26, 37, 36, 0),
	gsSP2Triangles(28, 37, 26, 0, 28, 38, 37, 0),
	gsSP2Triangles(31, 38, 28, 0, 31, 39, 38, 0),
	gsSP2Triangles(33, 39, 31, 0, 33, 34, 39, 0),
	gsSP2Triangles(39, 34, 40, 0, 34, 41, 40, 0),
	gsSP2Triangles(34, 35, 41, 0, 35, 42, 41, 0),
	gsSP2Triangles(35, 36, 42, 0, 36, 43, 42, 0),
	gsSP2Triangles(36, 37, 43, 0, 37, 44, 43, 0),
	gsSP2Triangles(37, 38, 44, 0, 38, 45, 44, 0),
	gsSP2Triangles(38, 39, 45, 0, 39, 40, 45, 0),
	gsSP2Triangles(46, 45, 40, 0, 46, 40, 41, 0),
	gsSP2Triangles(46, 41, 42, 0, 46, 42, 43, 0),
	gsSP2Triangles(46, 43, 44, 0, 46, 44, 45, 0),
	gsSPEndDisplayList(),
};

Vtx squishy_Switch_optionnnn_please_work_Left_Hand_DL_mesh_layer_1_vtx_0[20] = {
	{{{100, -28, -35}, 0, {-260, 495}, {0x51, 0xC2, 0xB5, 0x00}}},
	{{{53, 28, -60}, 0, {-260, 495}, {0x03, 0x34, 0x8C, 0x00}}},
	{{{105, 19, -35}, 0, {-260, 495}, {0x5B, 0x2E, 0xB5, 0x00}}},
	{{{43, -29, -60}, 0, {-260, 495}, {0xF7, 0xCF, 0x8B, 0x00}}},
	{{{37, -48, -38}, 0, {-260, 495}, {0xE9, 0x8D, 0xCF, 0x00}}},
	{{{93, -44, 9}, 0, {-260, 495}, {0x31, 0x8E, 0x1B, 0x00}}},
	{{{117, -25, 9}, 0, {-260, 495}, {0x70, 0xCB, 0x1B, 0x00}}},
	{{{120, 15, 12}, 0, {-260, 495}, {0x77, 0x1F, 0x1E, 0x00}}},
	{{{100, 38, 12}, 0, {-260, 495}, {0x45, 0x67, 0x1B, 0x00}}},
	{{{53, 47, -36}, 0, {-260, 495}, {0x04, 0x75, 0xCE, 0x00}}},
	{{{20, 32, -40}, 0, {-260, 495}, {0xA8, 0x41, 0xBF, 0x00}}},
	{{{10, -26, -41}, 0, {-260, 495}, {0x99, 0xDB, 0xBF, 0x00}}},
	{{{0, -28, 19}, 0, {-260, 495}, {0x8C, 0xD8, 0x22, 0x00}}},
	{{{28, -52, 17}, 0, {-260, 495}, {0xE0, 0x8A, 0x22, 0x00}}},
	{{{95, -25, 28}, 0, {-260, 495}, {0x33, 0xCD, 0x69, 0x00}}},
	{{{99, 19, 31}, 0, {-260, 495}, {0x3B, 0x21, 0x6B, 0x00}}},
	{{{35, 36, 45}, 0, {-260, 495}, {0xEC, 0x32, 0x73, 0x00}}},
	{{{44, 56, 21}, 0, {-260, 495}, {0xFC, 0x7A, 0x22, 0x00}}},
	{{{10, 39, 22}, 0, {-260, 495}, {0x9C, 0x46, 0x23, 0x00}}},
	{{{26, -31, 41}, 0, {-260, 495}, {0xE0, 0xCE, 0x70, 0x00}}},
};

Gfx squishy_Switch_optionnnn_please_work_Left_Hand_DL_mesh_layer_1_tri_0[] = {
	gsSPVertex(squishy_Switch_optionnnn_please_work_Left_Hand_DL_mesh_layer_1_vtx_0 + 0, 20, 0),
	gsSP2Triangles(0, 1, 2, 0, 0, 3, 1, 0),
	gsSP2Triangles(3, 0, 4, 0, 4, 0, 5, 0),
	gsSP2Triangles(0, 6, 5, 0, 0, 7, 6, 0),
	gsSP2Triangles(0, 2, 7, 0, 2, 8, 7, 0),
	gsSP2Triangles(2, 9, 8, 0, 2, 1, 9, 0),
	gsSP2Triangles(1, 10, 9, 0, 1, 11, 10, 0),
	gsSP2Triangles(1, 3, 11, 0, 3, 4, 11, 0),
	gsSP2Triangles(4, 12, 11, 0, 4, 13, 12, 0),
	gsSP2Triangles(13, 4, 5, 0, 14, 13, 5, 0),
	gsSP2Triangles(6, 14, 5, 0, 15, 14, 6, 0),
	gsSP2Triangles(15, 6, 7, 0, 7, 8, 15, 0),
	gsSP2Triangles(8, 16, 15, 0, 8, 17, 16, 0),
	gsSP2Triangles(9, 17, 8, 0, 10, 17, 9, 0),
	gsSP2Triangles(10, 18, 17, 0, 10, 12, 18, 0),
	gsSP2Triangles(10, 11, 12, 0, 18, 12, 19, 0),
	gsSP2Triangles(13, 19, 12, 0, 14, 19, 13, 0),
	gsSP2Triangles(15, 19, 14, 0, 15, 16, 19, 0),
	gsSP2Triangles(18, 19, 16, 0, 18, 16, 17, 0),
	gsSPEndDisplayList(),
};

Vtx squishy_Switch_optionnnn_please_work_Left_Hand_Open_Switch_Option_Left_Hand_Open_mesh_layer_1_vtx_0[20] = {
	{{{95, 27, -10}, 0, {-260, 495}, {0x53, 0x00, 0xA0, 0x00}}},
	{{{10, 41, -50}, 0, {-260, 495}, {0x05, 0x20, 0x85, 0x00}}},
	{{{68, 68, -8}, 0, {-260, 495}, {0x29, 0x5A, 0xB0, 0x00}}},
	{{{55, -20, -26}, 0, {-260, 495}, {0x54, 0x08, 0xA1, 0x00}}},
	{{{107, 7, 17}, 0, {-260, 495}, {0x5D, 0xC2, 0x3B, 0x00}}},
	{{{114, 42, 12}, 0, {-260, 495}, {0x78, 0x22, 0x19, 0x00}}},
	{{{94, 69, 14}, 0, {-260, 495}, {0x54, 0x59, 0x22, 0x00}}},
	{{{62, 79, 19}, 0, {-260, 495}, {0x06, 0x67, 0x4A, 0x00}}},
	{{{3, 58, -38}, 0, {-260, 495}, {0xD9, 0x60, 0xB7, 0x00}}},
	{{{-18, 30, -41}, 0, {-260, 495}, {0x99, 0x09, 0xB6, 0x00}}},
	{{{3, -27, -40}, 0, {-260, 495}, {0xB7, 0xCB, 0xA7, 0x00}}},
	{{{64, -43, -43}, 0, {-260, 495}, {0x6C, 0xE9, 0xC1, 0x00}}},
	{{{57, -22, -1}, 0, {-260, 495}, {0x37, 0xA4, 0x45, 0x00}}},
	{{{44, -6, 12}, 0, {-260, 495}, {0xF9, 0xD5, 0x77, 0x00}}},
	{{{3, 48, 11}, 0, {-260, 495}, {0xD7, 0x16, 0x76, 0x00}}},
	{{{-2, 66, -3}, 0, {-260, 495}, {0xBD, 0x68, 0x1C, 0x00}}},
	{{{-23, 37, 0}, 0, {-260, 495}, {0x8F, 0x11, 0x38, 0x00}}},
	{{{2, -28, 0}, 0, {-260, 495}, {0xB5, 0xBB, 0x4C, 0x00}}},
	{{{28, -55, -18}, 0, {-260, 495}, {0xE8, 0x83, 0xFE, 0x00}}},
	{{{49, -60, -46}, 0, {-260, 495}, {0x20, 0xA0, 0xB4, 0x00}}},
};

Gfx squishy_Switch_optionnnn_please_work_Left_Hand_Open_Switch_Option_Left_Hand_Open_mesh_layer_1_tri_0[] = {
	gsSPVertex(squishy_Switch_optionnnn_please_work_Left_Hand_Open_Switch_Option_Left_Hand_Open_mesh_layer_1_vtx_0 + 0, 20, 0),
	gsSP2Triangles(0, 1, 2, 0, 1, 0, 3, 0),
	gsSP2Triangles(3, 0, 4, 0, 0, 5, 4, 0),
	gsSP2Triangles(0, 6, 5, 0, 0, 2, 6, 0),
	gsSP2Triangles(2, 7, 6, 0, 2, 8, 7, 0),
	gsSP2Triangles(2, 1, 8, 0, 1, 9, 8, 0),
	gsSP2Triangles(1, 10, 9, 0, 1, 3, 10, 0),
	gsSP2Triangles(10, 3, 11, 0, 3, 12, 11, 0),
	gsSP2Triangles(12, 3, 4, 0, 4, 13, 12, 0),
	gsSP2Triangles(7, 13, 4, 0, 7, 4, 5, 0),
	gsSP2Triangles(7, 5, 6, 0, 7, 14, 13, 0),
	gsSP2Triangles(7, 15, 14, 0, 8, 15, 7, 0),
	gsSP2Triangles(9, 15, 8, 0, 9, 16, 15, 0),
	gsSP2Triangles(9, 17, 16, 0, 9, 10, 17, 0),
	gsSP2Triangles(17, 10, 18, 0, 10, 19, 18, 0),
	gsSP2Triangles(10, 11, 19, 0, 19, 11, 18, 0),
	gsSP2Triangles(11, 12, 18, 0, 12, 17, 18, 0),
	gsSP2Triangles(12, 13, 17, 0, 16, 17, 13, 0),
	gsSP2Triangles(16, 13, 14, 0, 16, 14, 15, 0),
	gsSPEndDisplayList(),
};

Vtx squishy_Switch_optionnnn_please_work_Right_Arm_Color_mesh_layer_1_vtx_0[26] = {
	{{{26, 10, 39}, 0, {-260, 495}, {0x01, 0x0E, 0x7E, 0x00}}},
	{{{81, -5, 42}, 0, {-260, 495}, {0x21, 0xE4, 0x78, 0x00}}},
	{{{84, 41, 28}, 0, {-260, 495}, {0x23, 0x58, 0x54, 0x00}}},
	{{{27, -32, 23}, 0, {-260, 495}, {0x04, 0x9D, 0x4F, 0x00}}},
	{{{-11, -20, 36}, 0, {-260, 495}, {0xD5, 0xCC, 0x6C, 0x00}}},
	{{{-8, 31, 35}, 0, {-260, 495}, {0xD6, 0x3C, 0x67, 0x00}}},
	{{{27, 47, 14}, 0, {-260, 495}, {0x05, 0x74, 0x34, 0x00}}},
	{{{86, 50, -15}, 0, {-260, 495}, {0x23, 0x74, 0xDA, 0x00}}},
	{{{115, 26, 18}, 0, {-260, 495}, {0x64, 0x35, 0x39, 0x00}}},
	{{{114, -12, 22}, 0, {-260, 495}, {0x63, 0xD7, 0x45, 0x00}}},
	{{{82, -41, 13}, 0, {-260, 495}, {0x21, 0x8B, 0x26, 0x00}}},
	{{{28, -37, -18}, 0, {-260, 495}, {0x01, 0x8C, 0xCD, 0x00}}},
	{{{-12, -46, 1}, 0, {-260, 495}, {0xCF, 0x8B, 0x02, 0x00}}},
	{{{-30, -13, 17}, 0, {-260, 495}, {0x8E, 0xE1, 0x2F, 0x00}}},
	{{{-30, 18, 17}, 0, {-260, 495}, {0x8F, 0x22, 0x2E, 0x00}}},
	{{{-7, 55, -1}, 0, {-260, 495}, {0xD1, 0x76, 0xFC, 0x00}}},
	{{{28, 41, -26}, 0, {-260, 495}, {0x00, 0x5F, 0xAB, 0x00}}},
	{{{87, 15, -44}, 0, {-260, 495}, {0x24, 0x16, 0x88, 0x00}}},
	{{{117, 26, -16}, 0, {-260, 495}, {0x6C, 0x31, 0xD3, 0x00}}},
	{{{116, -15, -16}, 0, {-260, 495}, {0x6D, 0xC9, 0xDD, 0x00}}},
	{{{85, -31, -30}, 0, {-260, 495}, {0x28, 0xA8, 0xAE, 0x00}}},
	{{{28, -10, -40}, 0, {-260, 495}, {0xFA, 0xE3, 0x84, 0x00}}},
	{{{-11, -21, -34}, 0, {-260, 495}, {0xC4, 0xCC, 0x9D, 0x00}}},
	{{{-31, -13, -5}, 0, {-260, 495}, {0x89, 0xE2, 0xE1, 0x00}}},
	{{{-30, 17, -5}, 0, {-260, 495}, {0x89, 0x1F, 0xE0, 0x00}}},
	{{{-9, 29, -35}, 0, {-260, 495}, {0xC8, 0x33, 0x9A, 0x00}}},
};

Gfx squishy_Switch_optionnnn_please_work_Right_Arm_Color_mesh_layer_1_tri_0[] = {
	gsSPVertex(squishy_Switch_optionnnn_please_work_Right_Arm_Color_mesh_layer_1_vtx_0 + 0, 26, 0),
	gsSP2Triangles(0, 1, 2, 0, 3, 1, 0, 0),
	gsSP2Triangles(0, 4, 3, 0, 0, 5, 4, 0),
	gsSP2Triangles(6, 5, 0, 0, 0, 2, 6, 0),
	gsSP2Triangles(6, 2, 7, 0, 2, 8, 7, 0),
	gsSP2Triangles(2, 9, 8, 0, 1, 9, 2, 0),
	gsSP2Triangles(10, 9, 1, 0, 3, 10, 1, 0),
	gsSP2Triangles(11, 10, 3, 0, 3, 12, 11, 0),
	gsSP2Triangles(3, 4, 12, 0, 4, 13, 12, 0),
	gsSP2Triangles(4, 14, 13, 0, 4, 5, 14, 0),
	gsSP2Triangles(15, 14, 5, 0, 6, 15, 5, 0),
	gsSP2Triangles(16, 15, 6, 0, 6, 7, 16, 0),
	gsSP2Triangles(16, 7, 17, 0, 7, 18, 17, 0),
	gsSP2Triangles(7, 8, 18, 0, 8, 19, 18, 0),
	gsSP2Triangles(9, 19, 8, 0, 19, 9, 10, 0),
	gsSP2Triangles(20, 19, 10, 0, 11, 20, 10, 0),
	gsSP2Triangles(21, 20, 11, 0, 11, 22, 21, 0),
	gsSP2Triangles(11, 12, 22, 0, 12, 23, 22, 0),
	gsSP2Triangles(12, 13, 23, 0, 14, 23, 13, 0),
	gsSP2Triangles(14, 24, 23, 0, 24, 14, 15, 0),
	gsSP2Triangles(25, 24, 15, 0, 16, 25, 15, 0),
	gsSP2Triangles(21, 25, 16, 0, 16, 17, 21, 0),
	gsSP2Triangles(21, 17, 20, 0, 17, 19, 20, 0),
	gsSP2Triangles(18, 19, 17, 0, 21, 22, 25, 0),
	gsSP2Triangles(22, 24, 25, 0, 22, 23, 24, 0),
	gsSPEndDisplayList(),
};

Vtx squishy_Switch_optionnnn_please_work_Right_Forearm_mesh_layer_1_vtx_0[47] = {
	{{{39, -40, -6}, 0, {-260, 495}, {0xFF, 0x82, 0xF0, 0x00}}},
	{{{73, -37, -18}, 0, {-260, 495}, {0x06, 0x8E, 0xC8, 0x00}}},
	{{{70, -34, 30}, 0, {-260, 495}, {0xF9, 0x97, 0x46, 0x00}}},
	{{{41, -13, -43}, 0, {-260, 495}, {0x05, 0xC9, 0x8E, 0x00}}},
	{{{-7, -28, -33}, 0, {-260, 495}, {0xDB, 0xAA, 0xAB, 0x00}}},
	{{{-8, -39, 9}, 0, {-260, 495}, {0xD6, 0x8E, 0x23, 0x00}}},
	{{{34, -23, 36}, 0, {-260, 495}, {0xF3, 0xB4, 0x65, 0x00}}},
	{{{68, 9, 51}, 0, {-260, 495}, {0xF1, 0x08, 0x7E, 0x00}}},
	{{{32, 23, 41}, 0, {-260, 495}, {0xF0, 0x31, 0x74, 0x00}}},
	{{{70, 49, 24}, 0, {-260, 495}, {0xF7, 0x71, 0x38, 0x00}}},
	{{{34, 50, 5}, 0, {-260, 495}, {0xFB, 0x7E, 0x0B, 0x00}}},
	{{{74, 45, -24}, 0, {-260, 495}, {0x00, 0x6B, 0xBC, 0x00}}},
	{{{39, 25, -43}, 0, {-260, 495}, {0x04, 0x3C, 0x90, 0x00}}},
	{{{75, 2, -45}, 0, {-260, 495}, {0x13, 0xF6, 0x83, 0x00}}},
	{{{-4, 16, -46}, 0, {-260, 495}, {0xD6, 0x1E, 0x8C, 0x00}}},
	{{{-40, 0, -21}, 0, {-260, 495}, {0x96, 0xFF, 0xBA, 0x00}}},
	{{{-41, -17, -4}, 0, {-260, 495}, {0x94, 0xBD, 0x02, 0x00}}},
	{{{-41, 3, 14}, 0, {-260, 495}, {0x93, 0x00, 0x41, 0x00}}},
	{{{-8, -5, 39}, 0, {-260, 495}, {0xD1, 0xE6, 0x73, 0x00}}},
	{{{-5, 39, 26}, 0, {-260, 495}, {0xD3, 0x59, 0x4F, 0x00}}},
	{{{-4, 49, -16}, 0, {-260, 495}, {0xD8, 0x72, 0xD9, 0x00}}},
	{{{-40, 20, -3}, 0, {-260, 495}, {0x93, 0x41, 0xF9, 0x00}}},
	{{{70, -34, 30}, 0, {-260, 495}, {0x81, 0xFF, 0xF6, 0x00}}},
	{{{73, -37, -18}, 0, {-260, 495}, {0x81, 0xFF, 0xF6, 0x00}}},
	{{{74, -49, -23}, 0, {-260, 495}, {0xC6, 0x9C, 0xCC, 0x00}}},
	{{{76, 1, -57}, 0, {-260, 495}, {0xC9, 0xF7, 0x8E, 0x00}}},
	{{{75, 2, -45}, 0, {-260, 495}, {0x81, 0x01, 0xF5, 0x00}}},
	{{{75, 61, -31}, 0, {-260, 495}, {0xD1, 0x60, 0xBC, 0x00}}},
	{{{74, 45, -24}, 0, {-260, 495}, {0x82, 0x06, 0xF0, 0x00}}},
	{{{71, 65, 29}, 0, {-260, 495}, {0xCB, 0x69, 0x2F, 0x00}}},
	{{{70, 49, 24}, 0, {-260, 495}, {0x81, 0x07, 0xFA, 0x00}}},
	{{{68, 9, 51}, 0, {-260, 495}, {0x81, 0x01, 0xF6, 0x00}}},
	{{{67, 10, 63}, 0, {-260, 495}, {0xBC, 0x08, 0x6B, 0x00}}},
	{{{69, -44, 37}, 0, {-260, 495}, {0xC0, 0xA4, 0x3C, 0x00}}},
	{{{95, -46, 11}, 0, {-260, 495}, {0xE5, 0x84, 0x0A, 0x00}}},
	{{{102, -26, -36}, 0, {-260, 495}, {0xEF, 0xBB, 0x97, 0x00}}},
	{{{105, 25, -42}, 0, {-260, 495}, {0xFF, 0x35, 0x8C, 0x00}}},
	{{{100, 56, -1}, 0, {-260, 495}, {0x0B, 0x7E, 0xF3, 0x00}}},
	{{{93, 36, 46}, 0, {-260, 495}, {0xF8, 0x4B, 0x66, 0x00}}},
	{{{91, -15, 52}, 0, {-260, 495}, {0xE8, 0xD0, 0x73, 0x00}}},
	{{{117, -55, 43}, 0, {-260, 495}, {0x1B, 0x97, 0x41, 0x00}}},
	{{{122, -58, -25}, 0, {-260, 495}, {0x20, 0x91, 0xCC, 0x00}}},
	{{{133, -1, -61}, 0, {-260, 495}, {0x36, 0xF1, 0x8E, 0x00}}},
	{{{140, 59, -29}, 0, {-260, 495}, {0x44, 0x59, 0xC4, 0x00}}},
	{{{135, 62, 39}, 0, {-260, 495}, {0x3E, 0x5F, 0x39, 0x00}}},
	{{{124, 5, 75}, 0, {-260, 495}, {0x2A, 0xFE, 0x78, 0x00}}},
	{{{137, 0, 10}, 0, {-260, 495}, {0x96, 0xF0, 0x43, 0x00}}},
};

Gfx squishy_Switch_optionnnn_please_work_Right_Forearm_mesh_layer_1_tri_0[] = {
	gsSPVertex(squishy_Switch_optionnnn_please_work_Right_Forearm_mesh_layer_1_vtx_0 + 0, 47, 0),
	gsSP2Triangles(0, 1, 2, 0, 3, 1, 0, 0),
	gsSP2Triangles(0, 4, 3, 0, 0, 5, 4, 0),
	gsSP2Triangles(6, 5, 0, 0, 0, 2, 6, 0),
	gsSP2Triangles(6, 2, 7, 0, 6, 7, 8, 0),
	gsSP2Triangles(8, 7, 9, 0, 8, 9, 10, 0),
	gsSP2Triangles(10, 9, 11, 0, 10, 11, 12, 0),
	gsSP2Triangles(12, 11, 13, 0, 12, 13, 3, 0),
	gsSP2Triangles(3, 13, 1, 0, 3, 14, 12, 0),
	gsSP2Triangles(3, 4, 14, 0, 4, 15, 14, 0),
	gsSP2Triangles(4, 16, 15, 0, 5, 16, 4, 0),
	gsSP2Triangles(5, 17, 16, 0, 5, 18, 17, 0),
	gsSP2Triangles(6, 18, 5, 0, 8, 18, 6, 0),
	gsSP2Triangles(8, 19, 18, 0, 10, 19, 8, 0),
	gsSP2Triangles(10, 20, 19, 0, 12, 20, 10, 0),
	gsSP2Triangles(12, 14, 20, 0, 14, 21, 20, 0),
	gsSP2Triangles(14, 15, 21, 0, 17, 21, 15, 0),
	gsSP2Triangles(17, 15, 16, 0, 21, 17, 19, 0),
	gsSP2Triangles(19, 17, 18, 0, 20, 21, 19, 0),
	gsSP2Triangles(22, 23, 24, 0, 23, 25, 24, 0),
	gsSP2Triangles(23, 26, 25, 0, 26, 27, 25, 0),
	gsSP2Triangles(26, 28, 27, 0, 28, 29, 27, 0),
	gsSP2Triangles(28, 30, 29, 0, 31, 29, 30, 0),
	gsSP2Triangles(31, 32, 29, 0, 22, 32, 31, 0),
	gsSP2Triangles(22, 33, 32, 0, 22, 24, 33, 0),
	gsSP2Triangles(33, 24, 34, 0, 24, 35, 34, 0),
	gsSP2Triangles(24, 25, 35, 0, 25, 36, 35, 0),
	gsSP2Triangles(25, 27, 36, 0, 27, 37, 36, 0),
	gsSP2Triangles(27, 29, 37, 0, 29, 38, 37, 0),
	gsSP2Triangles(29, 32, 38, 0, 32, 39, 38, 0),
	gsSP2Triangles(32, 33, 39, 0, 33, 34, 39, 0),
	gsSP2Triangles(34, 40, 39, 0, 34, 41, 40, 0),
	gsSP2Triangles(35, 41, 34, 0, 35, 42, 41, 0),
	gsSP2Triangles(36, 42, 35, 0, 36, 43, 42, 0),
	gsSP2Triangles(37, 43, 36, 0, 37, 44, 43, 0),
	gsSP2Triangles(38, 44, 37, 0, 38, 45, 44, 0),
	gsSP2Triangles(39, 45, 38, 0, 39, 40, 45, 0),
	gsSP2Triangles(46, 45, 40, 0, 46, 40, 41, 0),
	gsSP2Triangles(46, 41, 42, 0, 46, 42, 43, 0),
	gsSP2Triangles(46, 43, 44, 0, 46, 44, 45, 0),
	gsSPEndDisplayList(),
};

Vtx squishy_Switch_optionnnn_please_work_Right_Hand_DL_mesh_layer_1_vtx_0[20] = {
	{{{100, -28, 36}, 0, {-260, 495}, {0x51, 0xC2, 0x4B, 0x00}}},
	{{{105, 19, 36}, 0, {-260, 495}, {0x5B, 0x2E, 0x4B, 0x00}}},
	{{{53, 28, 61}, 0, {-260, 495}, {0x03, 0x34, 0x74, 0x00}}},
	{{{120, 15, -11}, 0, {-260, 495}, {0x77, 0x1F, 0xE2, 0x00}}},
	{{{117, -25, -8}, 0, {-260, 495}, {0x70, 0xCB, 0xE5, 0x00}}},
	{{{93, -44, -8}, 0, {-260, 495}, {0x31, 0x8E, 0xE5, 0x00}}},
	{{{37, -48, 39}, 0, {-260, 495}, {0xE9, 0x8D, 0x31, 0x00}}},
	{{{43, -29, 61}, 0, {-260, 495}, {0xF7, 0xCF, 0x75, 0x00}}},
	{{{10, -26, 42}, 0, {-260, 495}, {0x99, 0xDB, 0x41, 0x00}}},
	{{{20, 32, 41}, 0, {-260, 495}, {0xA8, 0x41, 0x41, 0x00}}},
	{{{53, 47, 37}, 0, {-260, 495}, {0x04, 0x75, 0x32, 0x00}}},
	{{{100, 38, -11}, 0, {-260, 495}, {0x45, 0x67, 0xE5, 0x00}}},
	{{{99, 19, -30}, 0, {-260, 495}, {0x3B, 0x21, 0x95, 0x00}}},
	{{{95, -25, -27}, 0, {-260, 495}, {0x33, 0xCD, 0x97, 0x00}}},
	{{{28, -52, -16}, 0, {-260, 495}, {0xE0, 0x8A, 0xDE, 0x00}}},
	{{{0, -28, -18}, 0, {-260, 495}, {0x8C, 0xD8, 0xDE, 0x00}}},
	{{{10, 39, -21}, 0, {-260, 495}, {0x9C, 0x46, 0xDD, 0x00}}},
	{{{44, 56, -20}, 0, {-260, 495}, {0xFC, 0x7A, 0xDE, 0x00}}},
	{{{35, 36, -44}, 0, {-260, 495}, {0xEC, 0x32, 0x8D, 0x00}}},
	{{{26, -31, -40}, 0, {-260, 495}, {0xE0, 0xCE, 0x90, 0x00}}},
};

Gfx squishy_Switch_optionnnn_please_work_Right_Hand_DL_mesh_layer_1_tri_0[] = {
	gsSPVertex(squishy_Switch_optionnnn_please_work_Right_Hand_DL_mesh_layer_1_vtx_0 + 0, 20, 0),
	gsSP2Triangles(0, 1, 2, 0, 0, 3, 1, 0),
	gsSP2Triangles(0, 4, 3, 0, 0, 5, 4, 0),
	gsSP2Triangles(6, 5, 0, 0, 7, 6, 0, 0),
	gsSP2Triangles(0, 2, 7, 0, 2, 8, 7, 0),
	gsSP2Triangles(2, 9, 8, 0, 2, 10, 9, 0),
	gsSP2Triangles(1, 10, 2, 0, 1, 11, 10, 0),
	gsSP2Triangles(1, 3, 11, 0, 3, 12, 11, 0),
	gsSP2Triangles(12, 3, 4, 0, 12, 4, 13, 0),
	gsSP2Triangles(4, 5, 13, 0, 13, 5, 14, 0),
	gsSP2Triangles(14, 5, 6, 0, 6, 15, 14, 0),
	gsSP2Triangles(6, 8, 15, 0, 7, 8, 6, 0),
	gsSP2Triangles(9, 15, 8, 0, 9, 16, 15, 0),
	gsSP2Triangles(9, 17, 16, 0, 9, 10, 17, 0),
	gsSP2Triangles(10, 11, 17, 0, 11, 18, 17, 0),
	gsSP2Triangles(11, 12, 18, 0, 12, 19, 18, 0),
	gsSP2Triangles(12, 13, 19, 0, 13, 14, 19, 0),
	gsSP2Triangles(14, 15, 19, 0, 16, 19, 15, 0),
	gsSP2Triangles(16, 18, 19, 0, 16, 17, 18, 0),
	gsSPEndDisplayList(),
};

Vtx squishy_Switch_optionnnn_please_work_Right_Hand_Open_Switch_Option_Right_Hand_Open_mesh_layer_1_vtx_0[20] = {
	{{{95, 29, 7}, 0, {-260, 495}, {0x53, 0x00, 0x60, 0x00}}},
	{{{94, 71, -17}, 0, {-260, 495}, {0x54, 0x59, 0xDE, 0x00}}},
	{{{68, 70, 5}, 0, {-260, 495}, {0x29, 0x5A, 0x50, 0x00}}},
	{{{114, 44, -15}, 0, {-260, 495}, {0x78, 0x22, 0xE7, 0x00}}},
	{{{107, 9, -20}, 0, {-260, 495}, {0x5D, 0xC2, 0xC5, 0x00}}},
	{{{55, -18, 23}, 0, {-260, 495}, {0x54, 0x08, 0x5F, 0x00}}},
	{{{10, 43, 47}, 0, {-260, 495}, {0x05, 0x20, 0x7B, 0x00}}},
	{{{3, 60, 35}, 0, {-260, 495}, {0xD9, 0x60, 0x49, 0x00}}},
	{{{62, 81, -22}, 0, {-260, 495}, {0x06, 0x67, 0xB6, 0x00}}},
	{{{44, -4, -14}, 0, {-260, 495}, {0xF9, 0xD5, 0x89, 0x00}}},
	{{{57, -20, -1}, 0, {-260, 495}, {0x37, 0xA4, 0xBB, 0x00}}},
	{{{64, -41, 40}, 0, {-260, 495}, {0x6C, 0xE9, 0x3F, 0x00}}},
	{{{3, -25, 37}, 0, {-260, 495}, {0xB7, 0xCB, 0x59, 0x00}}},
	{{{-18, 32, 39}, 0, {-260, 495}, {0x99, 0x09, 0x4A, 0x00}}},
	{{{-2, 68, 0}, 0, {-260, 495}, {0xBD, 0x68, 0xE4, 0x00}}},
	{{{3, 50, -14}, 0, {-260, 495}, {0xD7, 0x16, 0x8A, 0x00}}},
	{{{-23, 39, -2}, 0, {-260, 495}, {0x8F, 0x11, 0xC8, 0x00}}},
	{{{2, -25, -3}, 0, {-260, 495}, {0xB5, 0xBB, 0xB4, 0x00}}},
	{{{28, -53, 15}, 0, {-260, 495}, {0xE8, 0x83, 0x02, 0x00}}},
	{{{49, -58, 43}, 0, {-260, 495}, {0x20, 0xA0, 0x4C, 0x00}}},
};

Gfx squishy_Switch_optionnnn_please_work_Right_Hand_Open_Switch_Option_Right_Hand_Open_mesh_layer_1_tri_0[] = {
	gsSPVertex(squishy_Switch_optionnnn_please_work_Right_Hand_Open_Switch_Option_Right_Hand_Open_mesh_layer_1_vtx_0 + 0, 20, 0),
	gsSP2Triangles(0, 1, 2, 0, 0, 3, 1, 0),
	gsSP2Triangles(0, 4, 3, 0, 5, 4, 0, 0),
	gsSP2Triangles(6, 5, 0, 0, 0, 2, 6, 0),
	gsSP2Triangles(2, 7, 6, 0, 2, 8, 7, 0),
	gsSP2Triangles(2, 1, 8, 0, 8, 1, 3, 0),
	gsSP2Triangles(8, 3, 4, 0, 8, 4, 9, 0),
	gsSP2Triangles(4, 10, 9, 0, 10, 4, 5, 0),
	gsSP2Triangles(5, 11, 10, 0, 12, 11, 5, 0),
	gsSP2Triangles(6, 12, 5, 0, 6, 13, 12, 0),
	gsSP2Triangles(6, 7, 13, 0, 13, 7, 14, 0),
	gsSP2Triangles(7, 8, 14, 0, 8, 15, 14, 0),
	gsSP2Triangles(8, 9, 15, 0, 16, 15, 9, 0),
	gsSP2Triangles(16, 9, 17, 0, 10, 17, 9, 0),
	gsSP2Triangles(10, 18, 17, 0, 11, 18, 10, 0),
	gsSP2Triangles(19, 18, 11, 0, 12, 19, 11, 0),
	gsSP2Triangles(12, 18, 19, 0, 17, 18, 12, 0),
	gsSP2Triangles(13, 17, 12, 0, 13, 16, 17, 0),
	gsSP2Triangles(13, 14, 16, 0, 16, 14, 15, 0),
	gsSPEndDisplayList(),
};

Vtx squishy_Switch_optionnnn_please_work_Right_Hand_Peace_Switch_Option_Right_Hand_Peace_mesh_layer_1_vtx_0[32] = {
	{{{-19, 19, 43}, 0, {-260, 495}, {0xA7, 0x02, 0x5B, 0x00}}},
	{{{-4, 45, 36}, 0, {-260, 495}, {0xC5, 0x48, 0x56, 0x00}}},
	{{{-11, 52, 3}, 0, {-260, 495}, {0xB7, 0x61, 0xDB, 0x00}}},
	{{{35, 17, 40}, 0, {-260, 495}, {0x13, 0xB0, 0x61, 0x00}}},
	{{{4, -24, 41}, 0, {-260, 495}, {0xB0, 0xC1, 0x4C, 0x00}}},
	{{{10, -41, 1}, 0, {-260, 495}, {0xCD, 0x9A, 0xC8, 0x00}}},
	{{{-27, 26, 1}, 0, {-260, 495}, {0x8D, 0x06, 0xCA, 0x00}}},
	{{{-4, 36, -10}, 0, {-260, 495}, {0xE5, 0x1D, 0x87, 0x00}}},
	{{{38, 70, 10}, 0, {-260, 495}, {0x1A, 0x74, 0xD5, 0x00}}},
	{{{19, 53, 42}, 0, {-260, 495}, {0xA5, 0x54, 0x1C, 0x00}}},
	{{{23, 12, 56}, 0, {-260, 495}, {0xBE, 0x9B, 0x29, 0x00}}},
	{{{66, 32, 35}, 0, {-260, 495}, {0x57, 0x27, 0x54, 0x00}}},
	{{{57, -16, 23}, 0, {-260, 495}, {0x64, 0xD8, 0x43, 0x00}}},
	{{{44, 25, 63}, 0, {-260, 495}, {0x3A, 0x68, 0x2B, 0x00}}},
	{{{15, 25, 67}, 0, {-260, 495}, {0xC4, 0x60, 0x39, 0x00}}},
	{{{37, -37, 48}, 0, {-260, 495}, {0x0B, 0x9C, 0x4D, 0x00}}},
	{{{52, -26, -10}, 0, {-260, 495}, {0x24, 0xAF, 0xA5, 0x00}}},
	{{{55, 1, -7}, 0, {-260, 495}, {0x07, 0x18, 0x84, 0x00}}},
	{{{57, 35, -4}, 0, {-260, 495}, {0x30, 0x3A, 0x9A, 0x00}}},
	{{{50, 64, 63}, 0, {-260, 495}, {0x24, 0x5B, 0x51, 0x00}}},
	{{{11, 48, 57}, 0, {-260, 495}, {0x8E, 0x1C, 0x30, 0x00}}},
	{{{69, 30, 61}, 0, {-260, 495}, {0x65, 0xDA, 0x42, 0x00}}},
	{{{111, 45, 29}, 0, {-260, 495}, {0x38, 0x70, 0xEC, 0x00}}},
	{{{119, 23, 21}, 0, {-260, 495}, {0x60, 0xE2, 0xB3, 0x00}}},
	{{{117, 22, 39}, 0, {-260, 495}, {0x51, 0xBF, 0x49, 0x00}}},
	{{{111, 37, 44}, 0, {-260, 495}, {0x2D, 0x3B, 0x67, 0x00}}},
	{{{76, 4, 26}, 0, {-260, 495}, {0x19, 0xDF, 0x78, 0x00}}},
	{{{121, -24, 21}, 0, {-260, 495}, {0x42, 0xBB, 0x54, 0x00}}},
	{{{57, -27, 39}, 0, {-260, 495}, {0x63, 0xBF, 0x2D, 0x00}}},
	{{{122, -30, 2}, 0, {-260, 495}, {0x45, 0xA3, 0xCC, 0x00}}},
	{{{125, -1, 19}, 0, {-260, 495}, {0x5A, 0x4A, 0x34, 0x00}}},
	{{{127, 0, 0}, 0, {-260, 495}, {0x5A, 0x26, 0xAF, 0x00}}},
};

Gfx squishy_Switch_optionnnn_please_work_Right_Hand_Peace_Switch_Option_Right_Hand_Peace_mesh_layer_1_tri_0[] = {
	gsSPVertex(squishy_Switch_optionnnn_please_work_Right_Hand_Peace_Switch_Option_Right_Hand_Peace_mesh_layer_1_vtx_0 + 0, 32, 0),
	gsSP2Triangles(0, 1, 2, 0, 3, 1, 0, 0),
	gsSP2Triangles(3, 0, 4, 0, 0, 5, 4, 0),
	gsSP2Triangles(0, 6, 5, 0, 0, 2, 6, 0),
	gsSP2Triangles(6, 2, 7, 0, 8, 7, 2, 0),
	gsSP2Triangles(1, 8, 2, 0, 9, 8, 1, 0),
	gsSP2Triangles(9, 1, 3, 0, 10, 9, 3, 0),
	gsSP2Triangles(3, 11, 10, 0, 3, 12, 11, 0),
	gsSP2Triangles(3, 4, 12, 0, 4, 13, 12, 0),
	gsSP2Triangles(4, 14, 13, 0, 15, 14, 4, 0),
	gsSP2Triangles(5, 15, 4, 0, 16, 15, 5, 0),
	gsSP2Triangles(6, 16, 5, 0, 6, 7, 16, 0),
	gsSP2Triangles(7, 17, 16, 0, 7, 18, 17, 0),
	gsSP2Triangles(8, 18, 7, 0, 8, 11, 18, 0),
	gsSP2Triangles(11, 8, 19, 0, 8, 9, 19, 0),
	gsSP2Triangles(19, 9, 20, 0, 10, 20, 9, 0),
	gsSP2Triangles(21, 20, 10, 0, 10, 11, 21, 0),
	gsSP2Triangles(11, 19, 21, 0, 21, 19, 20, 0),
	gsSP2Triangles(22, 18, 11, 0, 22, 23, 18, 0),
	gsSP2Triangles(23, 22, 24, 0, 22, 25, 24, 0),
	gsSP2Triangles(22, 11, 25, 0, 25, 11, 26, 0),
	gsSP2Triangles(26, 11, 12, 0, 27, 26, 12, 0),
	gsSP2Triangles(16, 27, 12, 0, 12, 28, 16, 0),
	gsSP2Triangles(12, 13, 28, 0, 28, 13, 14, 0),
	gsSP2Triangles(28, 14, 15, 0, 16, 28, 15, 0),
	gsSP2Triangles(29, 27, 16, 0, 29, 30, 27, 0),
	gsSP2Triangles(29, 31, 30, 0, 31, 29, 16, 0),
	gsSP2Triangles(31, 16, 17, 0, 17, 26, 31, 0),
	gsSP2Triangles(17, 23, 26, 0, 18, 23, 17, 0),
	gsSP2Triangles(26, 23, 24, 0, 25, 26, 24, 0),
	gsSP2Triangles(26, 27, 30, 0, 31, 26, 30, 0),
	gsSPEndDisplayList(),
};

Vtx squishy_Switch_optionnnn_please_work_Right_Hand_Cap_Switch_Option_Right_Hand_Cap_mesh_layer_1_vtx_0[146] = {
	{{{141, -155, 161}, 0, {-260, -529}, {0xC1, 0xE8, 0x6B, 0xFF}}},
	{{{139, -188, 151}, 0, {-260, -529}, {0x04, 0x88, 0x28, 0xFF}}},
	{{{167, -156, 176}, 0, {-260, 495}, {0x0E, 0xD0, 0x75, 0xFF}}},
	{{{165, -187, 143}, 0, {-260, -529}, {0x2F, 0x8B, 0x0F, 0xFF}}},
	{{{157, -167, 80}, 0, {-260, -529}, {0x34, 0x93, 0xD8, 0xFF}}},
	{{{102, -175, 51}, 0, {-260, 34}, {0x1F, 0x88, 0xE4, 0xFF}}},
	{{{204, -153, 149}, 0, {-260, -529}, {0x70, 0xCC, 0x1D, 0xFF}}},
	{{{195, -122, 98}, 0, {-260, -529}, {0x78, 0xE9, 0xDE, 0xFF}}},
	{{{191, -30, 109}, 0, {-260, -529}, {0x75, 0x28, 0xE4, 0xFF}}},
	{{{199, -13, 165}, 0, {-260, -529}, {0x6D, 0x33, 0x29, 0xFF}}},
	{{{151, 14, 102}, 0, {-260, -529}, {0x2C, 0x76, 0xF3, 0xFF}}},
	{{{158, 19, 168}, 0, {-260, -529}, {0x28, 0x71, 0x2A, 0xFF}}},
	{{{132, 17, 175}, 0, {-260, -529}, {0xFC, 0x6C, 0x43, 0xFF}}},
	{{{95, 25, 75}, 0, {-260, 34}, {0x17, 0x7D, 0x01, 0xFF}}},
	{{{162, -19, 192}, 0, {-260, 495}, {0x0C, 0x14, 0x7D, 0xFF}}},
	{{{136, -18, 177}, 0, {-260, -529}, {0xC0, 0xFA, 0x6E, 0xFF}}},
	{{{141, -155, 161}, 0, {-260, -529}, {0x89, 0xF8, 0x2C, 0xFF}}},
	{{{102, -175, 51}, 0, {-260, 34}, {0x87, 0xF8, 0x25, 0xFF}}},
	{{{139, -188, 151}, 0, {-260, -529}, {0x89, 0xF9, 0x2C, 0xFF}}},
	{{{95, 25, 75}, 0, {-260, 34}, {0x87, 0xF7, 0x25, 0xFF}}},
	{{{136, -18, 177}, 0, {-260, -529}, {0x89, 0xF6, 0x2C, 0xFF}}},
	{{{132, 17, 175}, 0, {-260, -529}, {0x89, 0xF4, 0x2B, 0xFF}}},
	{{{75, 37, -2}, 0, {-260, 495}, {0x88, 0xF2, 0x27, 0xFF}}},
	{{{82, -170, -27}, 0, {-260, 495}, {0x88, 0xFC, 0x29, 0xFF}}},
	{{{202, -133, 92}, 0, {-260, -529}, {0x68, 0xBA, 0x15, 0xFF}}},
	{{{195, -122, 98}, 0, {-260, -529}, {0x3D, 0xE7, 0x6C, 0xFF}}},
	{{{157, -167, 80}, 0, {-260, -529}, {0x4D, 0x9B, 0xFF, 0xFF}}},
	{{{198, -120, 82}, 0, {-260, -529}, {0x6E, 0xF5, 0xC1, 0xFF}}},
	{{{198, -20, 105}, 0, {-260, -529}, {0x66, 0x43, 0x22, 0xFF}}},
	{{{195, -30, 93}, 0, {-260, -529}, {0x6C, 0x22, 0xC7, 0xFF}}},
	{{{151, 14, 102}, 0, {-260, -529}, {0x48, 0x66, 0x17, 0xFF}}},
	{{{191, -30, 109}, 0, {-260, -529}, {0x3C, 0x09, 0x6F, 0xFF}}},
	{{{195, -122, 98}, 0, {-260, -529}, {0x3D, 0xE7, 0x6C, 0xFF}}},
	{{{43, -176, -121}, 0, {-260, 495}, {0x88, 0x00, 0x29, 0xFF}}},
	{{{59, -183, -75}, 0, {-260, -260}, {0x8B, 0x03, 0x31, 0xFF}}},
	{{{46, -56, -113}, 0, {318, 495}, {0x8A, 0xF6, 0x2D, 0xFF}}},
	{{{75, 37, -2}, 0, {-260, -456}, {0x88, 0xF2, 0x27, 0xFF}}},
	{{{50, 59, -46}, 0, {-260, -260}, {0x8C, 0xEA, 0x2E, 0xFF}}},
	{{{35, 63, -92}, 0, {-260, 495}, {0x88, 0xEF, 0x26, 0xFF}}},
	{{{223, -118, 48}, 0, {-260, -529}, {0x77, 0xE7, 0x26, 0xFF}}},
	{{{195, -30, 93}, 0, {-260, -529}, {0x5A, 0x10, 0x58, 0xFF}}},
	{{{198, -120, 82}, 0, {-260, -529}, {0x5C, 0xE2, 0x52, 0xFF}}},
	{{{220, -21, 60}, 0, {-260, -529}, {0x75, 0x17, 0x2C, 0xFF}}},
	{{{222, -113, -9}, 0, {-260, -529}, {0x7A, 0xEE, 0xE2, 0xFF}}},
	{{{210, -159, 48}, 0, {-260, -529}, {0x5C, 0xB0, 0x24, 0xFF}}},
	{{{157, -167, 80}, 0, {-260, -529}, {0x28, 0xA1, 0x4A, 0xFF}}},
	{{{150, -179, 64}, 0, {-260, -529}, {0x07, 0x8B, 0x32, 0xFF}}},
	{{{102, -175, 51}, 0, {-260, 34}, {0xE5, 0x86, 0x14, 0xFF}}},
	{{{133, -184, 18}, 0, {-260, -529}, {0xFA, 0x81, 0x03, 0xFF}}},
	{{{82, -170, -27}, 0, {-260, 495}, {0xCC, 0x98, 0xCE, 0xFF}}},
	{{{111, -174, -40}, 0, {-260, -529}, {0xE3, 0x93, 0xC5, 0xFF}}},
	{{{144, -173, -51}, 0, {-260, -529}, {0x09, 0x9C, 0xB3, 0xFF}}},
	{{{102, -146, -59}, 0, {-260, -529}, {0xCB, 0xCE, 0x98, 0xFF}}},
	{{{82, -170, -27}, 0, {-260, -456}, {0xCC, 0x98, 0xCE, 0xFF}}},
	{{{82, -117, -51}, 0, {62, -352}, {0xAA, 0xEE, 0xA4, 0xFF}}},
	{{{95, -109, -64}, 0, {-260, -529}, {0xBB, 0xFA, 0x96, 0xFF}}},
	{{{91, -12, -52}, 0, {-260, -529}, {0xBA, 0x1B, 0x9A, 0xFF}}},
	{{{78, -8, -38}, 0, {62, -352}, {0xA9, 0x21, 0xAA, 0xFF}}},
	{{{96, 23, -39}, 0, {-260, -529}, {0xC7, 0x46, 0xA6, 0xFF}}},
	{{{75, 37, -2}, 0, {-260, -456}, {0xC5, 0x6E, 0xE7, 0xFF}}},
	{{{104, 47, -13}, 0, {-260, -529}, {0xDC, 0x75, 0xE0, 0xFF}}},
	{{{137, 50, -25}, 0, {-260, -529}, {0x02, 0x74, 0xCD, 0xFF}}},
	{{{125, 44, 45}, 0, {-260, -529}, {0xF2, 0x7A, 0x20, 0xFF}}},
	{{{75, 37, -2}, 0, {-260, 495}, {0xC5, 0x6E, 0xE7, 0xFF}}},
	{{{125, 44, 45}, 0, {-260, -529}, {0xF2, 0x7A, 0x20, 0xFF}}},
	{{{75, 37, -2}, 0, {-260, 495}, {0xC5, 0x6E, 0xE7, 0xFF}}},
	{{{95, 25, 75}, 0, {-260, 34}, {0xDD, 0x70, 0x30, 0xFF}}},
	{{{143, 29, 88}, 0, {-260, -529}, {0xFF, 0x66, 0x4C, 0xFF}}},
	{{{151, 14, 102}, 0, {-260, -529}, {0x22, 0x4D, 0x5F, 0xFF}}},
	{{{204, 17, 69}, 0, {-260, -529}, {0x56, 0x4C, 0x36, 0xFF}}},
	{{{195, -30, 93}, 0, {-260, -529}, {0x5A, 0x10, 0x58, 0xFF}}},
	{{{220, -21, 60}, 0, {-260, -529}, {0x75, 0x17, 0x2C, 0xFF}}},
	{{{218, -13, 3}, 0, {-260, -529}, {0x78, 0x21, 0xE8, 0xFF}}},
	{{{222, -113, -9}, 0, {-260, -529}, {0x7A, 0xEE, 0xE2, 0xFF}}},
	{{{198, -107, -62}, 0, {-260, -529}, {0x61, 0xF3, 0xAF, 0xFF}}},
	{{{204, -159, -7}, 0, {-260, -529}, {0x5E, 0xB0, 0xE2, 0xFF}}},
	{{{210, -159, 48}, 0, {-260, -529}, {0x5C, 0xB0, 0x24, 0xFF}}},
	{{{167, -183, 5}, 0, {-260, -529}, {0x24, 0x87, 0xF4, 0xFF}}},
	{{{150, -179, 64}, 0, {-260, -529}, {0x07, 0x8B, 0x32, 0xFF}}},
	{{{133, -184, 18}, 0, {-260, -529}, {0xFA, 0x81, 0x03, 0xFF}}},
	{{{144, -173, -51}, 0, {-260, -529}, {0x09, 0x9C, 0xB3, 0xFF}}},
	{{{182, -150, -60}, 0, {-260, -529}, {0x3E, 0xB9, 0xAB, 0xFF}}},
	{{{170, -104, -82}, 0, {-260, -529}, {0x24, 0xF1, 0x87, 0xFF}}},
	{{{138, -103, -83}, 0, {-260, -529}, {0xEC, 0xF1, 0x84, 0xFF}}},
	{{{102, -146, -59}, 0, {-260, -529}, {0xCB, 0xCE, 0x98, 0xFF}}},
	{{{95, -109, -64}, 0, {-260, -529}, {0xBB, 0xFA, 0x96, 0xFF}}},
	{{{135, -11, -72}, 0, {-260, -529}, {0xEA, 0x2A, 0x8A, 0xFF}}},
	{{{91, -12, -52}, 0, {-260, -529}, {0xBA, 0x1B, 0x9A, 0xFF}}},
	{{{96, 23, -39}, 0, {-260, -529}, {0xC7, 0x46, 0xA6, 0xFF}}},
	{{{137, 50, -25}, 0, {-260, -529}, {0x02, 0x74, 0xCD, 0xFF}}},
	{{{167, -8, -71}, 0, {-260, -529}, {0x22, 0x2D, 0x8E, 0xFF}}},
	{{{175, 33, -38}, 0, {-260, -529}, {0x38, 0x5D, 0xBE, 0xFF}}},
	{{{159, 48, 33}, 0, {-260, -529}, {0x1C, 0x7B, 0x12, 0xFF}}},
	{{{198, 30, 16}, 0, {-260, -529}, {0x58, 0x5B, 0xF6, 0xFF}}},
	{{{195, -8, -51}, 0, {-260, -529}, {0x60, 0x26, 0xB6, 0xFF}}},
	{{{204, -153, 149}, 0, {-260, -529}, {0x70, 0xCC, 0x1D, 0xFF}}},
	{{{199, -13, 165}, 0, {-260, -529}, {0x6D, 0x33, 0x29, 0xFF}}},
	{{{165, -88, 187}, 0, {764, -529}, {0x07, 0xF1, 0x7E, 0xFF}}},
	{{{162, -19, 192}, 0, {-260, -529}, {0x0C, 0x14, 0x7D, 0xFF}}},
	{{{136, -18, 177}, 0, {-260, -529}, {0xC0, 0xFA, 0x6E, 0xFF}}},
	{{{141, -155, 161}, 0, {-260, -529}, {0xC1, 0xE8, 0x6B, 0xFF}}},
	{{{167, -156, 176}, 0, {-260, -529}, {0x0E, 0xD0, 0x75, 0xFF}}},
	{{{59, -183, -75}, 0, {-260, -260}, {0xE0, 0x88, 0x1A, 0xFF}}},
	{{{43, -176, -121}, 0, {-260, 495}, {0x9F, 0xB8, 0xD8, 0xFF}}},
	{{{77, -195, -160}, 0, {-260, 495}, {0x23, 0xB0, 0xA4, 0xFF}}},
	{{{54, -53, -135}, 0, {377, 495}, {0x14, 0x10, 0x84, 0xFF}}},
	{{{46, -56, -113}, 0, {318, 495}, {0x97, 0x05, 0xB8, 0xFF}}},
	{{{35, 63, -92}, 0, {-260, 495}, {0x9A, 0x49, 0xE9, 0xFF}}},
	{{{67, 93, -125}, 0, {-260, 495}, {0x1C, 0x66, 0xBA, 0xFF}}},
	{{{50, 59, -46}, 0, {-260, -260}, {0xD8, 0x6C, 0x36, 0xFF}}},
	{{{65, 69, -56}, 0, {-260, -260}, {0x3E, 0x6B, 0x1E, 0xFF}}},
	{{{75, 37, -2}, 0, {-260, -456}, {0x78, 0x2A, 0x03, 0xFF}}},
	{{{78, -8, -38}, 0, {62, -352}, {0x7A, 0x0D, 0xDE, 0xFF}}},
	{{{69, -59, -78}, 0, {143, -134}, {0x6E, 0x08, 0xC2, 0xFF}}},
	{{{82, -117, -51}, 0, {62, -352}, {0x7A, 0x03, 0xDD, 0xFF}}},
	{{{74, -189, -87}, 0, {-260, -260}, {0x45, 0x96, 0x04, 0xFF}}},
	{{{82, -170, -27}, 0, {-260, -456}, {0x7A, 0xDF, 0xFA, 0xFF}}},
	{{{84, 21, 45}, 0, {-260, 495}, {0x61, 0xFA, 0x52, 0x00}}},
	{{{60, 63, 44}, 0, {-260, 495}, {0x29, 0x57, 0x52, 0x00}}},
	{{{11, 38, 65}, 0, {-260, 495}, {0xDC, 0x26, 0x74, 0x00}}},
	{{{78, 70, -1}, 0, {-260, 495}, {0x50, 0x60, 0xEB, 0x00}}},
	{{{99, 36, 2}, 0, {-260, 495}, {0x7B, 0x18, 0xEE, 0x00}}},
	{{{91, 6, 0}, 0, {-260, 495}, {0x6C, 0xC1, 0xE9, 0x00}}},
	{{{45, -31, 42}, 0, {-260, 495}, {0x2E, 0x93, 0x2F, 0x00}}},
	{{{37, -14, 65}, 0, {-260, 495}, {0x0D, 0xCE, 0x74, 0x00}}},
	{{{10, -30, 43}, 0, {-260, 495}, {0xBE, 0xA3, 0x38, 0x00}}},
	{{{-16, 23, 43}, 0, {-260, 495}, {0x8F, 0xFE, 0x39, 0x00}}},
	{{{2, 54, 42}, 0, {-260, 495}, {0xBC, 0x5F, 0x32, 0x00}}},
	{{{60, 63, 44}, 0, {-260, 495}, {0x29, 0x57, 0x52, 0x00}}},
	{{{49, 77, -3}, 0, {-260, 495}, {0xFD, 0x7D, 0xEB, 0x00}}},
	{{{2, 54, 42}, 0, {-260, 495}, {0xBC, 0x5F, 0x32, 0x00}}},
	{{{78, 70, -1}, 0, {-260, 495}, {0x50, 0x60, 0xEB, 0x00}}},
	{{{60, 62, -21}, 0, {-260, 495}, {0x24, 0x42, 0x9A, 0x00}}},
	{{{99, 36, 2}, 0, {-260, 495}, {0x7B, 0x18, 0xEE, 0x00}}},
	{{{83, 23, -19}, 0, {-260, 495}, {0x4E, 0xFA, 0x9C, 0x00}}},
	{{{91, 6, 0}, 0, {-260, 495}, {0x6C, 0xC1, 0xE9, 0x00}}},
	{{{44, -38, -13}, 0, {-260, 495}, {0x2E, 0x8F, 0xDB, 0x00}}},
	{{{45, -31, 42}, 0, {-260, 495}, {0x2E, 0x93, 0x2F, 0x00}}},
	{{{7, -34, -17}, 0, {-260, 495}, {0xBC, 0x9E, 0xD5, 0x00}}},
	{{{10, -30, 43}, 0, {-260, 495}, {0xBE, 0xA3, 0x38, 0x00}}},
	{{{37, -14, 65}, 0, {-260, 495}, {0x0D, 0xCE, 0x74, 0x00}}},
	{{{-16, 23, 43}, 0, {-260, 495}, {0x8F, 0xFE, 0x39, 0x00}}},
	{{{-24, 26, -20}, 0, {-260, 495}, {0x89, 0xFF, 0xD4, 0x00}}},
	{{{-7, 59, -16}, 0, {-260, 495}, {0xB7, 0x62, 0xDE, 0x00}}},
	{{{0, 39, -40}, 0, {-260, 495}, {0xDA, 0x22, 0x8C, 0x00}}},
	{{{31, -21, -38}, 0, {-260, 495}, {0x0B, 0xCA, 0x8E, 0x00}}},
};

Gfx squishy_Switch_optionnnn_please_work_Right_Hand_Cap_Switch_Option_Right_Hand_Cap_mesh_layer_1_tri_0[] = {
	gsSPVertex(squishy_Switch_optionnnn_please_work_Right_Hand_Cap_Switch_Option_Right_Hand_Cap_mesh_layer_1_vtx_0 + 0, 64, 0),
	gsSP2Triangles(0, 1, 2, 0, 2, 1, 3, 0),
	gsSP2Triangles(1, 4, 3, 0, 1, 5, 4, 0),
	gsSP2Triangles(6, 3, 4, 0, 6, 2, 3, 0),
	gsSP2Triangles(4, 7, 6, 0, 7, 8, 6, 0),
	gsSP2Triangles(8, 9, 6, 0, 8, 10, 9, 0),
	gsSP2Triangles(9, 10, 11, 0, 12, 11, 10, 0),
	gsSP2Triangles(12, 10, 13, 0, 14, 11, 12, 0),
	gsSP2Triangles(9, 11, 14, 0, 15, 14, 12, 0),
	gsSP2Triangles(16, 17, 18, 0, 16, 19, 17, 0),
	gsSP2Triangles(16, 20, 19, 0, 20, 21, 19, 0),
	gsSP2Triangles(17, 19, 22, 0, 17, 22, 23, 0),
	gsSP2Triangles(24, 25, 26, 0, 27, 24, 26, 0),
	gsSP2Triangles(28, 24, 27, 0, 28, 27, 29, 0),
	gsSP2Triangles(28, 29, 30, 0, 31, 28, 30, 0),
	gsSP2Triangles(31, 24, 28, 0, 31, 32, 24, 0),
	gsSP2Triangles(33, 34, 35, 0, 34, 23, 35, 0),
	gsSP2Triangles(23, 36, 35, 0, 36, 37, 35, 0),
	gsSP2Triangles(38, 35, 37, 0, 39, 40, 41, 0),
	gsSP2Triangles(39, 42, 40, 0, 43, 42, 39, 0),
	gsSP2Triangles(43, 39, 44, 0, 39, 41, 44, 0),
	gsSP2Triangles(41, 45, 44, 0, 46, 44, 45, 0),
	gsSP2Triangles(47, 46, 45, 0, 47, 48, 46, 0),
	gsSP2Triangles(48, 47, 49, 0, 50, 48, 49, 0),
	gsSP2Triangles(51, 48, 50, 0, 52, 51, 50, 0),
	gsSP2Triangles(52, 50, 53, 0, 52, 53, 54, 0),
	gsSP2Triangles(55, 52, 54, 0, 56, 55, 54, 0),
	gsSP2Triangles(56, 54, 57, 0, 56, 57, 58, 0),
	gsSP2Triangles(58, 57, 59, 0, 58, 59, 60, 0),
	gsSP2Triangles(58, 60, 61, 0, 61, 60, 62, 0),
	gsSP1Triangle(60, 63, 62, 0),
	gsSPVertex(squishy_Switch_optionnnn_please_work_Right_Hand_Cap_Switch_Option_Right_Hand_Cap_mesh_layer_1_vtx_0 + 64, 64, 0),
	gsSP2Triangles(0, 1, 2, 0, 2, 3, 0, 0),
	gsSP2Triangles(2, 4, 3, 0, 3, 4, 5, 0),
	gsSP2Triangles(5, 4, 6, 0, 7, 5, 6, 0),
	gsSP2Triangles(8, 5, 7, 0, 9, 8, 7, 0),
	gsSP2Triangles(9, 10, 8, 0, 10, 9, 11, 0),
	gsSP2Triangles(9, 12, 11, 0, 11, 12, 13, 0),
	gsSP2Triangles(13, 12, 14, 0, 13, 14, 15, 0),
	gsSP2Triangles(16, 13, 15, 0, 17, 13, 16, 0),
	gsSP2Triangles(18, 17, 16, 0, 19, 18, 16, 0),
	gsSP2Triangles(20, 19, 16, 0, 19, 20, 21, 0),
	gsSP2Triangles(19, 21, 22, 0, 21, 23, 22, 0),
	gsSP2Triangles(22, 23, 24, 0, 24, 25, 22, 0),
	gsSP2Triangles(22, 25, 26, 0, 26, 25, 27, 0),
	gsSP2Triangles(27, 25, 28, 0, 25, 0, 28, 0),
	gsSP2Triangles(28, 0, 3, 0, 28, 3, 5, 0),
	gsSP2Triangles(29, 28, 5, 0, 8, 29, 5, 0),
	gsSP2Triangles(30, 29, 8, 0, 10, 30, 8, 0),
	gsSP2Triangles(10, 18, 30, 0, 18, 10, 17, 0),
	gsSP2Triangles(10, 11, 17, 0, 17, 11, 13, 0),
	gsSP2Triangles(18, 26, 30, 0, 18, 19, 26, 0),
	gsSP2Triangles(19, 22, 26, 0, 26, 27, 30, 0),
	gsSP2Triangles(30, 27, 29, 0, 27, 28, 29, 0),
	gsSP2Triangles(31, 32, 33, 0, 32, 34, 33, 0),
	gsSP2Triangles(34, 35, 33, 0, 33, 35, 36, 0),
	gsSP2Triangles(37, 33, 36, 0, 37, 31, 33, 0),
	gsSP2Triangles(38, 39, 40, 0, 39, 41, 40, 0),
	gsSP2Triangles(39, 42, 41, 0, 43, 41, 42, 0),
	gsSP2Triangles(43, 44, 41, 0, 45, 44, 43, 0),
	gsSP2Triangles(45, 46, 44, 0, 47, 46, 45, 0),
	gsSP2Triangles(46, 47, 48, 0, 46, 48, 49, 0),
	gsSP2Triangles(50, 49, 48, 0, 49, 50, 51, 0),
	gsSP2Triangles(51, 50, 52, 0, 52, 38, 51, 0),
	gsSP2Triangles(38, 40, 51, 0, 40, 41, 51, 0),
	gsSP2Triangles(41, 49, 51, 0, 41, 46, 49, 0),
	gsSP2Triangles(44, 46, 41, 0, 53, 54, 55, 0),
	gsSP2Triangles(53, 56, 54, 0, 53, 57, 56, 0),
	gsSP2Triangles(53, 58, 57, 0, 59, 58, 53, 0),
	gsSP2Triangles(60, 59, 53, 0, 53, 55, 60, 0),
	gsSP2Triangles(55, 61, 60, 0, 55, 62, 61, 0),
	gsSP2Triangles(55, 63, 62, 0, 54, 63, 55, 0),
	gsSPVertex(squishy_Switch_optionnnn_please_work_Right_Hand_Cap_Switch_Option_Right_Hand_Cap_mesh_layer_1_vtx_0 + 128, 18, 0),
	gsSP2Triangles(0, 1, 2, 0, 0, 3, 1, 0),
	gsSP2Triangles(3, 4, 1, 0, 4, 3, 5, 0),
	gsSP2Triangles(4, 5, 6, 0, 5, 7, 6, 0),
	gsSP2Triangles(6, 7, 8, 0, 8, 7, 9, 0),
	gsSP2Triangles(9, 10, 8, 0, 9, 11, 10, 0),
	gsSP2Triangles(12, 11, 9, 0, 13, 10, 11, 0),
	gsSP2Triangles(13, 14, 10, 0, 13, 15, 14, 0),
	gsSP2Triangles(13, 2, 15, 0, 2, 1, 15, 0),
	gsSP2Triangles(1, 16, 15, 0, 1, 4, 16, 0),
	gsSP2Triangles(4, 17, 16, 0, 4, 6, 17, 0),
	gsSP2Triangles(6, 8, 17, 0, 8, 10, 17, 0),
	gsSP2Triangles(14, 17, 10, 0, 14, 16, 17, 0),
	gsSP1Triangle(14, 15, 16, 0),
	gsSPEndDisplayList(),
};

Vtx squishy_Switch_optionnnn_please_work_Right_Hand_Wing_Cap_Swtich_Option_Right_Hand_Wing_Cap_mesh_layer_1_vtx_0[146] = {
	{{{141, -155, 161}, 0, {-260, -529}, {0xC1, 0xE8, 0x6B, 0xFF}}},
	{{{139, -188, 151}, 0, {-260, -529}, {0x04, 0x88, 0x28, 0xFF}}},
	{{{167, -156, 176}, 0, {-260, 495}, {0x0E, 0xD0, 0x75, 0xFF}}},
	{{{165, -187, 143}, 0, {-260, -529}, {0x2F, 0x8B, 0x0F, 0xFF}}},
	{{{157, -167, 80}, 0, {-260, -529}, {0x34, 0x93, 0xD8, 0xFF}}},
	{{{102, -175, 51}, 0, {-260, 34}, {0x1F, 0x88, 0xE4, 0xFF}}},
	{{{204, -153, 149}, 0, {-260, -529}, {0x70, 0xCC, 0x1D, 0xFF}}},
	{{{195, -122, 98}, 0, {-260, -529}, {0x78, 0xE9, 0xDE, 0xFF}}},
	{{{191, -30, 109}, 0, {-260, -529}, {0x75, 0x28, 0xE4, 0xFF}}},
	{{{199, -13, 165}, 0, {-260, -529}, {0x6D, 0x33, 0x29, 0xFF}}},
	{{{151, 14, 102}, 0, {-260, -529}, {0x2C, 0x76, 0xF3, 0xFF}}},
	{{{158, 19, 168}, 0, {-260, -529}, {0x28, 0x71, 0x2A, 0xFF}}},
	{{{132, 17, 175}, 0, {-260, -529}, {0xFC, 0x6C, 0x43, 0xFF}}},
	{{{95, 25, 75}, 0, {-260, 34}, {0x17, 0x7D, 0x01, 0xFF}}},
	{{{162, -19, 192}, 0, {-260, 495}, {0x0C, 0x14, 0x7D, 0xFF}}},
	{{{136, -18, 177}, 0, {-260, -529}, {0xC0, 0xFA, 0x6E, 0xFF}}},
	{{{141, -155, 161}, 0, {-260, -529}, {0x89, 0xF8, 0x2C, 0xFF}}},
	{{{102, -175, 51}, 0, {-260, 34}, {0x87, 0xF8, 0x25, 0xFF}}},
	{{{139, -188, 151}, 0, {-260, -529}, {0x89, 0xF9, 0x2C, 0xFF}}},
	{{{95, 25, 75}, 0, {-260, 34}, {0x87, 0xF7, 0x25, 0xFF}}},
	{{{136, -18, 177}, 0, {-260, -529}, {0x89, 0xF6, 0x2C, 0xFF}}},
	{{{132, 17, 175}, 0, {-260, -529}, {0x89, 0xF4, 0x2B, 0xFF}}},
	{{{75, 37, -2}, 0, {-260, 495}, {0x88, 0xF2, 0x27, 0xFF}}},
	{{{82, -170, -27}, 0, {-260, 495}, {0x88, 0xFC, 0x29, 0xFF}}},
	{{{202, -133, 92}, 0, {-260, -529}, {0x68, 0xBA, 0x15, 0xFF}}},
	{{{195, -122, 98}, 0, {-260, -529}, {0x3D, 0xE7, 0x6C, 0xFF}}},
	{{{157, -167, 80}, 0, {-260, -529}, {0x4D, 0x9B, 0xFF, 0xFF}}},
	{{{198, -120, 82}, 0, {-260, -529}, {0x6E, 0xF5, 0xC1, 0xFF}}},
	{{{198, -20, 105}, 0, {-260, -529}, {0x66, 0x43, 0x22, 0xFF}}},
	{{{195, -30, 93}, 0, {-260, -529}, {0x6C, 0x22, 0xC7, 0xFF}}},
	{{{151, 14, 102}, 0, {-260, -529}, {0x48, 0x66, 0x17, 0xFF}}},
	{{{191, -30, 109}, 0, {-260, -529}, {0x3C, 0x09, 0x6F, 0xFF}}},
	{{{195, -122, 98}, 0, {-260, -529}, {0x3D, 0xE7, 0x6C, 0xFF}}},
	{{{43, -176, -121}, 0, {-260, 495}, {0x88, 0x00, 0x29, 0xFF}}},
	{{{59, -183, -75}, 0, {-260, -260}, {0x8B, 0x03, 0x31, 0xFF}}},
	{{{46, -56, -113}, 0, {318, 495}, {0x8A, 0xF6, 0x2D, 0xFF}}},
	{{{75, 37, -2}, 0, {-260, -456}, {0x88, 0xF2, 0x27, 0xFF}}},
	{{{50, 59, -46}, 0, {-260, -260}, {0x8C, 0xEA, 0x2E, 0xFF}}},
	{{{35, 63, -92}, 0, {-260, 495}, {0x88, 0xEF, 0x26, 0xFF}}},
	{{{223, -118, 48}, 0, {-260, -529}, {0x77, 0xE7, 0x26, 0xFF}}},
	{{{195, -30, 93}, 0, {-260, -529}, {0x5A, 0x10, 0x58, 0xFF}}},
	{{{198, -120, 82}, 0, {-260, -529}, {0x5C, 0xE2, 0x52, 0xFF}}},
	{{{220, -21, 60}, 0, {-260, -529}, {0x75, 0x17, 0x2C, 0xFF}}},
	{{{222, -113, -9}, 0, {-260, -529}, {0x7A, 0xEE, 0xE2, 0xFF}}},
	{{{210, -159, 48}, 0, {-260, -529}, {0x5C, 0xB0, 0x24, 0xFF}}},
	{{{157, -167, 80}, 0, {-260, -529}, {0x28, 0xA1, 0x4A, 0xFF}}},
	{{{150, -179, 64}, 0, {-260, -529}, {0x07, 0x8B, 0x32, 0xFF}}},
	{{{102, -175, 51}, 0, {-260, 34}, {0xE5, 0x86, 0x14, 0xFF}}},
	{{{133, -184, 18}, 0, {-260, -529}, {0xFA, 0x81, 0x03, 0xFF}}},
	{{{82, -170, -27}, 0, {-260, 495}, {0xCC, 0x98, 0xCE, 0xFF}}},
	{{{111, -174, -40}, 0, {-260, -529}, {0xE3, 0x93, 0xC5, 0xFF}}},
	{{{144, -173, -51}, 0, {-260, -529}, {0x09, 0x9C, 0xB3, 0xFF}}},
	{{{102, -146, -59}, 0, {-260, -529}, {0xCB, 0xCE, 0x98, 0xFF}}},
	{{{82, -170, -27}, 0, {-260, -456}, {0xCC, 0x98, 0xCE, 0xFF}}},
	{{{82, -117, -51}, 0, {62, -352}, {0xAA, 0xEE, 0xA4, 0xFF}}},
	{{{95, -109, -64}, 0, {-260, -529}, {0xBB, 0xFA, 0x96, 0xFF}}},
	{{{91, -12, -52}, 0, {-260, -529}, {0xBA, 0x1B, 0x9A, 0xFF}}},
	{{{78, -8, -38}, 0, {62, -352}, {0xA9, 0x21, 0xAA, 0xFF}}},
	{{{96, 23, -39}, 0, {-260, -529}, {0xC7, 0x46, 0xA6, 0xFF}}},
	{{{75, 37, -2}, 0, {-260, -456}, {0xC5, 0x6E, 0xE7, 0xFF}}},
	{{{104, 47, -13}, 0, {-260, -529}, {0xDC, 0x75, 0xE0, 0xFF}}},
	{{{137, 50, -25}, 0, {-260, -529}, {0x02, 0x74, 0xCD, 0xFF}}},
	{{{125, 44, 45}, 0, {-260, -529}, {0xF2, 0x7A, 0x20, 0xFF}}},
	{{{75, 37, -2}, 0, {-260, 495}, {0xC5, 0x6E, 0xE7, 0xFF}}},
	{{{125, 44, 45}, 0, {-260, -529}, {0xF2, 0x7A, 0x20, 0xFF}}},
	{{{75, 37, -2}, 0, {-260, 495}, {0xC5, 0x6E, 0xE7, 0xFF}}},
	{{{95, 25, 75}, 0, {-260, 34}, {0xDD, 0x70, 0x30, 0xFF}}},
	{{{143, 29, 88}, 0, {-260, -529}, {0xFF, 0x66, 0x4C, 0xFF}}},
	{{{151, 14, 102}, 0, {-260, -529}, {0x22, 0x4D, 0x5F, 0xFF}}},
	{{{204, 17, 69}, 0, {-260, -529}, {0x56, 0x4C, 0x36, 0xFF}}},
	{{{195, -30, 93}, 0, {-260, -529}, {0x5A, 0x10, 0x58, 0xFF}}},
	{{{220, -21, 60}, 0, {-260, -529}, {0x75, 0x17, 0x2C, 0xFF}}},
	{{{218, -13, 3}, 0, {-260, -529}, {0x78, 0x21, 0xE8, 0xFF}}},
	{{{222, -113, -9}, 0, {-260, -529}, {0x7A, 0xEE, 0xE2, 0xFF}}},
	{{{198, -107, -62}, 0, {-260, -529}, {0x61, 0xF3, 0xAF, 0xFF}}},
	{{{204, -159, -7}, 0, {-260, -529}, {0x5E, 0xB0, 0xE2, 0xFF}}},
	{{{210, -159, 48}, 0, {-260, -529}, {0x5C, 0xB0, 0x24, 0xFF}}},
	{{{167, -183, 5}, 0, {-260, -529}, {0x24, 0x87, 0xF4, 0xFF}}},
	{{{150, -179, 64}, 0, {-260, -529}, {0x07, 0x8B, 0x32, 0xFF}}},
	{{{133, -184, 18}, 0, {-260, -529}, {0xFA, 0x81, 0x03, 0xFF}}},
	{{{144, -173, -51}, 0, {-260, -529}, {0x09, 0x9C, 0xB3, 0xFF}}},
	{{{182, -150, -60}, 0, {-260, -529}, {0x3E, 0xB9, 0xAB, 0xFF}}},
	{{{170, -104, -82}, 0, {-260, -529}, {0x24, 0xF1, 0x87, 0xFF}}},
	{{{138, -103, -83}, 0, {-260, -529}, {0xEC, 0xF1, 0x84, 0xFF}}},
	{{{102, -146, -59}, 0, {-260, -529}, {0xCB, 0xCE, 0x98, 0xFF}}},
	{{{95, -109, -64}, 0, {-260, -529}, {0xBB, 0xFA, 0x96, 0xFF}}},
	{{{135, -11, -72}, 0, {-260, -529}, {0xEA, 0x2A, 0x8A, 0xFF}}},
	{{{91, -12, -52}, 0, {-260, -529}, {0xBA, 0x1B, 0x9A, 0xFF}}},
	{{{96, 23, -39}, 0, {-260, -529}, {0xC7, 0x46, 0xA6, 0xFF}}},
	{{{137, 50, -25}, 0, {-260, -529}, {0x02, 0x74, 0xCD, 0xFF}}},
	{{{167, -8, -71}, 0, {-260, -529}, {0x22, 0x2D, 0x8E, 0xFF}}},
	{{{175, 33, -38}, 0, {-260, -529}, {0x38, 0x5D, 0xBE, 0xFF}}},
	{{{159, 48, 33}, 0, {-260, -529}, {0x1C, 0x7B, 0x12, 0xFF}}},
	{{{198, 30, 16}, 0, {-260, -529}, {0x58, 0x5B, 0xF6, 0xFF}}},
	{{{195, -8, -51}, 0, {-260, -529}, {0x60, 0x26, 0xB6, 0xFF}}},
	{{{204, -153, 149}, 0, {-260, -529}, {0x70, 0xCC, 0x1D, 0xFF}}},
	{{{199, -13, 165}, 0, {-260, -529}, {0x6D, 0x33, 0x29, 0xFF}}},
	{{{165, -88, 187}, 0, {764, -529}, {0x07, 0xF1, 0x7E, 0xFF}}},
	{{{162, -19, 192}, 0, {-260, -529}, {0x0C, 0x14, 0x7D, 0xFF}}},
	{{{136, -18, 177}, 0, {-260, -529}, {0xC0, 0xFA, 0x6E, 0xFF}}},
	{{{141, -155, 161}, 0, {-260, -529}, {0xC1, 0xE8, 0x6B, 0xFF}}},
	{{{167, -156, 176}, 0, {-260, -529}, {0x0E, 0xD0, 0x75, 0xFF}}},
	{{{59, -183, -75}, 0, {-260, -260}, {0xE0, 0x88, 0x1A, 0xFF}}},
	{{{43, -176, -121}, 0, {-260, 495}, {0x9F, 0xB8, 0xD8, 0xFF}}},
	{{{77, -195, -160}, 0, {-260, 495}, {0x23, 0xB0, 0xA4, 0xFF}}},
	{{{54, -53, -135}, 0, {377, 495}, {0x14, 0x10, 0x84, 0xFF}}},
	{{{46, -56, -113}, 0, {318, 495}, {0x97, 0x05, 0xB8, 0xFF}}},
	{{{35, 63, -92}, 0, {-260, 495}, {0x9A, 0x49, 0xE9, 0xFF}}},
	{{{67, 93, -125}, 0, {-260, 495}, {0x1C, 0x66, 0xBA, 0xFF}}},
	{{{50, 59, -46}, 0, {-260, -260}, {0xD8, 0x6C, 0x36, 0xFF}}},
	{{{65, 69, -56}, 0, {-260, -260}, {0x3E, 0x6B, 0x1E, 0xFF}}},
	{{{75, 37, -2}, 0, {-260, -456}, {0x78, 0x2A, 0x03, 0xFF}}},
	{{{78, -8, -38}, 0, {62, -352}, {0x7A, 0x0D, 0xDE, 0xFF}}},
	{{{69, -59, -78}, 0, {143, -134}, {0x6E, 0x08, 0xC2, 0xFF}}},
	{{{82, -117, -51}, 0, {62, -352}, {0x7A, 0x03, 0xDD, 0xFF}}},
	{{{74, -189, -87}, 0, {-260, -260}, {0x45, 0x96, 0x04, 0xFF}}},
	{{{82, -170, -27}, 0, {-260, -456}, {0x7A, 0xDF, 0xFA, 0xFF}}},
	{{{84, 21, 45}, 0, {-260, 495}, {0x61, 0xFA, 0x52, 0x00}}},
	{{{60, 63, 44}, 0, {-260, 495}, {0x29, 0x57, 0x52, 0x00}}},
	{{{11, 38, 65}, 0, {-260, 495}, {0xDC, 0x26, 0x74, 0x00}}},
	{{{78, 70, -1}, 0, {-260, 495}, {0x50, 0x60, 0xEB, 0x00}}},
	{{{99, 36, 2}, 0, {-260, 495}, {0x7B, 0x18, 0xEE, 0x00}}},
	{{{91, 6, 0}, 0, {-260, 495}, {0x6C, 0xC1, 0xE9, 0x00}}},
	{{{45, -31, 42}, 0, {-260, 495}, {0x2E, 0x93, 0x2F, 0x00}}},
	{{{37, -14, 65}, 0, {-260, 495}, {0x0D, 0xCE, 0x74, 0x00}}},
	{{{10, -30, 43}, 0, {-260, 495}, {0xBE, 0xA3, 0x38, 0x00}}},
	{{{-16, 23, 43}, 0, {-260, 495}, {0x8F, 0xFE, 0x39, 0x00}}},
	{{{2, 54, 42}, 0, {-260, 495}, {0xBC, 0x5F, 0x32, 0x00}}},
	{{{60, 63, 44}, 0, {-260, 495}, {0x29, 0x57, 0x52, 0x00}}},
	{{{49, 77, -3}, 0, {-260, 495}, {0xFD, 0x7D, 0xEB, 0x00}}},
	{{{2, 54, 42}, 0, {-260, 495}, {0xBC, 0x5F, 0x32, 0x00}}},
	{{{78, 70, -1}, 0, {-260, 495}, {0x50, 0x60, 0xEB, 0x00}}},
	{{{60, 62, -21}, 0, {-260, 495}, {0x24, 0x42, 0x9A, 0x00}}},
	{{{99, 36, 2}, 0, {-260, 495}, {0x7B, 0x18, 0xEE, 0x00}}},
	{{{83, 23, -19}, 0, {-260, 495}, {0x4E, 0xFA, 0x9C, 0x00}}},
	{{{91, 6, 0}, 0, {-260, 495}, {0x6C, 0xC1, 0xE9, 0x00}}},
	{{{44, -38, -13}, 0, {-260, 495}, {0x2E, 0x8F, 0xDB, 0x00}}},
	{{{45, -31, 42}, 0, {-260, 495}, {0x2E, 0x93, 0x2F, 0x00}}},
	{{{7, -34, -17}, 0, {-260, 495}, {0xBC, 0x9E, 0xD5, 0x00}}},
	{{{10, -30, 43}, 0, {-260, 495}, {0xBE, 0xA3, 0x38, 0x00}}},
	{{{37, -14, 65}, 0, {-260, 495}, {0x0D, 0xCE, 0x74, 0x00}}},
	{{{-16, 23, 43}, 0, {-260, 495}, {0x8F, 0xFE, 0x39, 0x00}}},
	{{{-24, 26, -20}, 0, {-260, 495}, {0x89, 0xFF, 0xD4, 0x00}}},
	{{{-7, 59, -16}, 0, {-260, 495}, {0xB7, 0x62, 0xDE, 0x00}}},
	{{{0, 39, -40}, 0, {-260, 495}, {0xDA, 0x22, 0x8C, 0x00}}},
	{{{31, -21, -38}, 0, {-260, 495}, {0x0B, 0xCA, 0x8E, 0x00}}},
};

Gfx squishy_Switch_optionnnn_please_work_Right_Hand_Wing_Cap_Swtich_Option_Right_Hand_Wing_Cap_mesh_layer_1_tri_0[] = {
	gsSPVertex(squishy_Switch_optionnnn_please_work_Right_Hand_Wing_Cap_Swtich_Option_Right_Hand_Wing_Cap_mesh_layer_1_vtx_0 + 0, 64, 0),
	gsSP2Triangles(0, 1, 2, 0, 2, 1, 3, 0),
	gsSP2Triangles(1, 4, 3, 0, 1, 5, 4, 0),
	gsSP2Triangles(6, 3, 4, 0, 6, 2, 3, 0),
	gsSP2Triangles(4, 7, 6, 0, 7, 8, 6, 0),
	gsSP2Triangles(8, 9, 6, 0, 8, 10, 9, 0),
	gsSP2Triangles(9, 10, 11, 0, 12, 11, 10, 0),
	gsSP2Triangles(12, 10, 13, 0, 14, 11, 12, 0),
	gsSP2Triangles(9, 11, 14, 0, 15, 14, 12, 0),
	gsSP2Triangles(16, 17, 18, 0, 16, 19, 17, 0),
	gsSP2Triangles(16, 20, 19, 0, 20, 21, 19, 0),
	gsSP2Triangles(17, 19, 22, 0, 17, 22, 23, 0),
	gsSP2Triangles(24, 25, 26, 0, 27, 24, 26, 0),
	gsSP2Triangles(28, 24, 27, 0, 28, 27, 29, 0),
	gsSP2Triangles(28, 29, 30, 0, 31, 28, 30, 0),
	gsSP2Triangles(31, 24, 28, 0, 31, 32, 24, 0),
	gsSP2Triangles(33, 34, 35, 0, 34, 23, 35, 0),
	gsSP2Triangles(23, 36, 35, 0, 36, 37, 35, 0),
	gsSP2Triangles(38, 35, 37, 0, 39, 40, 41, 0),
	gsSP2Triangles(39, 42, 40, 0, 43, 42, 39, 0),
	gsSP2Triangles(43, 39, 44, 0, 39, 41, 44, 0),
	gsSP2Triangles(41, 45, 44, 0, 46, 44, 45, 0),
	gsSP2Triangles(47, 46, 45, 0, 47, 48, 46, 0),
	gsSP2Triangles(48, 47, 49, 0, 50, 48, 49, 0),
	gsSP2Triangles(51, 48, 50, 0, 52, 51, 50, 0),
	gsSP2Triangles(52, 50, 53, 0, 52, 53, 54, 0),
	gsSP2Triangles(55, 52, 54, 0, 56, 55, 54, 0),
	gsSP2Triangles(56, 54, 57, 0, 56, 57, 58, 0),
	gsSP2Triangles(58, 57, 59, 0, 58, 59, 60, 0),
	gsSP2Triangles(58, 60, 61, 0, 61, 60, 62, 0),
	gsSP1Triangle(60, 63, 62, 0),
	gsSPVertex(squishy_Switch_optionnnn_please_work_Right_Hand_Wing_Cap_Swtich_Option_Right_Hand_Wing_Cap_mesh_layer_1_vtx_0 + 64, 64, 0),
	gsSP2Triangles(0, 1, 2, 0, 2, 3, 0, 0),
	gsSP2Triangles(2, 4, 3, 0, 3, 4, 5, 0),
	gsSP2Triangles(5, 4, 6, 0, 7, 5, 6, 0),
	gsSP2Triangles(8, 5, 7, 0, 9, 8, 7, 0),
	gsSP2Triangles(9, 10, 8, 0, 10, 9, 11, 0),
	gsSP2Triangles(9, 12, 11, 0, 11, 12, 13, 0),
	gsSP2Triangles(13, 12, 14, 0, 13, 14, 15, 0),
	gsSP2Triangles(16, 13, 15, 0, 17, 13, 16, 0),
	gsSP2Triangles(18, 17, 16, 0, 19, 18, 16, 0),
	gsSP2Triangles(20, 19, 16, 0, 19, 20, 21, 0),
	gsSP2Triangles(19, 21, 22, 0, 21, 23, 22, 0),
	gsSP2Triangles(22, 23, 24, 0, 24, 25, 22, 0),
	gsSP2Triangles(22, 25, 26, 0, 26, 25, 27, 0),
	gsSP2Triangles(27, 25, 28, 0, 25, 0, 28, 0),
	gsSP2Triangles(28, 0, 3, 0, 28, 3, 5, 0),
	gsSP2Triangles(29, 28, 5, 0, 8, 29, 5, 0),
	gsSP2Triangles(30, 29, 8, 0, 10, 30, 8, 0),
	gsSP2Triangles(10, 18, 30, 0, 18, 10, 17, 0),
	gsSP2Triangles(10, 11, 17, 0, 17, 11, 13, 0),
	gsSP2Triangles(18, 26, 30, 0, 18, 19, 26, 0),
	gsSP2Triangles(19, 22, 26, 0, 26, 27, 30, 0),
	gsSP2Triangles(30, 27, 29, 0, 27, 28, 29, 0),
	gsSP2Triangles(31, 32, 33, 0, 32, 34, 33, 0),
	gsSP2Triangles(34, 35, 33, 0, 33, 35, 36, 0),
	gsSP2Triangles(37, 33, 36, 0, 37, 31, 33, 0),
	gsSP2Triangles(38, 39, 40, 0, 39, 41, 40, 0),
	gsSP2Triangles(39, 42, 41, 0, 43, 41, 42, 0),
	gsSP2Triangles(43, 44, 41, 0, 45, 44, 43, 0),
	gsSP2Triangles(45, 46, 44, 0, 47, 46, 45, 0),
	gsSP2Triangles(46, 47, 48, 0, 46, 48, 49, 0),
	gsSP2Triangles(50, 49, 48, 0, 49, 50, 51, 0),
	gsSP2Triangles(51, 50, 52, 0, 52, 38, 51, 0),
	gsSP2Triangles(38, 40, 51, 0, 40, 41, 51, 0),
	gsSP2Triangles(41, 49, 51, 0, 41, 46, 49, 0),
	gsSP2Triangles(44, 46, 41, 0, 53, 54, 55, 0),
	gsSP2Triangles(53, 56, 54, 0, 53, 57, 56, 0),
	gsSP2Triangles(53, 58, 57, 0, 59, 58, 53, 0),
	gsSP2Triangles(60, 59, 53, 0, 53, 55, 60, 0),
	gsSP2Triangles(55, 61, 60, 0, 55, 62, 61, 0),
	gsSP2Triangles(55, 63, 62, 0, 54, 63, 55, 0),
	gsSPVertex(squishy_Switch_optionnnn_please_work_Right_Hand_Wing_Cap_Swtich_Option_Right_Hand_Wing_Cap_mesh_layer_1_vtx_0 + 128, 18, 0),
	gsSP2Triangles(0, 1, 2, 0, 0, 3, 1, 0),
	gsSP2Triangles(3, 4, 1, 0, 4, 3, 5, 0),
	gsSP2Triangles(4, 5, 6, 0, 5, 7, 6, 0),
	gsSP2Triangles(6, 7, 8, 0, 8, 7, 9, 0),
	gsSP2Triangles(9, 10, 8, 0, 9, 11, 10, 0),
	gsSP2Triangles(12, 11, 9, 0, 13, 10, 11, 0),
	gsSP2Triangles(13, 14, 10, 0, 13, 15, 14, 0),
	gsSP2Triangles(13, 2, 15, 0, 2, 1, 15, 0),
	gsSP2Triangles(1, 16, 15, 0, 1, 4, 16, 0),
	gsSP2Triangles(4, 17, 16, 0, 4, 6, 17, 0),
	gsSP2Triangles(6, 8, 17, 0, 8, 10, 17, 0),
	gsSP2Triangles(14, 17, 10, 0, 14, 16, 17, 0),
	gsSP1Triangle(14, 15, 16, 0),
	gsSPEndDisplayList(),
};

Vtx squishy_Switch_optionnnn_please_work_Right_Hand_Wing_Cap_Swtich_Option_Wings_mesh_layer_4_vtx_0[8] = {
	{{{167, 12, 32}, 0, {-16, 2032}, {0x09, 0x76, 0xD3, 0xFF}}},
	{{{30, 100, 236}, 0, {2032, 2032}, {0x09, 0x76, 0xD3, 0xFF}}},
	{{{251, 135, 371}, 0, {2032, -16}, {0x09, 0x76, 0xD3, 0xFF}}},
	{{{389, 46, 166}, 0, {-16, -16}, {0x09, 0x76, 0xD3, 0xFF}}},
	{{{173, -147, 13}, 0, {-16, 2032}, {0x10, 0x98, 0xB8, 0xFF}}},
	{{{397, -198, 137}, 0, {-16, -16}, {0x10, 0x98, 0xB8, 0xFF}}},
	{{{267, -340, 314}, 0, {2032, -16}, {0x10, 0x98, 0xB8, 0xFF}}},
	{{{43, -290, 189}, 0, {2032, 2032}, {0x10, 0x98, 0xB8, 0xFF}}},
};

Gfx squishy_Switch_optionnnn_please_work_Right_Hand_Wing_Cap_Swtich_Option_Wings_mesh_layer_4_tri_0[] = {
	gsSPVertex(squishy_Switch_optionnnn_please_work_Right_Hand_Wing_Cap_Swtich_Option_Wings_mesh_layer_4_vtx_0 + 0, 8, 0),
	gsSP2Triangles(0, 1, 2, 0, 0, 2, 3, 0),
	gsSP2Triangles(4, 5, 6, 0, 4, 6, 7, 0),
	gsSPEndDisplayList(),
};

Vtx squishy_Switch_optionnnn_please_work_Left_Thigh_Color_mesh_layer_1_vtx_0[23] = {
	{{{129, 0, -46}, 0, {-260, 495}, {0x26, 0x00, 0x87, 0xFF}}},
	{{{-3, 3, -53}, 0, {-260, 495}, {0xE3, 0x00, 0x84, 0xFF}}},
	{{{-3, 61, -27}, 0, {-260, 495}, {0xE1, 0x6A, 0xC1, 0xFF}}},
	{{{129, -50, -24}, 0, {-260, 495}, {0x2B, 0x99, 0xC3, 0xFF}}},
	{{{157, -24, -21}, 0, {-260, 495}, {0x6B, 0xD2, 0xCD, 0xFF}}},
	{{{157, 23, -21}, 0, {-260, 495}, {0x6B, 0x2E, 0xCD, 0xFF}}},
	{{{129, 50, -24}, 0, {-260, 495}, {0x2D, 0x66, 0xC3, 0xFF}}},
	{{{0, 58, 24}, 0, {-260, 495}, {0xE5, 0x69, 0x43, 0xFF}}},
	{{{-39, 37, -16}, 0, {-260, 495}, {0xA0, 0x46, 0xD3, 0xFF}}},
	{{{-39, 3, -31}, 0, {-260, 495}, {0xA3, 0x00, 0xA9, 0xFF}}},
	{{{-39, -31, -16}, 0, {-260, 495}, {0xA0, 0xBA, 0xD3, 0xFF}}},
	{{{-3, -55, -27}, 0, {-260, 495}, {0xDF, 0x97, 0xC1, 0xFF}}},
	{{{129, -50, 20}, 0, {-260, 495}, {0x2B, 0x9A, 0x3E, 0xFF}}},
	{{{157, -24, 16}, 0, {-260, 495}, {0x6B, 0xD2, 0x33, 0xFF}}},
	{{{157, 23, 16}, 0, {-260, 495}, {0x6B, 0x2E, 0x33, 0xFF}}},
	{{{129, 50, 20}, 0, {-260, 495}, {0x2D, 0x65, 0x3E, 0xFF}}},
	{{{-3, 3, 52}, 0, {-260, 495}, {0xE5, 0x00, 0x7C, 0xFF}}},
	{{{-39, 37, 15}, 0, {-260, 495}, {0xA3, 0x47, 0x31, 0xFF}}},
	{{{-51, 3, -1}, 0, {-260, 495}, {0x81, 0x00, 0x00, 0xFF}}},
	{{{-39, -31, 15}, 0, {-260, 495}, {0xA3, 0xB9, 0x31, 0xFF}}},
	{{{0, -52, 24}, 0, {-260, 495}, {0xE3, 0x98, 0x43, 0xFF}}},
	{{{129, 0, 42}, 0, {-260, 495}, {0x27, 0xFF, 0x79, 0xFF}}},
	{{{-39, 3, 30}, 0, {-260, 495}, {0xA5, 0x00, 0x59, 0xFF}}},
};

Gfx squishy_Switch_optionnnn_please_work_Left_Thigh_Color_mesh_layer_1_tri_0[] = {
	gsSPVertex(squishy_Switch_optionnnn_please_work_Left_Thigh_Color_mesh_layer_1_vtx_0 + 0, 23, 0),
	gsSP2Triangles(0, 1, 2, 0, 3, 1, 0, 0),
	gsSP2Triangles(3, 0, 4, 0, 4, 0, 5, 0),
	gsSP2Triangles(0, 6, 5, 0, 0, 2, 6, 0),
	gsSP2Triangles(6, 2, 7, 0, 7, 2, 8, 0),
	gsSP2Triangles(2, 9, 8, 0, 2, 1, 9, 0),
	gsSP2Triangles(1, 10, 9, 0, 1, 11, 10, 0),
	gsSP2Triangles(3, 11, 1, 0, 12, 11, 3, 0),
	gsSP2Triangles(12, 3, 4, 0, 12, 4, 13, 0),
	gsSP2Triangles(14, 13, 4, 0, 14, 4, 5, 0),
	gsSP2Triangles(6, 14, 5, 0, 6, 15, 14, 0),
	gsSP2Triangles(6, 7, 15, 0, 15, 7, 16, 0),
	gsSP2Triangles(16, 7, 17, 0, 7, 8, 17, 0),
	gsSP2Triangles(17, 8, 18, 0, 8, 9, 18, 0),
	gsSP2Triangles(9, 10, 18, 0, 10, 19, 18, 0),
	gsSP2Triangles(11, 19, 10, 0, 11, 20, 19, 0),
	gsSP2Triangles(12, 20, 11, 0, 21, 20, 12, 0),
	gsSP2Triangles(21, 12, 13, 0, 21, 13, 14, 0),
	gsSP2Triangles(15, 21, 14, 0, 15, 16, 21, 0),
	gsSP2Triangles(21, 16, 20, 0, 20, 16, 22, 0),
	gsSP2Triangles(16, 17, 22, 0, 22, 17, 18, 0),
	gsSP2Triangles(19, 22, 18, 0, 20, 22, 19, 0),
	gsSPEndDisplayList(),
};

Vtx squishy_Switch_optionnnn_please_work_Left_Leg_mesh_layer_1_vtx_0[23] = {
	{{{129, 2, -54}, 0, {-260, 495}, {0x5D, 0xEF, 0x55, 0xFF}}},
	{{{139, 60, -27}, 0, {-260, 495}, {0x59, 0xAE, 0x27, 0xFF}}},
	{{{81, 11, -1}, 0, {-260, 495}, {0x7D, 0xEA, 0x00, 0xFF}}},
	{{{139, 60, 26}, 0, {-260, 495}, {0x59, 0xAE, 0xD9, 0xFF}}},
	{{{129, 2, 53}, 0, {-260, 495}, {0x5D, 0xEF, 0xAB, 0xFF}}},
	{{{118, -56, 26}, 0, {-260, 495}, {0x70, 0x2E, 0xD9, 0xFF}}},
	{{{118, -56, -27}, 0, {-260, 495}, {0x70, 0x2E, 0x27, 0xFF}}},
	{{{1, 51, -24}, 0, {-260, 495}, {0xD3, 0x65, 0xC2, 0xFF}}},
	{{{139, 60, -27}, 0, {-260, 495}, {0xF7, 0x6D, 0xC0, 0xFF}}},
	{{{129, 2, -54}, 0, {-260, 495}, {0xF9, 0x07, 0x81, 0xFF}}},
	{{{1, 51, 20}, 0, {-260, 495}, {0xD2, 0x66, 0x3D, 0xFF}}},
	{{{-27, 25, -21}, 0, {-260, 495}, {0x95, 0x2E, 0xCD, 0xFF}}},
	{{{1, 1, -46}, 0, {-260, 495}, {0xD9, 0x00, 0x87, 0xFF}}},
	{{{118, -56, -27}, 0, {-260, 495}, {0xF8, 0x98, 0xB8, 0xFF}}},
	{{{1, -49, -24}, 0, {-260, 495}, {0xD3, 0x9B, 0xC2, 0xFF}}},
	{{{118, -56, 26}, 0, {-260, 495}, {0xF6, 0x98, 0x49, 0xFF}}},
	{{{1, -49, 20}, 0, {-260, 495}, {0xD3, 0x9B, 0x3D, 0xFF}}},
	{{{129, 2, 53}, 0, {-260, 495}, {0xF5, 0x07, 0x7E, 0xFF}}},
	{{{1, 1, 42}, 0, {-260, 495}, {0xD8, 0x00, 0x78, 0xFF}}},
	{{{139, 60, 26}, 0, {-260, 495}, {0xF5, 0x6D, 0x41, 0xFF}}},
	{{{-27, 25, 16}, 0, {-260, 495}, {0x95, 0x2E, 0x33, 0xFF}}},
	{{{-27, -22, 16}, 0, {-260, 495}, {0x95, 0xD2, 0x33, 0xFF}}},
	{{{-27, -22, -21}, 0, {-260, 495}, {0x95, 0xD2, 0xCD, 0xFF}}},
};

Gfx squishy_Switch_optionnnn_please_work_Left_Leg_mesh_layer_1_tri_0[] = {
	gsSPVertex(squishy_Switch_optionnnn_please_work_Left_Leg_mesh_layer_1_vtx_0 + 0, 23, 0),
	gsSP2Triangles(0, 1, 2, 0, 1, 3, 2, 0),
	gsSP2Triangles(3, 4, 2, 0, 4, 5, 2, 0),
	gsSP2Triangles(5, 6, 2, 0, 6, 0, 2, 0),
	gsSP2Triangles(7, 8, 9, 0, 10, 8, 7, 0),
	gsSP2Triangles(10, 7, 11, 0, 7, 12, 11, 0),
	gsSP2Triangles(7, 9, 12, 0, 12, 9, 13, 0),
	gsSP2Triangles(12, 13, 14, 0, 14, 13, 15, 0),
	gsSP2Triangles(14, 15, 16, 0, 16, 15, 17, 0),
	gsSP2Triangles(16, 17, 18, 0, 18, 17, 19, 0),
	gsSP2Triangles(18, 19, 10, 0, 10, 19, 8, 0),
	gsSP2Triangles(18, 10, 20, 0, 10, 11, 20, 0),
	gsSP2Triangles(21, 20, 11, 0, 21, 11, 22, 0),
	gsSP2Triangles(11, 12, 22, 0, 12, 14, 22, 0),
	gsSP2Triangles(14, 21, 22, 0, 14, 16, 21, 0),
	gsSP2Triangles(16, 18, 21, 0, 18, 20, 21, 0),
	gsSPEndDisplayList(),
};

Vtx squishy_Switch_optionnnn_please_work_Left_Shoe_mesh_layer_1_vtx_0[83] = {
	{{{-47, 73, -3}, 0, {876, 1206}, {0x88, 0x29, 0x00, 0xFF}}},
	{{{-35, 29, 49}, 0, {-1135, 885}, {0xB1, 0xE5, 0x60, 0xFF}}},
	{{{-23, 65, 49}, 0, {-1164, 1205}, {0xBC, 0x17, 0x69, 0xFF}}},
	{{{-59, 37, -3}, 0, {902, 907}, {0x82, 0xF3, 0x00, 0xFF}}},
	{{{-23, 65, -56}, 0, {2675, 1209}, {0xBC, 0x17, 0x97, 0xFF}}},
	{{{-35, 29, -56}, 0, {2739, 894}, {0xB1, 0xE5, 0xA0, 0xFF}}},
	{{{-41, 11, -3}, 0, {903, 505}, {0xA6, 0xA7, 0x00, 0xFF}}},
	{{{-24, 5, -37}, 0, {1762, 368}, {0xBF, 0xA0, 0xCC, 0xFF}}},
	{{{52, -2, -63}, 0, {2646, -320}, {0x00, 0xCF, 0x8B, 0xFF}}},
	{{{65, 35, -63}, 0, {3173, -346}, {0x11, 0xFA, 0x82, 0xFF}}},
	{{{-23, 65, -56}, 0, {3167, 872}, {0xBC, 0x17, 0x97, 0xFF}}},
	{{{103, 22, -47}, 0, {3162, -1174}, {0x57, 0xE3, 0xA8, 0xFF}}},
	{{{90, -14, -47}, 0, {2591, -1157}, {0x45, 0xC2, 0xA9, 0xFF}}},
	{{{57, -26, -40}, 0, {1852, -424}, {0xED, 0x95, 0xBE, 0xFF}}},
	{{{81, -35, -25}, 0, {1472, -752}, {0x24, 0x8D, 0xD8, 0xFF}}},
	{{{104, -19, -3}, 0, {896, -1129}, {0x6A, 0xBA, 0x00, 0xFF}}},
	{{{117, 17, -3}, 0, {864, -1500}, {0x78, 0xD7, 0x00, 0xFF}}},
	{{{103, 22, -47}, 0, {2627, -1501}, {0x57, 0xE3, 0xA8, 0xFF}}},
	{{{103, 22, 41}, 0, {-1100, -1503}, {0x57, 0xE3, 0x58, 0xFF}}},
	{{{90, -14, 41}, 0, {-1061, -1132}, {0x45, 0xC2, 0x57, 0xFF}}},
	{{{81, -35, 18}, 0, {322, -751}, {0x24, 0x8D, 0x28, 0xFF}}},
	{{{57, -26, 33}, 0, {-55, -423}, {0xED, 0x95, 0x42, 0xFF}}},
	{{{52, -2, 56}, 0, {-980, -327}, {0x00, 0xCF, 0x75, 0xFF}}},
	{{{65, 35, 56}, 0, {-1626, -354}, {0x11, 0xFA, 0x7E, 0xFF}}},
	{{{103, 22, 41}, 0, {-1640, -1162}, {0x57, 0xE3, 0x58, 0xFF}}},
	{{{-23, 65, 49}, 0, {-1650, 886}, {0xBC, 0x17, 0x69, 0xFF}}},
	{{{-24, 5, 31}, 0, {40, 369}, {0xBF, 0xA0, 0x34, 0xFF}}},
	{{{-5, -10, -3}, 0, {900, 43}, {0xCB, 0x8C, 0x00, 0xFF}}},
	{{{57, -36, -3}, 0, {898, -453}, {0xE4, 0x84, 0x00, 0xFF}}},
	{{{-47, 73, -3}, 0, {902, 1513}, {0x8A, 0x2F, 0x00, 0xFF}}},
	{{{-23, 65, 49}, 0, {-1602, 1512}, {0xB7, 0x14, 0x66, 0xFF}}},
	{{{-17, 79, 51}, 0, {-1602, 1512}, {0xBE, 0x10, 0x6B, 0xFF}}},
	{{{-41, 87, -3}, 0, {902, 1513}, {0x8A, 0x2F, 0x00, 0xFF}}},
	{{{-23, 65, -56}, 0, {3110, 1518}, {0xB7, 0x14, 0x9A, 0xFF}}},
	{{{-17, 79, -57}, 0, {3110, 1518}, {0xBE, 0x10, 0x95, 0xFF}}},
	{{{-23, 65, 49}, 0, {-2198, 1121}, {0xB7, 0x14, 0x66, 0xFF}}},
	{{{69, 48, 58}, 0, {-2169, -401}, {0x0D, 0xEC, 0x7D, 0xFF}}},
	{{{-17, 79, 51}, 0, {-2198, 1121}, {0xBE, 0x10, 0x6B, 0xFF}}},
	{{{65, 35, 56}, 0, {-2169, -401}, {0x0D, 0xEC, 0x7D, 0xFF}}},
	{{{107, 36, 42}, 0, {-2186, -1393}, {0x4F, 0xD7, 0x5A, 0xFF}}},
	{{{103, 22, 41}, 0, {-2186, -1393}, {0x53, 0xD6, 0x56, 0xFF}}},
	{{{65, 35, -63}, 0, {3721, -391}, {0x0D, 0xEC, 0x83, 0xFF}}},
	{{{-23, 65, -56}, 0, {3714, 1104}, {0xB7, 0x14, 0x9A, 0xFF}}},
	{{{-17, 79, -57}, 0, {3714, 1104}, {0xBE, 0x10, 0x95, 0xFF}}},
	{{{69, 48, -64}, 0, {3721, -391}, {0x0D, 0xEC, 0x83, 0xFF}}},
	{{{103, 22, -47}, 0, {3708, -1407}, {0x53, 0xD6, 0xAA, 0xFF}}},
	{{{107, 36, -49}, 0, {3708, -1407}, {0x4F, 0xD7, 0xA6, 0xFF}}},
	{{{103, 22, 41}, 0, {-1523, -1812}, {0x53, 0xD6, 0x56, 0xFF}}},
	{{{124, 30, -3}, 0, {887, -1807}, {0x74, 0xCC, 0x00, 0xFF}}},
	{{{107, 36, 42}, 0, {-1523, -1812}, {0x4F, 0xD7, 0x5A, 0xFF}}},
	{{{117, 17, -3}, 0, {887, -1807}, {0x74, 0xCC, 0x00, 0xFF}}},
	{{{107, 36, -49}, 0, {3052, -1809}, {0x4F, 0xD7, 0xA6, 0xFF}}},
	{{{103, 22, -47}, 0, {3052, -1809}, {0x53, 0xD6, 0xAA, 0xFF}}},
	{{{-31, 83, -3}, 0, {-837, 784}, {0x29, 0x78, 0x00, 0xFF}}},
	{{{-12, 77, 40}, 0, {650, 1086}, {0x29, 0x78, 0x00, 0xFF}}},
	{{{-12, 77, -46}, 0, {-1441, 40}, {0x29, 0x78, 0x00, 0xFF}}},
	{{{61, 52, -52}, 0, {149, -902}, {0x29, 0x78, 0x00, 0xFF}}},
	{{{61, 52, 46}, 0, {2536, 291}, {0x29, 0x78, 0x00, 0xFF}}},
	{{{90, 42, -40}, 0, {1151, -1098}, {0x29, 0x78, 0x00, 0xFF}}},
	{{{90, 42, 33}, 0, {2926, -210}, {0x29, 0x78, 0x00, 0xFF}}},
	{{{103, 37, -3}, 0, {2381, -825}, {0x29, 0x78, 0x00, 0xFF}}},
	{{{-31, 83, -3}, 0, {711, 1430}, {0x29, 0x78, 0x00, 0xFF}}},
	{{{-12, 77, -46}, 0, {2563, 1434}, {0x29, 0x78, 0x00, 0xFF}}},
	{{{-17, 79, -57}, 0, {3110, 1518}, {0x29, 0x78, 0x00, 0xFF}}},
	{{{-31, 83, -3}, 0, {711, 1430}, {0x29, 0x78, 0x00, 0xFF}}},
	{{{-17, 79, -57}, 0, {3110, 1518}, {0x29, 0x78, 0x00, 0xFF}}},
	{{{-41, 87, -3}, 0, {902, 1513}, {0x29, 0x78, 0x00, 0xFF}}},
	{{{-12, 77, 40}, 0, {-1705, 1008}, {0x29, 0x78, 0x00, 0xFF}}},
	{{{-17, 79, 51}, 0, {-2198, 1121}, {0x29, 0x78, 0x00, 0xFF}}},
	{{{61, 52, 46}, 0, {-1720, -344}, {0x29, 0x78, 0x00, 0xFF}}},
	{{{69, 48, 58}, 0, {-2169, -401}, {0x29, 0x78, 0x00, 0xFF}}},
	{{{90, 42, 33}, 0, {-1223, -1813}, {0x29, 0x78, 0x00, 0xFF}}},
	{{{107, 36, 42}, 0, {-1523, -1812}, {0x29, 0x78, 0x00, 0xFF}}},
	{{{103, 37, -3}, 0, {819, -1809}, {0x29, 0x78, 0x00, 0xFF}}},
	{{{124, 30, -3}, 0, {887, -1807}, {0x29, 0x78, 0x00, 0xFF}}},
	{{{90, 42, -40}, 0, {2654, -1810}, {0x29, 0x78, 0x00, 0xFF}}},
	{{{107, 36, -49}, 0, {3052, -1809}, {0x29, 0x78, 0x00, 0xFF}}},
	{{{-12, 77, -46}, 0, {3224, 995}, {0x29, 0x78, 0x00, 0xFF}}},
	{{{69, 48, -64}, 0, {3721, -391}, {0x29, 0x78, 0x00, 0xFF}}},
	{{{-17, 79, -57}, 0, {3714, 1104}, {0x29, 0x78, 0x00, 0xFF}}},
	{{{61, 52, -52}, 0, {3246, -347}, {0x29, 0x78, 0x00, 0xFF}}},
	{{{107, 36, -49}, 0, {3708, -1407}, {0x29, 0x78, 0x00, 0xFF}}},
	{{{90, 42, -40}, 0, {3176, -1234}, {0x29, 0x78, 0x00, 0xFF}}},
};

Gfx squishy_Switch_optionnnn_please_work_Left_Shoe_mesh_layer_1_tri_0[] = {
	gsSPVertex(squishy_Switch_optionnnn_please_work_Left_Shoe_mesh_layer_1_vtx_0 + 0, 64, 0),
	gsSP2Triangles(0, 1, 2, 0, 0, 3, 1, 0),
	gsSP2Triangles(4, 3, 0, 0, 4, 5, 3, 0),
	gsSP2Triangles(5, 6, 3, 0, 5, 7, 6, 0),
	gsSP2Triangles(7, 5, 8, 0, 5, 9, 8, 0),
	gsSP2Triangles(5, 10, 9, 0, 11, 8, 9, 0),
	gsSP2Triangles(11, 12, 8, 0, 8, 12, 13, 0),
	gsSP2Triangles(12, 14, 13, 0, 15, 14, 12, 0),
	gsSP2Triangles(16, 15, 12, 0, 16, 12, 17, 0),
	gsSP2Triangles(18, 15, 16, 0, 18, 19, 15, 0),
	gsSP2Triangles(19, 20, 15, 0, 21, 20, 19, 0),
	gsSP2Triangles(22, 21, 19, 0, 23, 22, 19, 0),
	gsSP2Triangles(23, 19, 24, 0, 25, 22, 23, 0),
	gsSP2Triangles(25, 1, 22, 0, 1, 21, 22, 0),
	gsSP2Triangles(1, 26, 21, 0, 3, 26, 1, 0),
	gsSP2Triangles(3, 6, 26, 0, 6, 27, 26, 0),
	gsSP2Triangles(7, 27, 6, 0, 27, 7, 13, 0),
	gsSP2Triangles(7, 8, 13, 0, 27, 13, 28, 0),
	gsSP2Triangles(14, 28, 13, 0, 20, 28, 14, 0),
	gsSP2Triangles(20, 14, 15, 0, 21, 28, 20, 0),
	gsSP2Triangles(26, 28, 21, 0, 26, 27, 28, 0),
	gsSP2Triangles(29, 30, 31, 0, 29, 31, 32, 0),
	gsSP2Triangles(33, 29, 32, 0, 33, 32, 34, 0),
	gsSP2Triangles(35, 36, 37, 0, 35, 38, 36, 0),
	gsSP2Triangles(38, 39, 36, 0, 38, 40, 39, 0),
	gsSP2Triangles(41, 42, 43, 0, 41, 43, 44, 0),
	gsSP2Triangles(45, 41, 44, 0, 45, 44, 46, 0),
	gsSP2Triangles(47, 48, 49, 0, 47, 50, 48, 0),
	gsSP2Triangles(50, 51, 48, 0, 50, 52, 51, 0),
	gsSP2Triangles(53, 54, 55, 0, 54, 56, 55, 0),
	gsSP2Triangles(54, 57, 56, 0, 57, 58, 56, 0),
	gsSP2Triangles(57, 59, 58, 0, 60, 58, 59, 0),
	gsSP1Triangle(61, 62, 63, 0),
	gsSPVertex(squishy_Switch_optionnnn_please_work_Left_Shoe_mesh_layer_1_vtx_0 + 64, 19, 0),
	gsSP2Triangles(0, 1, 2, 0, 3, 0, 2, 0),
	gsSP2Triangles(3, 2, 4, 0, 5, 3, 4, 0),
	gsSP2Triangles(5, 4, 6, 0, 7, 5, 6, 0),
	gsSP2Triangles(7, 6, 8, 0, 9, 7, 8, 0),
	gsSP2Triangles(9, 8, 10, 0, 11, 9, 10, 0),
	gsSP2Triangles(11, 10, 12, 0, 13, 14, 15, 0),
	gsSP2Triangles(13, 16, 14, 0, 16, 17, 14, 0),
	gsSP1Triangle(16, 18, 17, 0),
	gsSPEndDisplayList(),
};

Vtx squishy_Switch_optionnnn_please_work_Right_Thigh_Color_mesh_layer_1_vtx_0[23] = {
	{{{129, 0, 46}, 0, {-260, 495}, {0x26, 0x00, 0x79, 0xFF}}},
	{{{129, 50, 24}, 0, {-260, 495}, {0x2D, 0x66, 0x3D, 0xFF}}},
	{{{-3, 61, 27}, 0, {-260, 495}, {0xE1, 0x6A, 0x3F, 0xFF}}},
	{{{157, 23, 21}, 0, {-260, 495}, {0x6B, 0x2E, 0x33, 0xFF}}},
	{{{157, -24, 21}, 0, {-260, 495}, {0x6B, 0xD2, 0x33, 0xFF}}},
	{{{129, -50, 24}, 0, {-260, 495}, {0x2B, 0x99, 0x3D, 0xFF}}},
	{{{-3, 3, 53}, 0, {-260, 495}, {0xE3, 0x00, 0x7C, 0xFF}}},
	{{{-39, 3, 31}, 0, {-260, 495}, {0xA3, 0x00, 0x57, 0xFF}}},
	{{{-39, 37, 16}, 0, {-260, 495}, {0xA0, 0x46, 0x2D, 0xFF}}},
	{{{0, 58, -24}, 0, {-260, 495}, {0xE5, 0x69, 0xBD, 0xFF}}},
	{{{129, 50, -20}, 0, {-260, 495}, {0x2D, 0x65, 0xC2, 0xFF}}},
	{{{157, 23, -16}, 0, {-260, 495}, {0x6B, 0x2E, 0xCD, 0xFF}}},
	{{{157, -24, -16}, 0, {-260, 495}, {0x6B, 0xD2, 0xCD, 0xFF}}},
	{{{129, -50, -20}, 0, {-260, 495}, {0x2B, 0x9A, 0xC2, 0xFF}}},
	{{{-3, -55, 27}, 0, {-260, 495}, {0xDF, 0x97, 0x3F, 0xFF}}},
	{{{-39, -31, 16}, 0, {-260, 495}, {0xA0, 0xBA, 0x2D, 0xFF}}},
	{{{-51, 3, 1}, 0, {-260, 495}, {0x81, 0x00, 0x00, 0xFF}}},
	{{{-39, 37, -15}, 0, {-260, 495}, {0xA3, 0x47, 0xCF, 0xFF}}},
	{{{-3, 3, -52}, 0, {-260, 495}, {0xE5, 0x00, 0x84, 0xFF}}},
	{{{129, 0, -42}, 0, {-260, 495}, {0x27, 0xFF, 0x87, 0xFF}}},
	{{{0, -52, -24}, 0, {-260, 495}, {0xE3, 0x98, 0xBD, 0xFF}}},
	{{{-39, -31, -15}, 0, {-260, 495}, {0xA3, 0xB9, 0xCF, 0xFF}}},
	{{{-39, 3, -30}, 0, {-260, 495}, {0xA5, 0x00, 0xA7, 0xFF}}},
};

Gfx squishy_Switch_optionnnn_please_work_Right_Thigh_Color_mesh_layer_1_tri_0[] = {
	gsSPVertex(squishy_Switch_optionnnn_please_work_Right_Thigh_Color_mesh_layer_1_vtx_0 + 0, 23, 0),
	gsSP2Triangles(0, 1, 2, 0, 0, 3, 1, 0),
	gsSP2Triangles(4, 3, 0, 0, 5, 4, 0, 0),
	gsSP2Triangles(5, 0, 6, 0, 0, 2, 6, 0),
	gsSP2Triangles(2, 7, 6, 0, 2, 8, 7, 0),
	gsSP2Triangles(9, 8, 2, 0, 1, 9, 2, 0),
	gsSP2Triangles(1, 10, 9, 0, 1, 11, 10, 0),
	gsSP2Triangles(1, 3, 11, 0, 11, 3, 4, 0),
	gsSP2Triangles(11, 4, 12, 0, 13, 12, 4, 0),
	gsSP2Triangles(13, 4, 5, 0, 13, 5, 14, 0),
	gsSP2Triangles(5, 6, 14, 0, 6, 15, 14, 0),
	gsSP2Triangles(6, 7, 15, 0, 7, 16, 15, 0),
	gsSP2Triangles(8, 16, 7, 0, 17, 16, 8, 0),
	gsSP2Triangles(9, 17, 8, 0, 18, 17, 9, 0),
	gsSP2Triangles(10, 18, 9, 0, 10, 19, 18, 0),
	gsSP2Triangles(10, 11, 19, 0, 19, 11, 12, 0),
	gsSP2Triangles(19, 12, 13, 0, 19, 13, 20, 0),
	gsSP2Triangles(13, 14, 20, 0, 14, 21, 20, 0),
	gsSP2Triangles(14, 15, 21, 0, 15, 16, 21, 0),
	gsSP2Triangles(21, 16, 22, 0, 22, 16, 17, 0),
	gsSP2Triangles(18, 22, 17, 0, 20, 22, 18, 0),
	gsSP2Triangles(19, 20, 18, 0, 20, 21, 22, 0),
	gsSPEndDisplayList(),
};

Vtx squishy_Switch_optionnnn_please_work_Right_Leg_mesh_layer_1_vtx_0[23] = {
	{{{129, 2, 54}, 0, {-260, 495}, {0x5D, 0xEF, 0xAB, 0xFF}}},
	{{{81, 11, 1}, 0, {-260, 495}, {0x7D, 0xEA, 0x00, 0xFF}}},
	{{{139, 60, 27}, 0, {-260, 495}, {0x59, 0xAE, 0xD9, 0xFF}}},
	{{{118, -56, 27}, 0, {-260, 495}, {0x70, 0x2E, 0xD9, 0xFF}}},
	{{{118, -56, -26}, 0, {-260, 495}, {0x70, 0x2E, 0x27, 0xFF}}},
	{{{129, 2, -53}, 0, {-260, 495}, {0x5D, 0xEF, 0x55, 0xFF}}},
	{{{139, 60, -26}, 0, {-260, 495}, {0x59, 0xAE, 0x27, 0xFF}}},
	{{{1, 51, 24}, 0, {-260, 495}, {0xD3, 0x65, 0x3E, 0xFF}}},
	{{{129, 2, 54}, 0, {-260, 495}, {0xF9, 0x07, 0x7F, 0xFF}}},
	{{{139, 60, 27}, 0, {-260, 495}, {0xF7, 0x6D, 0x40, 0xFF}}},
	{{{1, 1, 46}, 0, {-260, 495}, {0xD9, 0x00, 0x79, 0xFF}}},
	{{{-27, 25, 21}, 0, {-260, 495}, {0x95, 0x2E, 0x33, 0xFF}}},
	{{{1, 51, -20}, 0, {-260, 495}, {0xD2, 0x66, 0xC3, 0xFF}}},
	{{{139, 60, -26}, 0, {-260, 495}, {0xF5, 0x6D, 0xBF, 0xFF}}},
	{{{1, 1, -42}, 0, {-260, 495}, {0xD8, 0x00, 0x88, 0xFF}}},
	{{{129, 2, -53}, 0, {-260, 495}, {0xF5, 0x07, 0x82, 0xFF}}},
	{{{1, -49, -20}, 0, {-260, 495}, {0xD3, 0x9B, 0xC3, 0xFF}}},
	{{{118, -56, -26}, 0, {-260, 495}, {0xF6, 0x98, 0xB7, 0xFF}}},
	{{{1, -49, 24}, 0, {-260, 495}, {0xD3, 0x9B, 0x3E, 0xFF}}},
	{{{118, -56, 27}, 0, {-260, 495}, {0xF8, 0x98, 0x48, 0xFF}}},
	{{{-27, -22, 21}, 0, {-260, 495}, {0x95, 0xD2, 0x33, 0xFF}}},
	{{{-27, -22, -16}, 0, {-260, 495}, {0x95, 0xD2, 0xCD, 0xFF}}},
	{{{-27, 25, -16}, 0, {-260, 495}, {0x95, 0x2E, 0xCD, 0xFF}}},
};

Gfx squishy_Switch_optionnnn_please_work_Right_Leg_mesh_layer_1_tri_0[] = {
	gsSPVertex(squishy_Switch_optionnnn_please_work_Right_Leg_mesh_layer_1_vtx_0 + 0, 23, 0),
	gsSP2Triangles(0, 1, 2, 0, 3, 1, 0, 0),
	gsSP2Triangles(4, 1, 3, 0, 5, 1, 4, 0),
	gsSP2Triangles(6, 1, 5, 0, 2, 1, 6, 0),
	gsSP2Triangles(7, 8, 9, 0, 7, 10, 8, 0),
	gsSP2Triangles(7, 11, 10, 0, 12, 11, 7, 0),
	gsSP2Triangles(12, 7, 9, 0, 12, 9, 13, 0),
	gsSP2Triangles(14, 12, 13, 0, 14, 13, 15, 0),
	gsSP2Triangles(16, 14, 15, 0, 16, 15, 17, 0),
	gsSP2Triangles(18, 16, 17, 0, 18, 17, 19, 0),
	gsSP2Triangles(10, 18, 19, 0, 10, 19, 8, 0),
	gsSP2Triangles(10, 20, 18, 0, 11, 20, 10, 0),
	gsSP2Triangles(21, 20, 11, 0, 21, 11, 22, 0),
	gsSP2Triangles(12, 22, 11, 0, 14, 22, 12, 0),
	gsSP2Triangles(14, 21, 22, 0, 16, 21, 14, 0),
	gsSP2Triangles(18, 21, 16, 0, 18, 20, 21, 0),
	gsSPEndDisplayList(),
};

Vtx squishy_Switch_optionnnn_please_work_Right_Shoe_DL_mesh_layer_1_vtx_0[83] = {
	{{{-47, 73, 3}, 0, {876, 1206}, {0x88, 0x29, 0x00, 0xFF}}},
	{{{-23, 65, -49}, 0, {-1164, 1205}, {0xBC, 0x17, 0x97, 0xFF}}},
	{{{-35, 29, -49}, 0, {-1135, 885}, {0xB1, 0xE5, 0xA0, 0xFF}}},
	{{{-59, 37, 3}, 0, {902, 907}, {0x82, 0xF3, 0x00, 0xFF}}},
	{{{-24, 5, -31}, 0, {40, 369}, {0xBF, 0xA0, 0xCC, 0xFF}}},
	{{{57, -26, -33}, 0, {-55, -423}, {0xED, 0x95, 0xBE, 0xFF}}},
	{{{52, -2, -56}, 0, {-980, -327}, {0x00, 0xCF, 0x8B, 0xFF}}},
	{{{-23, 65, -49}, 0, {-1650, 886}, {0xBC, 0x17, 0x97, 0xFF}}},
	{{{65, 35, -56}, 0, {-1626, -354}, {0x11, 0xFA, 0x82, 0xFF}}},
	{{{90, -14, -41}, 0, {-1061, -1132}, {0x45, 0xC2, 0xA9, 0xFF}}},
	{{{103, 22, -41}, 0, {-1640, -1162}, {0x57, 0xE3, 0xA8, 0xFF}}},
	{{{81, -35, -18}, 0, {322, -751}, {0x24, 0x8D, 0xD8, 0xFF}}},
	{{{104, -19, 3}, 0, {896, -1129}, {0x6A, 0xBA, 0x00, 0xFF}}},
	{{{103, 22, -41}, 0, {-1100, -1503}, {0x57, 0xE3, 0xA8, 0xFF}}},
	{{{117, 17, 3}, 0, {864, -1500}, {0x78, 0xD7, 0x00, 0xFF}}},
	{{{90, -14, 47}, 0, {2591, -1157}, {0x45, 0xC2, 0x57, 0xFF}}},
	{{{103, 22, 47}, 0, {2627, -1501}, {0x57, 0xE3, 0x58, 0xFF}}},
	{{{81, -35, 25}, 0, {1472, -752}, {0x24, 0x8D, 0x28, 0xFF}}},
	{{{57, -26, 40}, 0, {1852, -424}, {0xED, 0x95, 0x42, 0xFF}}},
	{{{52, -2, 63}, 0, {2646, -320}, {0x00, 0xCF, 0x75, 0xFF}}},
	{{{103, 22, 47}, 0, {3162, -1174}, {0x57, 0xE3, 0x58, 0xFF}}},
	{{{65, 35, 63}, 0, {3173, -346}, {0x11, 0xFA, 0x7E, 0xFF}}},
	{{{-35, 29, 56}, 0, {2739, 894}, {0xB1, 0xE5, 0x60, 0xFF}}},
	{{{-23, 65, 56}, 0, {3167, 872}, {0xBC, 0x17, 0x69, 0xFF}}},
	{{{-24, 5, 37}, 0, {1762, 368}, {0xBF, 0xA0, 0x34, 0xFF}}},
	{{{-5, -10, 3}, 0, {900, 43}, {0xCB, 0x8C, 0x00, 0xFF}}},
	{{{-41, 11, 3}, 0, {903, 505}, {0xA6, 0xA7, 0x00, 0xFF}}},
	{{{-23, 65, 56}, 0, {2675, 1209}, {0xBC, 0x17, 0x69, 0xFF}}},
	{{{57, -36, 3}, 0, {898, -453}, {0xE4, 0x84, 0x00, 0xFF}}},
	{{{-47, 73, 3}, 0, {902, 1513}, {0x8A, 0x2F, 0x00, 0xFF}}},
	{{{-17, 79, -51}, 0, {-1602, 1512}, {0xBE, 0x10, 0x95, 0xFF}}},
	{{{-23, 65, -49}, 0, {-1602, 1512}, {0xB7, 0x14, 0x9A, 0xFF}}},
	{{{-41, 87, 3}, 0, {902, 1513}, {0x8A, 0x2F, 0x00, 0xFF}}},
	{{{-23, 65, 56}, 0, {3110, 1518}, {0xB7, 0x14, 0x66, 0xFF}}},
	{{{-17, 79, 57}, 0, {3110, 1518}, {0xBE, 0x10, 0x6B, 0xFF}}},
	{{{-23, 65, -49}, 0, {-2198, 1121}, {0xB7, 0x14, 0x9A, 0xFF}}},
	{{{-17, 79, -51}, 0, {-2198, 1121}, {0xBE, 0x10, 0x95, 0xFF}}},
	{{{69, 48, -58}, 0, {-2169, -401}, {0x0D, 0xEC, 0x83, 0xFF}}},
	{{{65, 35, -56}, 0, {-2169, -401}, {0x0D, 0xEC, 0x83, 0xFF}}},
	{{{107, 36, -42}, 0, {-2186, -1393}, {0x4F, 0xD7, 0xA6, 0xFF}}},
	{{{103, 22, -41}, 0, {-2186, -1393}, {0x53, 0xD6, 0xAA, 0xFF}}},
	{{{65, 35, 63}, 0, {3721, -391}, {0x0D, 0xEC, 0x7D, 0xFF}}},
	{{{-17, 79, 57}, 0, {3714, 1104}, {0xBE, 0x10, 0x6B, 0xFF}}},
	{{{-23, 65, 56}, 0, {3714, 1104}, {0xB7, 0x14, 0x66, 0xFF}}},
	{{{69, 48, 64}, 0, {3721, -391}, {0x0D, 0xEC, 0x7D, 0xFF}}},
	{{{103, 22, 47}, 0, {3708, -1407}, {0x53, 0xD6, 0x56, 0xFF}}},
	{{{107, 36, 49}, 0, {3708, -1407}, {0x4F, 0xD7, 0x5A, 0xFF}}},
	{{{103, 22, -41}, 0, {-1523, -1812}, {0x53, 0xD6, 0xAA, 0xFF}}},
	{{{107, 36, -42}, 0, {-1523, -1812}, {0x4F, 0xD7, 0xA6, 0xFF}}},
	{{{124, 30, 3}, 0, {887, -1807}, {0x74, 0xCC, 0x00, 0xFF}}},
	{{{117, 17, 3}, 0, {887, -1807}, {0x74, 0xCC, 0x00, 0xFF}}},
	{{{107, 36, 49}, 0, {3052, -1809}, {0x4F, 0xD7, 0x5A, 0xFF}}},
	{{{103, 22, 47}, 0, {3052, -1809}, {0x53, 0xD6, 0x56, 0xFF}}},
	{{{-31, 83, 3}, 0, {-837, 784}, {0x29, 0x78, 0x00, 0xFF}}},
	{{{-12, 77, 46}, 0, {-1441, 40}, {0x29, 0x78, 0x00, 0xFF}}},
	{{{-12, 77, -40}, 0, {650, 1086}, {0x29, 0x78, 0x00, 0xFF}}},
	{{{61, 52, 52}, 0, {149, -902}, {0x29, 0x78, 0x00, 0xFF}}},
	{{{61, 52, -46}, 0, {2536, 291}, {0x29, 0x78, 0x00, 0xFF}}},
	{{{90, 42, 40}, 0, {1151, -1098}, {0x29, 0x78, 0x00, 0xFF}}},
	{{{90, 42, -33}, 0, {2926, -210}, {0x29, 0x78, 0x00, 0xFF}}},
	{{{103, 37, 3}, 0, {2381, -825}, {0x29, 0x78, 0x00, 0xFF}}},
	{{{-31, 83, 3}, 0, {711, 1430}, {0x29, 0x78, 0x00, 0xFF}}},
	{{{-17, 79, 57}, 0, {3110, 1518}, {0x29, 0x78, 0x00, 0xFF}}},
	{{{-12, 77, 46}, 0, {2563, 1434}, {0x29, 0x78, 0x00, 0xFF}}},
	{{{-31, 83, 3}, 0, {711, 1430}, {0x29, 0x78, 0x00, 0xFF}}},
	{{{-41, 87, 3}, 0, {902, 1513}, {0x29, 0x78, 0x00, 0xFF}}},
	{{{-17, 79, 57}, 0, {3110, 1518}, {0x29, 0x78, 0x00, 0xFF}}},
	{{{-12, 77, -40}, 0, {-1705, 1008}, {0x29, 0x78, 0x00, 0xFF}}},
	{{{-17, 79, -51}, 0, {-2198, 1121}, {0x29, 0x78, 0x00, 0xFF}}},
	{{{61, 52, -46}, 0, {-1720, -344}, {0x29, 0x78, 0x00, 0xFF}}},
	{{{69, 48, -58}, 0, {-2169, -401}, {0x29, 0x78, 0x00, 0xFF}}},
	{{{90, 42, -33}, 0, {-1223, -1813}, {0x29, 0x78, 0x00, 0xFF}}},
	{{{107, 36, -42}, 0, {-1523, -1812}, {0x29, 0x78, 0x00, 0xFF}}},
	{{{103, 37, 3}, 0, {819, -1809}, {0x29, 0x78, 0x00, 0xFF}}},
	{{{124, 30, 3}, 0, {887, -1807}, {0x29, 0x78, 0x00, 0xFF}}},
	{{{90, 42, 40}, 0, {2654, -1810}, {0x29, 0x78, 0x00, 0xFF}}},
	{{{107, 36, 49}, 0, {3052, -1809}, {0x29, 0x78, 0x00, 0xFF}}},
	{{{-12, 77, 46}, 0, {3224, 995}, {0x29, 0x78, 0x00, 0xFF}}},
	{{{-17, 79, 57}, 0, {3714, 1104}, {0x29, 0x78, 0x00, 0xFF}}},
	{{{69, 48, 64}, 0, {3721, -391}, {0x29, 0x78, 0x00, 0xFF}}},
	{{{61, 52, 52}, 0, {3246, -347}, {0x29, 0x78, 0x00, 0xFF}}},
	{{{107, 36, 49}, 0, {3708, -1407}, {0x29, 0x78, 0x00, 0xFF}}},
	{{{90, 42, 40}, 0, {3176, -1234}, {0x29, 0x78, 0x00, 0xFF}}},
};

Gfx squishy_Switch_optionnnn_please_work_Right_Shoe_DL_mesh_layer_1_tri_0[] = {
	gsSPVertex(squishy_Switch_optionnnn_please_work_Right_Shoe_DL_mesh_layer_1_vtx_0 + 0, 64, 0),
	gsSP2Triangles(0, 1, 2, 0, 0, 2, 3, 0),
	gsSP2Triangles(3, 2, 4, 0, 2, 5, 4, 0),
	gsSP2Triangles(2, 6, 5, 0, 7, 6, 2, 0),
	gsSP2Triangles(7, 8, 6, 0, 8, 9, 6, 0),
	gsSP2Triangles(8, 10, 9, 0, 6, 9, 5, 0),
	gsSP2Triangles(5, 9, 11, 0, 9, 12, 11, 0),
	gsSP2Triangles(13, 12, 9, 0, 13, 14, 12, 0),
	gsSP2Triangles(14, 15, 12, 0, 14, 16, 15, 0),
	gsSP2Triangles(12, 15, 17, 0, 15, 18, 17, 0),
	gsSP2Triangles(19, 18, 15, 0, 20, 19, 15, 0),
	gsSP2Triangles(20, 21, 19, 0, 22, 19, 21, 0),
	gsSP2Triangles(22, 21, 23, 0, 24, 19, 22, 0),
	gsSP2Triangles(24, 18, 19, 0, 25, 18, 24, 0),
	gsSP2Triangles(24, 26, 25, 0, 22, 26, 24, 0),
	gsSP2Triangles(22, 3, 26, 0, 27, 3, 22, 0),
	gsSP2Triangles(27, 0, 3, 0, 3, 4, 26, 0),
	gsSP2Triangles(26, 4, 25, 0, 4, 28, 25, 0),
	gsSP2Triangles(4, 5, 28, 0, 5, 11, 28, 0),
	gsSP2Triangles(11, 17, 28, 0, 11, 12, 17, 0),
	gsSP2Triangles(17, 18, 28, 0, 25, 28, 18, 0),
	gsSP2Triangles(29, 30, 31, 0, 29, 32, 30, 0),
	gsSP2Triangles(33, 32, 29, 0, 33, 34, 32, 0),
	gsSP2Triangles(35, 36, 37, 0, 35, 37, 38, 0),
	gsSP2Triangles(38, 37, 39, 0, 38, 39, 40, 0),
	gsSP2Triangles(41, 42, 43, 0, 41, 44, 42, 0),
	gsSP2Triangles(45, 44, 41, 0, 45, 46, 44, 0),
	gsSP2Triangles(47, 48, 49, 0, 47, 49, 50, 0),
	gsSP2Triangles(50, 49, 51, 0, 50, 51, 52, 0),
	gsSP2Triangles(53, 54, 55, 0, 55, 54, 56, 0),
	gsSP2Triangles(55, 56, 57, 0, 57, 56, 58, 0),
	gsSP2Triangles(57, 58, 59, 0, 60, 59, 58, 0),
	gsSP1Triangle(61, 62, 63, 0),
	gsSPVertex(squishy_Switch_optionnnn_please_work_Right_Shoe_DL_mesh_layer_1_vtx_0 + 64, 19, 0),
	gsSP2Triangles(0, 1, 2, 0, 3, 1, 0, 0),
	gsSP2Triangles(3, 4, 1, 0, 5, 4, 3, 0),
	gsSP2Triangles(5, 6, 4, 0, 7, 6, 5, 0),
	gsSP2Triangles(7, 8, 6, 0, 9, 8, 7, 0),
	gsSP2Triangles(9, 10, 8, 0, 11, 10, 9, 0),
	gsSP2Triangles(11, 12, 10, 0, 13, 14, 15, 0),
	gsSP2Triangles(13, 15, 16, 0, 16, 15, 17, 0),
	gsSP1Triangle(16, 17, 18, 0),
	gsSPEndDisplayList(),
};


Gfx mat_squishy_squishy_hoodie[] = {
	gsSPLightColor(LIGHT_1, 0x152908FF),
	gsSPLightColor(LIGHT_2, 0x050F02FF),
	gsDPPipeSync(),
	gsDPSetCombineLERP(0, 0, 0, SHADE, 0, 0, 0, ENVIRONMENT, 0, 0, 0, SHADE, 0, 0, 0, ENVIRONMENT),
	gsDPSetAlphaDither(G_AD_NOISE),
	gsSPTexture(65535, 65535, 0, 0, 1),
	gsSPEndDisplayList(),
};

Gfx mat_revert_squishy_squishy_hoodie[] = {
	gsDPPipeSync(),
	gsDPSetAlphaDither(G_AD_DISABLE),
	gsSPEndDisplayList(),
};

Gfx mat_squishy_squishy_pants[] = {
	gsSPLightColor(LIGHT_1, 0x191A35FF),
	gsSPLightColor(LIGHT_2, 0x070715FF),
	gsDPPipeSync(),
	gsDPSetCombineLERP(0, 0, 0, SHADE, 0, 0, 0, ENVIRONMENT, 0, 0, 0, SHADE, 0, 0, 0, ENVIRONMENT),
	gsDPSetAlphaDither(G_AD_NOISE),
	gsSPTexture(65535, 65535, 0, 0, 1),
	gsSPEndDisplayList(),
};

Gfx mat_revert_squishy_squishy_pants[] = {
	gsDPPipeSync(),
	gsDPSetAlphaDither(G_AD_DISABLE),
	gsSPEndDisplayList(),
};

Gfx mat_squishy_squishy_skin[] = {
	gsSPLightColor(LIGHT_1, 0xF2B588FF),
	gsSPLightColor(LIGHT_2, 0x795941FF),
	gsDPPipeSync(),
	gsDPSetCombineLERP(0, 0, 0, SHADE, 0, 0, 0, ENVIRONMENT, 0, 0, 0, SHADE, 0, 0, 0, ENVIRONMENT),
	gsDPSetAlphaDither(G_AD_NOISE),
	gsSPTexture(65535, 65535, 0, 0, 1),
	gsSPEndDisplayList(),
};

Gfx mat_revert_squishy_squishy_skin[] = {
	gsDPPipeSync(),
	gsDPSetAlphaDither(G_AD_DISABLE),
	gsSPEndDisplayList(),
};

Gfx mat_squishy_squishy_hoodie_design[] = {
	gsSPClearGeometryMode(G_CULL_BACK),
	gsSPLightColor(LIGHT_1, 0xFFFFFFFF),
	gsSPLightColor(LIGHT_2, 0x7F7F7FFF),
	gsDPPipeSync(),
	gsDPSetCombineLERP(TEXEL0, 0, SHADE, 0, TEXEL0, 0, ENVIRONMENT, 0, TEXEL0, 0, SHADE, 0, TEXEL0, 0, ENVIRONMENT, 0),
	gsDPSetAlphaDither(G_AD_NOISE),
	gsDPSetTextureLUT(G_TT_RGBA16),
	gsSPTexture(65535, 65535, 0, 0, 1),
	gsDPSetTextureImage(G_IM_FMT_RGBA, G_IM_SIZ_16b, 1, squishy_chestlogo_pal_rgba16),
	gsDPSetTile(0, 0, 0, 256, 5, 0, G_TX_WRAP | G_TX_NOMIRROR, 0, 0, G_TX_WRAP | G_TX_NOMIRROR, 0, 0),
	gsDPLoadTLUTCmd(5, 37),
	gsDPSetTextureImage(G_IM_FMT_CI, G_IM_SIZ_8b_LOAD_BLOCK, 1, squishy_chestlogo_ci8),
	gsDPSetTile(G_IM_FMT_CI, G_IM_SIZ_8b_LOAD_BLOCK, 0, 0, 7, 0, G_TX_WRAP | G_TX_NOMIRROR, 0, 0, G_TX_WRAP | G_TX_NOMIRROR, 0, 0),
	gsDPLoadBlock(7, 0, 0, 2047, 256),
	gsDPSetTile(G_IM_FMT_CI, G_IM_SIZ_8b, 8, 0, 0, 0, G_TX_CLAMP | G_TX_NOMIRROR, 6, 0, G_TX_CLAMP | G_TX_NOMIRROR, 6, 0),
	gsDPSetTileSize(0, 0, 0, 252, 252),
	gsSPEndDisplayList(),
};

Gfx mat_revert_squishy_squishy_hoodie_design[] = {
	gsSPSetGeometryMode(G_CULL_BACK),
	gsDPPipeSync(),
	gsDPSetAlphaDither(G_AD_DISABLE),
	gsDPSetTextureLUT(G_TT_NONE),
	gsSPEndDisplayList(),
};

Gfx mat_squishy_squishy_hair[] = {
	gsSPClearGeometryMode(G_CULL_BACK),
	gsSPLightColor(LIGHT_1, 0x402626FF),
	gsSPLightColor(LIGHT_2, 0x1B0D0DFF),
	gsDPPipeSync(),
	gsDPSetCombineLERP(0, 0, 0, SHADE, 0, 0, 0, ENVIRONMENT, 0, 0, 0, SHADE, 0, 0, 0, ENVIRONMENT),
	gsDPSetAlphaDither(G_AD_NOISE),
	gsSPTexture(65535, 65535, 0, 0, 1),
	gsSPEndDisplayList(),
};

Gfx mat_revert_squishy_squishy_hair[] = {
	gsSPSetGeometryMode(G_CULL_BACK),
	gsDPPipeSync(),
	gsDPSetAlphaDither(G_AD_DISABLE),
	gsSPEndDisplayList(),
};

Gfx mat_squishy_squishy_hat[] = {
	gsSPLightColor(LIGHT_1, 0x2D2D33FF),
	gsSPLightColor(LIGHT_2, 0x111114FF),
	gsDPPipeSync(),
	gsDPSetCombineLERP(0, 0, 0, SHADE, 0, 0, 0, ENVIRONMENT, 0, 0, 0, SHADE, 0, 0, 0, ENVIRONMENT),
	gsDPSetAlphaDither(G_AD_NOISE),
	gsSPTexture(65535, 65535, 0, 0, 1),
	gsSPEndDisplayList(),
};

Gfx mat_revert_squishy_squishy_hat[] = {
	gsDPPipeSync(),
	gsDPSetAlphaDither(G_AD_DISABLE),
	gsSPEndDisplayList(),
};

Gfx mat_squishy_squishy_shadow[] = {
	gsSPLightColor(LIGHT_1, 0x090909FF),
	gsSPLightColor(LIGHT_2, 0x020202FF),
	gsDPPipeSync(),
	gsDPSetCombineLERP(0, 0, 0, SHADE, 0, 0, 0, ENVIRONMENT, 0, 0, 0, SHADE, 0, 0, 0, ENVIRONMENT),
	gsDPSetAlphaDither(G_AD_NOISE),
	gsSPTexture(65535, 65535, 0, 0, 1),
	gsSPEndDisplayList(),
};

Gfx mat_revert_squishy_squishy_shadow[] = {
	gsDPPipeSync(),
	gsDPSetAlphaDither(G_AD_DISABLE),
	gsSPEndDisplayList(),
};

Gfx mat_squishy_squishy_hat_design[] = {
	gsSPClearGeometryMode(G_CULL_BACK),
	gsSPLightColor(LIGHT_1, 0xFFFFFFFF),
	gsSPLightColor(LIGHT_2, 0x7F7F7FFF),
	gsDPPipeSync(),
	gsDPSetCombineLERP(TEXEL0, 0, SHADE, 0, TEXEL0, 0, ENVIRONMENT, 0, TEXEL0, 0, SHADE, 0, TEXEL0, 0, ENVIRONMENT, 0),
	gsDPSetAlphaDither(G_AD_NOISE),
	gsSPTexture(65535, 65535, 0, 0, 1),
	gsDPSetTextureImage(G_IM_FMT_IA, G_IM_SIZ_8b_LOAD_BLOCK, 1, squishy_hatlogo_ia8),
	gsDPSetTile(G_IM_FMT_IA, G_IM_SIZ_8b_LOAD_BLOCK, 0, 0, 7, 0, G_TX_WRAP | G_TX_NOMIRROR, 0, 0, G_TX_WRAP | G_TX_NOMIRROR, 0, 0),
	gsDPLoadBlock(7, 0, 0, 2047, 256),
	gsDPSetTile(G_IM_FMT_IA, G_IM_SIZ_8b, 8, 0, 0, 0, G_TX_CLAMP | G_TX_NOMIRROR, 6, 0, G_TX_CLAMP | G_TX_NOMIRROR, 6, 0),
	gsDPSetTileSize(0, 0, 0, 252, 252),
	gsSPEndDisplayList(),
};

Gfx mat_revert_squishy_squishy_hat_design[] = {
	gsSPSetGeometryMode(G_CULL_BACK),
	gsDPPipeSync(),
	gsDPSetAlphaDither(G_AD_DISABLE),
	gsSPEndDisplayList(),
};

Gfx mat_squishy_squishy_mouth[] = {
	gsSPClearGeometryMode(G_CULL_BACK),
	gsSPLightColor(LIGHT_1, 0xFFFFFFFF),
	gsSPLightColor(LIGHT_2, 0x7F7F7FFF),
	gsDPPipeSync(),
	gsDPSetCombineLERP(TEXEL0, 0, SHADE, 0, TEXEL0, 0, ENVIRONMENT, 0, TEXEL0, 0, SHADE, 0, TEXEL0, 0, ENVIRONMENT, 0),
	gsDPSetAlphaDither(G_AD_NOISE),
	gsSPTexture(65535, 65535, 0, 0, 1),
	gsDPSetTextureImage(G_IM_FMT_IA, G_IM_SIZ_8b_LOAD_BLOCK, 1, squishy_face_1_ia8),
	gsDPSetTile(G_IM_FMT_IA, G_IM_SIZ_8b_LOAD_BLOCK, 0, 0, 7, 0, G_TX_WRAP | G_TX_NOMIRROR, 0, 0, G_TX_WRAP | G_TX_NOMIRROR, 0, 0),
	gsDPLoadBlock(7, 0, 0, 2047, 256),
	gsDPSetTile(G_IM_FMT_IA, G_IM_SIZ_8b, 8, 0, 0, 0, G_TX_CLAMP | G_TX_NOMIRROR, 6, 0, G_TX_CLAMP | G_TX_NOMIRROR, 6, 0),
	gsDPSetTileSize(0, 0, 0, 252, 252),
	gsSPEndDisplayList(),
};

Gfx mat_revert_squishy_squishy_mouth[] = {
	gsSPSetGeometryMode(G_CULL_BACK),
	gsDPPipeSync(),
	gsDPSetAlphaDither(G_AD_DISABLE),
	gsSPEndDisplayList(),
};

Gfx mat_squishy_squishy_eye_1[] = {
	gsSPClearGeometryMode(G_CULL_BACK),
	gsDPPipeSync(),
	gsDPSetCombineLERP(0, 0, 0, TEXEL0, 0, 0, 0, TEXEL0, 0, 0, 0, TEXEL0, 0, 0, 0, TEXEL0),
	gsDPSetAlphaDither(G_AD_NOISE),
	gsSPTexture(65535, 65535, 0, 0, 1),
	gsDPSetTextureImage(G_IM_FMT_IA, G_IM_SIZ_8b_LOAD_BLOCK, 1, squishy_eye_1_ia8),
	gsDPSetTile(G_IM_FMT_IA, G_IM_SIZ_8b_LOAD_BLOCK, 0, 0, 7, 0, G_TX_WRAP | G_TX_NOMIRROR, 0, 0, G_TX_WRAP | G_TX_NOMIRROR, 0, 0),
	gsDPLoadBlock(7, 0, 0, 2047, 256),
	gsDPSetTile(G_IM_FMT_IA, G_IM_SIZ_8b, 8, 0, 0, 0, G_TX_WRAP | G_TX_NOMIRROR, 6, 0, G_TX_WRAP | G_TX_NOMIRROR, 6, 0),
	gsDPSetTileSize(0, 0, 0, 252, 252),
	gsSPEndDisplayList(),
};

Gfx mat_revert_squishy_squishy_eye_1[] = {
	gsSPSetGeometryMode(G_CULL_BACK),
	gsDPPipeSync(),
	gsDPSetAlphaDither(G_AD_DISABLE),
	gsSPEndDisplayList(),
};

Gfx mat_squishy_squishy_wing[] = {
	gsSPClearGeometryMode(G_CULL_BACK),
	gsSPLightColor(LIGHT_1, 0xFFFFFFFF),
	gsSPLightColor(LIGHT_2, 0x7F7F7FFF),
	gsDPPipeSync(),
	gsDPSetCombineLERP(TEXEL0, 0, SHADE, 0, TEXEL0, 0, ENVIRONMENT, 0, TEXEL0, 0, SHADE, 0, TEXEL0, 0, ENVIRONMENT, 0),
	gsDPSetAlphaDither(G_AD_NOISE),
	gsSPTexture(65535, 65535, 0, 0, 1),
	gsDPSetTextureImage(G_IM_FMT_IA, G_IM_SIZ_8b_LOAD_BLOCK, 1, squishy_wing_ia8),
	gsDPSetTile(G_IM_FMT_IA, G_IM_SIZ_8b_LOAD_BLOCK, 0, 0, 7, 0, G_TX_WRAP | G_TX_NOMIRROR, 0, 0, G_TX_WRAP | G_TX_NOMIRROR, 0, 0),
	gsDPLoadBlock(7, 0, 0, 2047, 256),
	gsDPSetTile(G_IM_FMT_IA, G_IM_SIZ_8b, 8, 0, 0, 0, G_TX_WRAP | G_TX_NOMIRROR, 6, 0, G_TX_WRAP | G_TX_NOMIRROR, 6, 0),
	gsDPSetTileSize(0, 0, 0, 252, 252),
	gsSPEndDisplayList(),
};

Gfx mat_revert_squishy_squishy_wing[] = {
	gsSPSetGeometryMode(G_CULL_BACK),
	gsDPPipeSync(),
	gsDPSetAlphaDither(G_AD_DISABLE),
	gsSPEndDisplayList(),
};

Gfx mat_squishy_squishy_shoes[] = {
	gsSPLightColor(LIGHT_1, 0x2F2F34FF),
	gsSPLightColor(LIGHT_2, 0x121215FF),
	gsDPPipeSync(),
	gsDPSetCombineLERP(TEXEL0, SHADE, TEXEL0_ALPHA, SHADE, 0, 0, 0, ENVIRONMENT, TEXEL0, SHADE, TEXEL0_ALPHA, SHADE, 0, 0, 0, ENVIRONMENT),
	gsDPSetAlphaDither(G_AD_NOISE),
	gsSPTexture(65535, 65535, 0, 0, 1),
	gsDPSetTextureImage(G_IM_FMT_IA, G_IM_SIZ_8b_LOAD_BLOCK, 1, squishy_shoe_ia8),
	gsDPSetTile(G_IM_FMT_IA, G_IM_SIZ_8b_LOAD_BLOCK, 0, 0, 7, 0, G_TX_WRAP | G_TX_NOMIRROR, 0, 0, G_TX_WRAP | G_TX_NOMIRROR, 0, 0),
	gsDPLoadBlock(7, 0, 0, 127, 1024),
	gsDPSetTile(G_IM_FMT_IA, G_IM_SIZ_8b, 2, 0, 0, 0, G_TX_WRAP | G_TX_NOMIRROR, 4, 0, G_TX_WRAP | G_TX_NOMIRROR, 4, 0),
	gsDPSetTileSize(0, 0, 0, 60, 60),
	gsSPEndDisplayList(),
};

Gfx mat_revert_squishy_squishy_shoes[] = {
	gsDPPipeSync(),
	gsDPSetAlphaDither(G_AD_DISABLE),
	gsSPEndDisplayList(),
};

Gfx mat_squishy_squishy_white[] = {
	gsSPLightColor(LIGHT_1, 0xFFFFFFFF),
	gsSPLightColor(LIGHT_2, 0x7F7F7FFF),
	gsDPPipeSync(),
	gsDPSetCombineLERP(0, 0, 0, SHADE, 0, 0, 0, ENVIRONMENT, 0, 0, 0, SHADE, 0, 0, 0, ENVIRONMENT),
	gsDPSetAlphaDither(G_AD_NOISE),
	gsSPTexture(65535, 65535, 0, 0, 1),
	gsSPEndDisplayList(),
};

Gfx mat_revert_squishy_squishy_white[] = {
	gsDPPipeSync(),
	gsDPSetAlphaDither(G_AD_DISABLE),
	gsSPEndDisplayList(),
};

Gfx mat_squishy_squishy_soles[] = {
	gsSPLightColor(LIGHT_1, 0xFFFFFFFF),
	gsSPLightColor(LIGHT_2, 0x7F7F7FFF),
	gsDPPipeSync(),
	gsDPSetCombineLERP(TEXEL0, 0, SHADE, 0, 0, 0, 0, ENVIRONMENT, TEXEL0, 0, SHADE, 0, 0, 0, 0, ENVIRONMENT),
	gsDPSetAlphaDither(G_AD_NOISE),
	gsDPSetTextureLUT(G_TT_RGBA16),
	gsSPTexture(65535, 65535, 0, 0, 1),
	gsDPSetTextureImage(G_IM_FMT_RGBA, G_IM_SIZ_16b, 1, squishy_sole_pal_rgba16),
	gsDPSetTile(0, 0, 0, 256, 5, 0, G_TX_WRAP | G_TX_NOMIRROR, 0, 0, G_TX_WRAP | G_TX_NOMIRROR, 0, 0),
	gsDPLoadTLUTCmd(5, 1),
	gsDPSetTextureImage(G_IM_FMT_CI, G_IM_SIZ_8b_LOAD_BLOCK, 1, squishy_sole_ci8),
	gsDPSetTile(G_IM_FMT_CI, G_IM_SIZ_8b_LOAD_BLOCK, 0, 0, 7, 0, G_TX_WRAP | G_TX_NOMIRROR, 0, 0, G_TX_WRAP | G_TX_NOMIRROR, 0, 0),
	gsDPLoadBlock(7, 0, 0, 127, 1024),
	gsDPSetTile(G_IM_FMT_CI, G_IM_SIZ_8b, 2, 0, 0, 0, G_TX_WRAP | G_TX_NOMIRROR, 4, 0, G_TX_WRAP | G_TX_NOMIRROR, 4, 0),
	gsDPSetTileSize(0, 0, 0, 60, 60),
	gsSPEndDisplayList(),
};

Gfx mat_revert_squishy_squishy_soles[] = {
	gsDPPipeSync(),
	gsDPSetAlphaDither(G_AD_DISABLE),
	gsDPSetTextureLUT(G_TT_NONE),
	gsSPEndDisplayList(),
};

Gfx mat_squishy_Metal__METAL_[] = {
	gsSPSetGeometryMode(G_TEXTURE_GEN),
	gsSPLightColor(LIGHT_1, 0xFFFFFFFF),
	gsSPLightColor(LIGHT_2, 0xBCBCBCFF),
	gsDPPipeSync(),
	gsDPSetCombineLERP(TEXEL0, 0, SHADE, 0, 0, 0, 0, ENVIRONMENT, TEXEL0, 0, SHADE, 0, 0, 0, 0, ENVIRONMENT),
	gsDPSetAlphaDither(G_AD_NOISE),
	gsSPTexture(4032, 1984, 0, 0, 1),
	gsDPSetTextureImage(G_IM_FMT_RGBA, G_IM_SIZ_16b_LOAD_BLOCK, 1, squishy_Metal_Shade_rgba16_rgba16),
	gsDPSetTile(G_IM_FMT_RGBA, G_IM_SIZ_16b_LOAD_BLOCK, 0, 0, 7, 0, G_TX_WRAP | G_TX_NOMIRROR, 0, 0, G_TX_WRAP | G_TX_NOMIRROR, 0, 0),
	gsDPLoadBlock(7, 0, 0, 2047, 128),
	gsDPSetTile(G_IM_FMT_RGBA, G_IM_SIZ_16b, 16, 0, 0, 0, G_TX_WRAP | G_TX_NOMIRROR, 5, 0, G_TX_WRAP | G_TX_NOMIRROR, 6, 0),
	gsDPSetTileSize(0, 0, 0, 252, 124),
	gsSPEndDisplayList(),
};

Gfx mat_revert_squishy_Metal__METAL_[] = {
	gsSPClearGeometryMode(G_TEXTURE_GEN),
	gsDPPipeSync(),
	gsDPSetAlphaDither(G_AD_DISABLE),
	gsSPEndDisplayList(),
};

Gfx mat_squishy_squishy_wing_metal[] = {
	gsSPClearGeometryMode(G_CULL_BACK),
	gsSPLightColor(LIGHT_1, 0xFFFFFFFF),
	gsSPLightColor(LIGHT_2, 0xBCBCBCFF),
	gsDPPipeSync(),
	gsDPSetCombineLERP(TEXEL0, 0, SHADE, 0, TEXEL0, 0, ENVIRONMENT, 0, TEXEL0, 0, SHADE, 0, TEXEL0, 0, ENVIRONMENT, 0),
	gsDPSetAlphaDither(G_AD_NOISE),
	gsSPTexture(65535, 65535, 0, 0, 1),
	gsDPSetTextureImage(G_IM_FMT_RGBA, G_IM_SIZ_16b_LOAD_BLOCK, 1, squishy_wing_metal_rgba16),
	gsDPSetTile(G_IM_FMT_RGBA, G_IM_SIZ_16b_LOAD_BLOCK, 0, 0, 7, 0, G_TX_WRAP | G_TX_NOMIRROR, 0, 0, G_TX_WRAP | G_TX_NOMIRROR, 0, 0),
	gsDPLoadBlock(7, 0, 0, 4095, 128),
	gsDPSetTile(G_IM_FMT_RGBA, G_IM_SIZ_16b, 16, 0, 0, 0, G_TX_CLAMP | G_TX_NOMIRROR, 6, 0, G_TX_CLAMP | G_TX_NOMIRROR, 6, 0),
	gsDPSetTileSize(0, 0, 0, 252, 252),
	gsSPEndDisplayList(),
};

Gfx mat_revert_squishy_squishy_wing_metal[] = {
	gsSPSetGeometryMode(G_CULL_BACK),
	gsDPPipeSync(),
	gsDPSetAlphaDither(G_AD_DISABLE),
	gsSPEndDisplayList(),
};

Gfx mat_squishy_squishy_eye_2[] = {
	gsSPClearGeometryMode(G_CULL_BACK),
	gsDPPipeSync(),
	gsDPSetCombineLERP(0, 0, 0, TEXEL0, 0, 0, 0, TEXEL0, 0, 0, 0, TEXEL0, 0, 0, 0, TEXEL0),
	gsDPSetAlphaDither(G_AD_NOISE),
	gsSPTexture(65535, 65535, 0, 0, 1),
	gsDPSetTextureImage(G_IM_FMT_IA, G_IM_SIZ_8b_LOAD_BLOCK, 1, squishy_eye_2_ia8),
	gsDPSetTile(G_IM_FMT_IA, G_IM_SIZ_8b_LOAD_BLOCK, 0, 0, 7, 0, G_TX_WRAP | G_TX_NOMIRROR, 0, 0, G_TX_WRAP | G_TX_NOMIRROR, 0, 0),
	gsDPLoadBlock(7, 0, 0, 2047, 256),
	gsDPSetTile(G_IM_FMT_IA, G_IM_SIZ_8b, 8, 0, 0, 0, G_TX_WRAP | G_TX_NOMIRROR, 6, 0, G_TX_WRAP | G_TX_NOMIRROR, 6, 0),
	gsDPSetTileSize(0, 0, 0, 252, 252),
	gsSPEndDisplayList(),
};

Gfx mat_revert_squishy_squishy_eye_2[] = {
	gsSPSetGeometryMode(G_CULL_BACK),
	gsDPPipeSync(),
	gsDPSetAlphaDither(G_AD_DISABLE),
	gsSPEndDisplayList(),
};

Gfx mat_squishy_squishy_eye_3[] = {
	gsSPClearGeometryMode(G_CULL_BACK),
	gsDPPipeSync(),
	gsDPSetCombineLERP(0, 0, 0, TEXEL0, 0, 0, 0, TEXEL0, 0, 0, 0, TEXEL0, 0, 0, 0, TEXEL0),
	gsDPSetAlphaDither(G_AD_NOISE),
	gsSPTexture(65535, 65535, 0, 0, 1),
	gsDPSetTextureImage(G_IM_FMT_IA, G_IM_SIZ_8b_LOAD_BLOCK, 1, squishy_eye_3_ia8),
	gsDPSetTile(G_IM_FMT_IA, G_IM_SIZ_8b_LOAD_BLOCK, 0, 0, 7, 0, G_TX_WRAP | G_TX_NOMIRROR, 0, 0, G_TX_WRAP | G_TX_NOMIRROR, 0, 0),
	gsDPLoadBlock(7, 0, 0, 2047, 256),
	gsDPSetTile(G_IM_FMT_IA, G_IM_SIZ_8b, 8, 0, 0, 0, G_TX_WRAP | G_TX_NOMIRROR, 6, 0, G_TX_WRAP | G_TX_NOMIRROR, 6, 0),
	gsDPSetTileSize(0, 0, 0, 252, 252),
	gsSPEndDisplayList(),
};

Gfx mat_revert_squishy_squishy_eye_3[] = {
	gsSPSetGeometryMode(G_CULL_BACK),
	gsDPPipeSync(),
	gsDPSetAlphaDither(G_AD_DISABLE),
	gsSPEndDisplayList(),
};

Gfx mat_squishy_squishy_eye_left[] = {
	gsSPClearGeometryMode(G_CULL_BACK),
	gsDPPipeSync(),
	gsDPSetCombineLERP(0, 0, 0, TEXEL0, 0, 0, 0, TEXEL0, 0, 0, 0, TEXEL0, 0, 0, 0, TEXEL0),
	gsDPSetAlphaDither(G_AD_NOISE),
	gsSPTexture(65535, 65535, 0, 0, 1),
	gsDPSetTextureImage(G_IM_FMT_IA, G_IM_SIZ_8b_LOAD_BLOCK, 1, squishy_eye_left_ia8),
	gsDPSetTile(G_IM_FMT_IA, G_IM_SIZ_8b_LOAD_BLOCK, 0, 0, 7, 0, G_TX_WRAP | G_TX_NOMIRROR, 0, 0, G_TX_WRAP | G_TX_NOMIRROR, 0, 0),
	gsDPLoadBlock(7, 0, 0, 2047, 256),
	gsDPSetTile(G_IM_FMT_IA, G_IM_SIZ_8b, 8, 0, 0, 0, G_TX_WRAP | G_TX_NOMIRROR, 6, 0, G_TX_WRAP | G_TX_NOMIRROR, 6, 0),
	gsDPSetTileSize(0, 0, 0, 252, 252),
	gsSPEndDisplayList(),
};

Gfx mat_revert_squishy_squishy_eye_left[] = {
	gsSPSetGeometryMode(G_CULL_BACK),
	gsDPPipeSync(),
	gsDPSetAlphaDither(G_AD_DISABLE),
	gsSPEndDisplayList(),
};

Gfx mat_squishy_squishy_eye_right[] = {
	gsSPClearGeometryMode(G_CULL_BACK),
	gsDPPipeSync(),
	gsDPSetCombineLERP(0, 0, 0, TEXEL0, 0, 0, 0, TEXEL0, 0, 0, 0, TEXEL0, 0, 0, 0, TEXEL0),
	gsDPSetAlphaDither(G_AD_NOISE),
	gsSPTexture(65535, 65535, 0, 0, 1),
	gsDPSetTextureImage(G_IM_FMT_IA, G_IM_SIZ_8b_LOAD_BLOCK, 1, squishy_eye_right_ia8),
	gsDPSetTile(G_IM_FMT_IA, G_IM_SIZ_8b_LOAD_BLOCK, 0, 0, 7, 0, G_TX_WRAP | G_TX_NOMIRROR, 0, 0, G_TX_WRAP | G_TX_NOMIRROR, 0, 0),
	gsDPLoadBlock(7, 0, 0, 2047, 256),
	gsDPSetTile(G_IM_FMT_IA, G_IM_SIZ_8b, 8, 0, 0, 0, G_TX_WRAP | G_TX_NOMIRROR, 6, 0, G_TX_WRAP | G_TX_NOMIRROR, 6, 0),
	gsDPSetTileSize(0, 0, 0, 252, 252),
	gsSPEndDisplayList(),
};

Gfx mat_revert_squishy_squishy_eye_right[] = {
	gsSPSetGeometryMode(G_CULL_BACK),
	gsDPPipeSync(),
	gsDPSetAlphaDither(G_AD_DISABLE),
	gsSPEndDisplayList(),
};

Gfx mat_squishy_squishy_eye_up[] = {
	gsSPClearGeometryMode(G_CULL_BACK),
	gsDPPipeSync(),
	gsDPSetCombineLERP(0, 0, 0, TEXEL0, 0, 0, 0, TEXEL0, 0, 0, 0, TEXEL0, 0, 0, 0, TEXEL0),
	gsDPSetAlphaDither(G_AD_NOISE),
	gsSPTexture(65535, 65535, 0, 0, 1),
	gsDPSetTextureImage(G_IM_FMT_IA, G_IM_SIZ_8b_LOAD_BLOCK, 1, squishy_eye_up_ia8),
	gsDPSetTile(G_IM_FMT_IA, G_IM_SIZ_8b_LOAD_BLOCK, 0, 0, 7, 0, G_TX_WRAP | G_TX_NOMIRROR, 0, 0, G_TX_WRAP | G_TX_NOMIRROR, 0, 0),
	gsDPLoadBlock(7, 0, 0, 2047, 256),
	gsDPSetTile(G_IM_FMT_IA, G_IM_SIZ_8b, 8, 0, 0, 0, G_TX_WRAP | G_TX_NOMIRROR, 6, 0, G_TX_WRAP | G_TX_NOMIRROR, 6, 0),
	gsDPSetTileSize(0, 0, 0, 252, 252),
	gsSPEndDisplayList(),
};

Gfx mat_revert_squishy_squishy_eye_up[] = {
	gsSPSetGeometryMode(G_CULL_BACK),
	gsDPPipeSync(),
	gsDPSetAlphaDither(G_AD_DISABLE),
	gsSPEndDisplayList(),
};

Gfx mat_squishy_squishy_eye_down[] = {
	gsSPClearGeometryMode(G_CULL_BACK),
	gsDPPipeSync(),
	gsDPSetCombineLERP(0, 0, 0, TEXEL0, 0, 0, 0, TEXEL0, 0, 0, 0, TEXEL0, 0, 0, 0, TEXEL0),
	gsDPSetAlphaDither(G_AD_NOISE),
	gsSPTexture(65535, 65535, 0, 0, 1),
	gsDPSetTextureImage(G_IM_FMT_IA, G_IM_SIZ_8b_LOAD_BLOCK, 1, squishy_eye_down_ia8),
	gsDPSetTile(G_IM_FMT_IA, G_IM_SIZ_8b_LOAD_BLOCK, 0, 0, 7, 0, G_TX_WRAP | G_TX_NOMIRROR, 0, 0, G_TX_WRAP | G_TX_NOMIRROR, 0, 0),
	gsDPLoadBlock(7, 0, 0, 2047, 256),
	gsDPSetTile(G_IM_FMT_IA, G_IM_SIZ_8b, 8, 0, 0, 0, G_TX_WRAP | G_TX_NOMIRROR, 6, 0, G_TX_WRAP | G_TX_NOMIRROR, 6, 0),
	gsDPSetTileSize(0, 0, 0, 252, 252),
	gsSPEndDisplayList(),
};

Gfx mat_revert_squishy_squishy_eye_down[] = {
	gsSPSetGeometryMode(G_CULL_BACK),
	gsDPPipeSync(),
	gsDPSetAlphaDither(G_AD_DISABLE),
	gsSPEndDisplayList(),
};

Gfx mat_squishy_squishy_eye_4[] = {
	gsSPClearGeometryMode(G_CULL_BACK),
	gsDPPipeSync(),
	gsDPSetCombineLERP(0, 0, 0, TEXEL0, 0, 0, 0, TEXEL0, 0, 0, 0, TEXEL0, 0, 0, 0, TEXEL0),
	gsDPSetAlphaDither(G_AD_NOISE),
	gsSPTexture(65535, 65535, 0, 0, 1),
	gsDPSetTextureImage(G_IM_FMT_IA, G_IM_SIZ_8b_LOAD_BLOCK, 1, squishy_eye_dead_ia8),
	gsDPSetTile(G_IM_FMT_IA, G_IM_SIZ_8b_LOAD_BLOCK, 0, 0, 7, 0, G_TX_WRAP | G_TX_NOMIRROR, 0, 0, G_TX_WRAP | G_TX_NOMIRROR, 0, 0),
	gsDPLoadBlock(7, 0, 0, 2047, 256),
	gsDPSetTile(G_IM_FMT_IA, G_IM_SIZ_8b, 8, 0, 0, 0, G_TX_WRAP | G_TX_NOMIRROR, 6, 0, G_TX_WRAP | G_TX_NOMIRROR, 6, 0),
	gsDPSetTileSize(0, 0, 0, 252, 252),
	gsSPEndDisplayList(),
};

Gfx mat_revert_squishy_squishy_eye_4[] = {
	gsSPSetGeometryMode(G_CULL_BACK),
	gsDPPipeSync(),
	gsDPSetAlphaDither(G_AD_DISABLE),
	gsSPEndDisplayList(),
};

Gfx squishy_Butt_mesh_layer_1[] = {
	gsSPDisplayList(mat_squishy_squishy_hoodie),
	gsSPDisplayList(squishy_Butt_mesh_layer_1_tri_0),
	gsSPDisplayList(mat_revert_squishy_squishy_hoodie),
	gsSPDisplayList(mat_squishy_squishy_pants),
	gsSPDisplayList(squishy_Butt_mesh_layer_1_tri_1),
	gsSPDisplayList(mat_revert_squishy_squishy_pants),
	gsSPEndDisplayList(),
};

Gfx squishy_Torso_mesh_layer_1[] = {
	gsSPDisplayList(mat_squishy_squishy_hoodie),
	gsSPDisplayList(squishy_Torso_mesh_layer_1_tri_0),
	gsSPDisplayList(mat_revert_squishy_squishy_hoodie),
	gsSPDisplayList(mat_squishy_squishy_skin),
	gsSPDisplayList(squishy_Torso_mesh_layer_1_tri_1),
	gsSPDisplayList(mat_revert_squishy_squishy_skin),
	gsSPEndDisplayList(),
};

Gfx squishy_Torso_mesh_layer_4[] = {
	gsSPDisplayList(mat_squishy_squishy_hoodie_design),
	gsSPDisplayList(squishy_Torso_mesh_layer_4_tri_0),
	gsSPDisplayList(mat_revert_squishy_squishy_hoodie_design),
	gsSPEndDisplayList(),
};

Gfx squishy_Head_DL_mesh_layer_1[] = {
	gsSPDisplayList(mat_squishy_squishy_skin),
	gsSPDisplayList(squishy_Head_DL_mesh_layer_1_tri_0),
	gsSPDisplayList(mat_revert_squishy_squishy_skin),
	gsSPDisplayList(mat_squishy_squishy_hair),
	gsSPDisplayList(squishy_Head_DL_mesh_layer_1_tri_1),
	gsSPDisplayList(mat_revert_squishy_squishy_hair),
	gsSPDisplayList(mat_squishy_squishy_hat),
	gsSPDisplayList(squishy_Head_DL_mesh_layer_1_tri_2),
	gsSPDisplayList(mat_revert_squishy_squishy_hat),
	gsSPDisplayList(mat_squishy_squishy_shadow),
	gsSPDisplayList(squishy_Head_DL_mesh_layer_1_tri_3),
	gsSPDisplayList(mat_revert_squishy_squishy_shadow),
	gsSPEndDisplayList(),
};

Gfx squishy_Head_DL_mesh_layer_4[] = {
	gsSPDisplayList(mat_squishy_squishy_hat_design),
	gsSPDisplayList(squishy_Head_DL_mesh_layer_4_tri_0),
	gsSPDisplayList(mat_revert_squishy_squishy_hat_design),
	gsSPDisplayList(mat_squishy_squishy_mouth),
	gsSPDisplayList(squishy_Head_DL_mesh_layer_4_tri_1),
	gsSPDisplayList(mat_revert_squishy_squishy_mouth),
	gsSPDisplayList(mat_squishy_squishy_eye_1),
	gsSPDisplayList(squishy_Head_DL_mesh_layer_4_tri_2),
	gsSPDisplayList(mat_revert_squishy_squishy_eye_1),
	gsSPEndDisplayList(),
};

Gfx squishy_Head_DL_mesh_layer_4_opt_1[] = {
	gsSPDisplayList(mat_squishy_squishy_hat_design),
	gsSPDisplayList(squishy_Head_DL_mesh_layer_4_tri_0),
	gsSPDisplayList(mat_revert_squishy_squishy_hat_design),
	gsSPDisplayList(mat_squishy_squishy_mouth),
	gsSPDisplayList(squishy_Head_DL_mesh_layer_4_tri_1),
	gsSPDisplayList(mat_revert_squishy_squishy_mouth),
	gsSPDisplayList(mat_squishy_squishy_eye_2),
	gsSPDisplayList(squishy_Head_DL_mesh_layer_4_tri_2),
	gsSPDisplayList(mat_revert_squishy_squishy_eye_2),
	gsSPEndDisplayList(),
};

Gfx squishy_Head_DL_mesh_layer_4_opt_2[] = {
	gsSPDisplayList(mat_squishy_squishy_hat_design),
	gsSPDisplayList(squishy_Head_DL_mesh_layer_4_tri_0),
	gsSPDisplayList(mat_revert_squishy_squishy_hat_design),
	gsSPDisplayList(mat_squishy_squishy_mouth),
	gsSPDisplayList(squishy_Head_DL_mesh_layer_4_tri_1),
	gsSPDisplayList(mat_revert_squishy_squishy_mouth),
	gsSPDisplayList(mat_squishy_squishy_eye_3),
	gsSPDisplayList(squishy_Head_DL_mesh_layer_4_tri_2),
	gsSPDisplayList(mat_revert_squishy_squishy_eye_3),
	gsSPEndDisplayList(),
};

Gfx squishy_Head_DL_mesh_layer_4_opt_3[] = {
	gsSPDisplayList(mat_squishy_squishy_hat_design),
	gsSPDisplayList(squishy_Head_DL_mesh_layer_4_tri_0),
	gsSPDisplayList(mat_revert_squishy_squishy_hat_design),
	gsSPDisplayList(mat_squishy_squishy_mouth),
	gsSPDisplayList(squishy_Head_DL_mesh_layer_4_tri_1),
	gsSPDisplayList(mat_revert_squishy_squishy_mouth),
	gsSPDisplayList(mat_squishy_squishy_eye_left),
	gsSPDisplayList(squishy_Head_DL_mesh_layer_4_tri_2),
	gsSPDisplayList(mat_revert_squishy_squishy_eye_left),
	gsSPEndDisplayList(),
};

Gfx squishy_Head_DL_mesh_layer_4_opt_4[] = {
	gsSPDisplayList(mat_squishy_squishy_hat_design),
	gsSPDisplayList(squishy_Head_DL_mesh_layer_4_tri_0),
	gsSPDisplayList(mat_revert_squishy_squishy_hat_design),
	gsSPDisplayList(mat_squishy_squishy_mouth),
	gsSPDisplayList(squishy_Head_DL_mesh_layer_4_tri_1),
	gsSPDisplayList(mat_revert_squishy_squishy_mouth),
	gsSPDisplayList(mat_squishy_squishy_eye_right),
	gsSPDisplayList(squishy_Head_DL_mesh_layer_4_tri_2),
	gsSPDisplayList(mat_revert_squishy_squishy_eye_right),
	gsSPEndDisplayList(),
};

Gfx squishy_Head_DL_mesh_layer_4_opt_5[] = {
	gsSPDisplayList(mat_squishy_squishy_hat_design),
	gsSPDisplayList(squishy_Head_DL_mesh_layer_4_tri_0),
	gsSPDisplayList(mat_revert_squishy_squishy_hat_design),
	gsSPDisplayList(mat_squishy_squishy_mouth),
	gsSPDisplayList(squishy_Head_DL_mesh_layer_4_tri_1),
	gsSPDisplayList(mat_revert_squishy_squishy_mouth),
	gsSPDisplayList(mat_squishy_squishy_eye_up),
	gsSPDisplayList(squishy_Head_DL_mesh_layer_4_tri_2),
	gsSPDisplayList(mat_revert_squishy_squishy_eye_up),
	gsSPEndDisplayList(),
};

Gfx squishy_Head_DL_mesh_layer_4_opt_6[] = {
	gsSPDisplayList(mat_squishy_squishy_hat_design),
	gsSPDisplayList(squishy_Head_DL_mesh_layer_4_tri_0),
	gsSPDisplayList(mat_revert_squishy_squishy_hat_design),
	gsSPDisplayList(mat_squishy_squishy_mouth),
	gsSPDisplayList(squishy_Head_DL_mesh_layer_4_tri_1),
	gsSPDisplayList(mat_revert_squishy_squishy_mouth),
	gsSPDisplayList(mat_squishy_squishy_eye_down),
	gsSPDisplayList(squishy_Head_DL_mesh_layer_4_tri_2),
	gsSPDisplayList(mat_revert_squishy_squishy_eye_down),
	gsSPEndDisplayList(),
};

Gfx squishy_Head_DL_mesh_layer_4_opt_7[] = {
	gsSPDisplayList(mat_squishy_squishy_hat_design),
	gsSPDisplayList(squishy_Head_DL_mesh_layer_4_tri_0),
	gsSPDisplayList(mat_revert_squishy_squishy_hat_design),
	gsSPDisplayList(mat_squishy_squishy_mouth),
	gsSPDisplayList(squishy_Head_DL_mesh_layer_4_tri_1),
	gsSPDisplayList(mat_revert_squishy_squishy_mouth),
	gsSPDisplayList(mat_squishy_squishy_eye_4),
	gsSPDisplayList(squishy_Head_DL_mesh_layer_4_tri_2),
	gsSPDisplayList(mat_revert_squishy_squishy_eye_4),
	gsSPEndDisplayList(),
};

Gfx squishy_Capless_Head_Switch_Option_Capless_Head_mesh_layer_1[] = {
	gsSPDisplayList(mat_squishy_squishy_skin),
	gsSPDisplayList(squishy_Capless_Head_Switch_Option_Capless_Head_mesh_layer_1_tri_0),
	gsSPDisplayList(mat_revert_squishy_squishy_skin),
	gsSPDisplayList(mat_squishy_squishy_hair),
	gsSPDisplayList(squishy_Capless_Head_Switch_Option_Capless_Head_mesh_layer_1_tri_1),
	gsSPDisplayList(mat_revert_squishy_squishy_hair),
	gsSPDisplayList(mat_squishy_squishy_shadow),
	gsSPDisplayList(squishy_Capless_Head_Switch_Option_Capless_Head_mesh_layer_1_tri_2),
	gsSPDisplayList(mat_revert_squishy_squishy_shadow),
	gsSPEndDisplayList(),
};

Gfx squishy_Capless_Head_Switch_Option_Capless_Head_mesh_layer_4[] = {
	gsSPDisplayList(mat_squishy_squishy_eye_1),
	gsSPDisplayList(squishy_Capless_Head_Switch_Option_Capless_Head_mesh_layer_4_tri_0),
	gsSPDisplayList(mat_revert_squishy_squishy_eye_1),
	gsSPDisplayList(mat_squishy_squishy_mouth),
	gsSPDisplayList(squishy_Capless_Head_Switch_Option_Capless_Head_mesh_layer_4_tri_1),
	gsSPDisplayList(mat_revert_squishy_squishy_mouth),
	gsSPEndDisplayList(),
};

Gfx squishy_Capless_Head_Switch_Option_Capless_Head_mesh_layer_4_opt_1[] = {
	gsSPDisplayList(mat_squishy_squishy_eye_2),
	gsSPDisplayList(squishy_Capless_Head_Switch_Option_Capless_Head_mesh_layer_4_tri_0),
	gsSPDisplayList(mat_revert_squishy_squishy_eye_2),
	gsSPDisplayList(mat_squishy_squishy_mouth),
	gsSPDisplayList(squishy_Capless_Head_Switch_Option_Capless_Head_mesh_layer_4_tri_1),
	gsSPDisplayList(mat_revert_squishy_squishy_mouth),
	gsSPEndDisplayList(),
};

Gfx squishy_Capless_Head_Switch_Option_Capless_Head_mesh_layer_4_opt_2[] = {
	gsSPDisplayList(mat_squishy_squishy_eye_3),
	gsSPDisplayList(squishy_Capless_Head_Switch_Option_Capless_Head_mesh_layer_4_tri_0),
	gsSPDisplayList(mat_revert_squishy_squishy_eye_3),
	gsSPDisplayList(mat_squishy_squishy_mouth),
	gsSPDisplayList(squishy_Capless_Head_Switch_Option_Capless_Head_mesh_layer_4_tri_1),
	gsSPDisplayList(mat_revert_squishy_squishy_mouth),
	gsSPEndDisplayList(),
};

Gfx squishy_Capless_Head_Switch_Option_Capless_Head_mesh_layer_4_opt_3[] = {
	gsSPDisplayList(mat_squishy_squishy_eye_left),
	gsSPDisplayList(squishy_Capless_Head_Switch_Option_Capless_Head_mesh_layer_4_tri_0),
	gsSPDisplayList(mat_revert_squishy_squishy_eye_left),
	gsSPDisplayList(mat_squishy_squishy_mouth),
	gsSPDisplayList(squishy_Capless_Head_Switch_Option_Capless_Head_mesh_layer_4_tri_1),
	gsSPDisplayList(mat_revert_squishy_squishy_mouth),
	gsSPEndDisplayList(),
};

Gfx squishy_Capless_Head_Switch_Option_Capless_Head_mesh_layer_4_opt_4[] = {
	gsSPDisplayList(mat_squishy_squishy_eye_right),
	gsSPDisplayList(squishy_Capless_Head_Switch_Option_Capless_Head_mesh_layer_4_tri_0),
	gsSPDisplayList(mat_revert_squishy_squishy_eye_right),
	gsSPDisplayList(mat_squishy_squishy_mouth),
	gsSPDisplayList(squishy_Capless_Head_Switch_Option_Capless_Head_mesh_layer_4_tri_1),
	gsSPDisplayList(mat_revert_squishy_squishy_mouth),
	gsSPEndDisplayList(),
};

Gfx squishy_Capless_Head_Switch_Option_Capless_Head_mesh_layer_4_opt_5[] = {
	gsSPDisplayList(mat_squishy_squishy_eye_up),
	gsSPDisplayList(squishy_Capless_Head_Switch_Option_Capless_Head_mesh_layer_4_tri_0),
	gsSPDisplayList(mat_revert_squishy_squishy_eye_up),
	gsSPDisplayList(mat_squishy_squishy_mouth),
	gsSPDisplayList(squishy_Capless_Head_Switch_Option_Capless_Head_mesh_layer_4_tri_1),
	gsSPDisplayList(mat_revert_squishy_squishy_mouth),
	gsSPEndDisplayList(),
};

Gfx squishy_Capless_Head_Switch_Option_Capless_Head_mesh_layer_4_opt_6[] = {
	gsSPDisplayList(mat_squishy_squishy_eye_down),
	gsSPDisplayList(squishy_Capless_Head_Switch_Option_Capless_Head_mesh_layer_4_tri_0),
	gsSPDisplayList(mat_revert_squishy_squishy_eye_down),
	gsSPDisplayList(mat_squishy_squishy_mouth),
	gsSPDisplayList(squishy_Capless_Head_Switch_Option_Capless_Head_mesh_layer_4_tri_1),
	gsSPDisplayList(mat_revert_squishy_squishy_mouth),
	gsSPEndDisplayList(),
};

Gfx squishy_Capless_Head_Switch_Option_Capless_Head_mesh_layer_4_opt_7[] = {
	gsSPDisplayList(mat_squishy_squishy_eye_4),
	gsSPDisplayList(squishy_Capless_Head_Switch_Option_Capless_Head_mesh_layer_4_tri_0),
	gsSPDisplayList(mat_revert_squishy_squishy_eye_4),
	gsSPDisplayList(mat_squishy_squishy_mouth),
	gsSPDisplayList(squishy_Capless_Head_Switch_Option_Capless_Head_mesh_layer_4_tri_1),
	gsSPDisplayList(mat_revert_squishy_squishy_mouth),
	gsSPEndDisplayList(),
};

Gfx squishy_Left_Wing_DL_mesh_layer_4[] = {
	gsSPDisplayList(mat_squishy_squishy_wing),
	gsSPDisplayList(squishy_Left_Wing_DL_mesh_layer_4_tri_0),
	gsSPDisplayList(mat_revert_squishy_squishy_wing),
	gsSPEndDisplayList(),
};

Gfx squishy_Right_Wing_DL_mesh_layer_4[] = {
	gsSPDisplayList(mat_squishy_squishy_wing),
	gsSPDisplayList(squishy_Right_Wing_DL_mesh_layer_4_tri_0),
	gsSPDisplayList(mat_revert_squishy_squishy_wing),
	gsSPEndDisplayList(),
};

Gfx squishy_Left_Arm_Color_mesh_layer_1[] = {
	gsSPDisplayList(mat_squishy_squishy_hoodie),
	gsSPDisplayList(squishy_Left_Arm_Color_mesh_layer_1_tri_0),
	gsSPDisplayList(mat_revert_squishy_squishy_hoodie),
	gsSPEndDisplayList(),
};

Gfx squishy_Left_Forearm_mesh_layer_1[] = {
	gsSPDisplayList(mat_squishy_squishy_hoodie),
	gsSPDisplayList(squishy_Left_Forearm_mesh_layer_1_tri_0),
	gsSPDisplayList(mat_revert_squishy_squishy_hoodie),
	gsSPEndDisplayList(),
};

Gfx squishy_Left_Hand_DL_mesh_layer_1[] = {
	gsSPDisplayList(mat_squishy_squishy_skin),
	gsSPDisplayList(squishy_Left_Hand_DL_mesh_layer_1_tri_0),
	gsSPDisplayList(mat_revert_squishy_squishy_skin),
	gsSPEndDisplayList(),
};

Gfx squishy_Left_Hand_Open_Switch_Option_Left_Hand_Open_mesh_layer_1[] = {
	gsSPDisplayList(mat_squishy_squishy_skin),
	gsSPDisplayList(squishy_Left_Hand_Open_Switch_Option_Left_Hand_Open_mesh_layer_1_tri_0),
	gsSPDisplayList(mat_revert_squishy_squishy_skin),
	gsSPEndDisplayList(),
};

Gfx squishy_Right_Arm_Color_mesh_layer_1[] = {
	gsSPDisplayList(mat_squishy_squishy_hoodie),
	gsSPDisplayList(squishy_Right_Arm_Color_mesh_layer_1_tri_0),
	gsSPDisplayList(mat_revert_squishy_squishy_hoodie),
	gsSPEndDisplayList(),
};

Gfx squishy_Right_Forearm_mesh_layer_1[] = {
	gsSPDisplayList(mat_squishy_squishy_hoodie),
	gsSPDisplayList(squishy_Right_Forearm_mesh_layer_1_tri_0),
	gsSPDisplayList(mat_revert_squishy_squishy_hoodie),
	gsSPEndDisplayList(),
};

Gfx squishy_Right_Hand_DL_mesh_layer_1[] = {
	gsSPDisplayList(mat_squishy_squishy_skin),
	gsSPDisplayList(squishy_Right_Hand_DL_mesh_layer_1_tri_0),
	gsSPDisplayList(mat_revert_squishy_squishy_skin),
	gsSPEndDisplayList(),
};

Gfx squishy_Right_Hand_Open_Switch_Option_Right_Hand_Open_mesh_layer_1[] = {
	gsSPDisplayList(mat_squishy_squishy_skin),
	gsSPDisplayList(squishy_Right_Hand_Open_Switch_Option_Right_Hand_Open_mesh_layer_1_tri_0),
	gsSPDisplayList(mat_revert_squishy_squishy_skin),
	gsSPEndDisplayList(),
};

Gfx squishy_Right_Hand_Peace_Switch_Option_Right_Hand_Peace_mesh_layer_1[] = {
	gsSPDisplayList(mat_squishy_squishy_skin),
	gsSPDisplayList(squishy_Right_Hand_Peace_Switch_Option_Right_Hand_Peace_mesh_layer_1_tri_0),
	gsSPDisplayList(mat_revert_squishy_squishy_skin),
	gsSPEndDisplayList(),
};

Gfx squishy_Right_Hand_Cap_Switch_Option_Right_Hand_Cap_mesh_layer_1[] = {
	gsSPDisplayList(mat_squishy_squishy_skin),
	gsSPDisplayList(squishy_Right_Hand_Cap_Switch_Option_Right_Hand_Cap_mesh_layer_1_tri_0),
	gsSPDisplayList(mat_revert_squishy_squishy_skin),
	gsSPDisplayList(mat_squishy_squishy_hat),
	gsSPDisplayList(squishy_Right_Hand_Cap_Switch_Option_Right_Hand_Cap_mesh_layer_1_tri_1),
	gsSPDisplayList(mat_revert_squishy_squishy_hat),
	gsSPEndDisplayList(),
};

Gfx squishy_Right_Hand_Cap_Switch_Option_Right_Hand_Cap_mesh_layer_4[] = {
	gsSPDisplayList(mat_squishy_squishy_hat_design),
	gsSPDisplayList(squishy_Right_Hand_Cap_Switch_Option_Right_Hand_Cap_mesh_layer_4_tri_0),
	gsSPDisplayList(mat_revert_squishy_squishy_hat_design),
	gsSPEndDisplayList(),
};

Gfx squishy_Right_Hand_Wing_Cap_Swtich_Option_Right_Hand_Wing_Cap_mesh_layer_1[] = {
	gsSPDisplayList(mat_squishy_squishy_skin),
	gsSPDisplayList(squishy_Right_Hand_Wing_Cap_Swtich_Option_Right_Hand_Wing_Cap_mesh_layer_1_tri_0),
	gsSPDisplayList(mat_revert_squishy_squishy_skin),
	gsSPDisplayList(mat_squishy_squishy_hat),
	gsSPDisplayList(squishy_Right_Hand_Wing_Cap_Swtich_Option_Right_Hand_Wing_Cap_mesh_layer_1_tri_1),
	gsSPDisplayList(mat_revert_squishy_squishy_hat),
	gsSPEndDisplayList(),
};

Gfx squishy_Right_Hand_Wing_Cap_Swtich_Option_Right_Hand_Wing_Cap_mesh_layer_4[] = {
	gsSPDisplayList(mat_squishy_squishy_hat_design),
	gsSPDisplayList(squishy_Right_Hand_Wing_Cap_Swtich_Option_Right_Hand_Wing_Cap_mesh_layer_4_tri_0),
	gsSPDisplayList(mat_revert_squishy_squishy_hat_design),
	gsSPEndDisplayList(),
};

Gfx squishy_Right_Hand_Wing_Cap_Swtich_Option_Wings_mesh_layer_4[] = {
	gsSPDisplayList(mat_squishy_squishy_wing),
	gsSPDisplayList(squishy_Right_Hand_Wing_Cap_Swtich_Option_Wings_mesh_layer_4_tri_0),
	gsSPDisplayList(mat_revert_squishy_squishy_wing),
	gsSPEndDisplayList(),
};

Gfx squishy_Right_Hand_Wing_Cap_Swtich_Option_Wings_mesh_layer_4_with_layer_4_revert[] = {
	gsSPDisplayList(mat_squishy_squishy_wing),
	gsSPDisplayList(squishy_Right_Hand_Wing_Cap_Swtich_Option_Wings_mesh_layer_4_tri_0),
	gsSPDisplayList(mat_revert_squishy_squishy_wing),
	gsDPPipeSync(),
	gsSPSetGeometryMode(G_LIGHTING),
	gsSPClearGeometryMode(G_TEXTURE_GEN),
	gsDPSetCombineLERP(0, 0, 0, SHADE, 0, 0, 0, ENVIRONMENT, 0, 0, 0, SHADE, 0, 0, 0, ENVIRONMENT),
	gsSPTexture(65535, 65535, 0, 0, 0),
	gsDPSetEnvColor(255, 255, 255, 255),
	gsDPSetAlphaCompare(G_AC_NONE),
	gsDPSetTextureImage(G_IM_FMT_RGBA, G_IM_SIZ_16b_LOAD_BLOCK, 1, 0),
	gsDPSetTile(G_IM_FMT_RGBA, G_IM_SIZ_16b_LOAD_BLOCK, 0, 0, 7, 0, G_TX_WRAP | G_TX_NOMIRROR, 0, 0, G_TX_WRAP  | G_TX_NOMIRROR, 0, 0),
	gsDPLoadBlock(7, 0, 0, 1023, 256),
	gsDPSetTile(G_IM_FMT_RGBA, G_IM_SIZ_16b, 8, 0, 0, 0, G_TX_CLAMP | G_TX_NOMIRROR, 5, 0, G_TX_CLAMP | G_TX_NOMIRROR, 5, 0),
	gsDPSetTileSize(0, 0, 0, 124, 124),
	gsDPSetTextureImage(G_IM_FMT_RGBA, G_IM_SIZ_16b_LOAD_BLOCK, 1, 0),
	gsDPSetTile(G_IM_FMT_RGBA, G_IM_SIZ_16b_LOAD_BLOCK, 0, 256, 6, 0, G_TX_WRAP | G_TX_NOMIRROR, 0, 0, G_TX_WRAP | G_TX_NOMIRROR, 0, 0),
	gsDPLoadBlock(6, 0, 0, 1023, 256),
	gsDPSetTile(G_IM_FMT_RGBA, G_IM_SIZ_16b, 8, 256, 1, 0, G_TX_CLAMP | G_TX_NOMIRROR, 5, 0, G_TX_CLAMP | G_TX_NOMIRROR, 5, 0),
	gsDPSetTileSize(1, 0, 0, 124, 124),
	gsSPEndDisplayList(),
};

Gfx squishy_Left_Thigh_Color_mesh_layer_1[] = {
	gsSPDisplayList(mat_squishy_squishy_pants),
	gsSPDisplayList(squishy_Left_Thigh_Color_mesh_layer_1_tri_0),
	gsSPDisplayList(mat_revert_squishy_squishy_pants),
	gsSPEndDisplayList(),
};

Gfx squishy_Left_Leg_mesh_layer_1[] = {
	gsSPDisplayList(mat_squishy_squishy_pants),
	gsSPDisplayList(squishy_Left_Leg_mesh_layer_1_tri_0),
	gsSPDisplayList(mat_revert_squishy_squishy_pants),
	gsSPEndDisplayList(),
};

Gfx squishy_Left_Shoe_mesh_layer_1[] = {
	gsSPDisplayList(mat_squishy_squishy_shoes),
	gsSPDisplayList(squishy_Left_Shoe_mesh_layer_1_tri_0),
	gsSPDisplayList(mat_revert_squishy_squishy_shoes),
	gsSPDisplayList(mat_squishy_squishy_white),
	gsSPDisplayList(squishy_Left_Shoe_mesh_layer_1_tri_1),
	gsSPDisplayList(mat_revert_squishy_squishy_white),
	gsSPDisplayList(mat_squishy_squishy_soles),
	gsSPDisplayList(squishy_Left_Shoe_mesh_layer_1_tri_2),
	gsSPDisplayList(mat_revert_squishy_squishy_soles),
	gsSPEndDisplayList(),
};

Gfx squishy_Right_Thigh_Color_mesh_layer_1[] = {
	gsSPDisplayList(mat_squishy_squishy_pants),
	gsSPDisplayList(squishy_Right_Thigh_Color_mesh_layer_1_tri_0),
	gsSPDisplayList(mat_revert_squishy_squishy_pants),
	gsSPEndDisplayList(),
};

Gfx squishy_Right_Leg_mesh_layer_1[] = {
	gsSPDisplayList(mat_squishy_squishy_pants),
	gsSPDisplayList(squishy_Right_Leg_mesh_layer_1_tri_0),
	gsSPDisplayList(mat_revert_squishy_squishy_pants),
	gsSPEndDisplayList(),
};

Gfx squishy_Right_Shoe_DL_mesh_layer_1_with_layer_1_revert[] = {
	gsSPDisplayList(mat_squishy_squishy_shoes),
	gsSPDisplayList(squishy_Right_Shoe_DL_mesh_layer_1_tri_0),
	gsSPDisplayList(mat_revert_squishy_squishy_shoes),
	gsSPDisplayList(mat_squishy_squishy_white),
	gsSPDisplayList(squishy_Right_Shoe_DL_mesh_layer_1_tri_1),
	gsSPDisplayList(mat_revert_squishy_squishy_white),
	gsSPDisplayList(mat_squishy_squishy_soles),
	gsSPDisplayList(squishy_Right_Shoe_DL_mesh_layer_1_tri_2),
	gsSPDisplayList(mat_revert_squishy_squishy_soles),
	gsDPPipeSync(),
	gsSPSetGeometryMode(G_LIGHTING),
	gsSPClearGeometryMode(G_TEXTURE_GEN),
	gsDPSetCombineLERP(0, 0, 0, SHADE, 0, 0, 0, ENVIRONMENT, 0, 0, 0, SHADE, 0, 0, 0, ENVIRONMENT),
	gsSPTexture(65535, 65535, 0, 0, 0),
	gsDPSetEnvColor(255, 255, 255, 255),
	gsDPSetAlphaCompare(G_AC_NONE),
	gsDPSetTextureImage(G_IM_FMT_RGBA, G_IM_SIZ_16b_LOAD_BLOCK, 1, 0),
	gsDPSetTile(G_IM_FMT_RGBA, G_IM_SIZ_16b_LOAD_BLOCK, 0, 0, 7, 0, G_TX_WRAP | G_TX_NOMIRROR, 0, 0, G_TX_WRAP  | G_TX_NOMIRROR, 0, 0),
	gsDPLoadBlock(7, 0, 0, 1023, 256),
	gsDPSetTile(G_IM_FMT_RGBA, G_IM_SIZ_16b, 8, 0, 0, 0, G_TX_CLAMP | G_TX_NOMIRROR, 5, 0, G_TX_CLAMP | G_TX_NOMIRROR, 5, 0),
	gsDPSetTileSize(0, 0, 0, 124, 124),
	gsDPSetTextureImage(G_IM_FMT_RGBA, G_IM_SIZ_16b_LOAD_BLOCK, 1, 0),
	gsDPSetTile(G_IM_FMT_RGBA, G_IM_SIZ_16b_LOAD_BLOCK, 0, 256, 6, 0, G_TX_WRAP | G_TX_NOMIRROR, 0, 0, G_TX_WRAP | G_TX_NOMIRROR, 0, 0),
	gsDPLoadBlock(6, 0, 0, 1023, 256),
	gsDPSetTile(G_IM_FMT_RGBA, G_IM_SIZ_16b, 8, 256, 1, 0, G_TX_CLAMP | G_TX_NOMIRROR, 5, 0, G_TX_CLAMP | G_TX_NOMIRROR, 5, 0),
	gsDPSetTileSize(1, 0, 0, 124, 124),
	gsSPEndDisplayList(),
};

Gfx squishy_Right_Shoe_DL_mesh_layer_1_with_layer_5_revert[] = {
	gsSPDisplayList(mat_squishy_squishy_shoes),
	gsSPDisplayList(squishy_Right_Shoe_DL_mesh_layer_1_tri_0),
	gsSPDisplayList(mat_revert_squishy_squishy_shoes),
	gsSPDisplayList(mat_squishy_squishy_white),
	gsSPDisplayList(squishy_Right_Shoe_DL_mesh_layer_1_tri_1),
	gsSPDisplayList(mat_revert_squishy_squishy_white),
	gsSPDisplayList(mat_squishy_squishy_soles),
	gsSPDisplayList(squishy_Right_Shoe_DL_mesh_layer_1_tri_2),
	gsSPDisplayList(mat_revert_squishy_squishy_soles),
	gsDPPipeSync(),
	gsSPSetGeometryMode(G_LIGHTING),
	gsSPClearGeometryMode(G_TEXTURE_GEN),
	gsDPSetCombineLERP(0, 0, 0, SHADE, 0, 0, 0, ENVIRONMENT, 0, 0, 0, SHADE, 0, 0, 0, ENVIRONMENT),
	gsSPTexture(65535, 65535, 0, 0, 0),
	gsDPSetEnvColor(255, 255, 255, 255),
	gsDPSetAlphaCompare(G_AC_NONE),
	gsDPSetTextureImage(G_IM_FMT_RGBA, G_IM_SIZ_16b_LOAD_BLOCK, 1, 0),
	gsDPSetTile(G_IM_FMT_RGBA, G_IM_SIZ_16b_LOAD_BLOCK, 0, 0, 7, 0, G_TX_WRAP | G_TX_NOMIRROR, 0, 0, G_TX_WRAP  | G_TX_NOMIRROR, 0, 0),
	gsDPLoadBlock(7, 0, 0, 1023, 256),
	gsDPSetTile(G_IM_FMT_RGBA, G_IM_SIZ_16b, 8, 0, 0, 0, G_TX_CLAMP | G_TX_NOMIRROR, 5, 0, G_TX_CLAMP | G_TX_NOMIRROR, 5, 0),
	gsDPSetTileSize(0, 0, 0, 124, 124),
	gsDPSetTextureImage(G_IM_FMT_RGBA, G_IM_SIZ_16b_LOAD_BLOCK, 1, 0),
	gsDPSetTile(G_IM_FMT_RGBA, G_IM_SIZ_16b_LOAD_BLOCK, 0, 256, 6, 0, G_TX_WRAP | G_TX_NOMIRROR, 0, 0, G_TX_WRAP | G_TX_NOMIRROR, 0, 0),
	gsDPLoadBlock(6, 0, 0, 1023, 256),
	gsDPSetTile(G_IM_FMT_RGBA, G_IM_SIZ_16b, 8, 256, 1, 0, G_TX_CLAMP | G_TX_NOMIRROR, 5, 0, G_TX_CLAMP | G_TX_NOMIRROR, 5, 0),
	gsDPSetTileSize(1, 0, 0, 124, 124),
	gsSPEndDisplayList(),
};

Gfx squishy_Switch_optionnnn_please_work_Butt_mesh_layer_1[] = {
	gsSPDisplayList(mat_squishy_Metal__METAL_),
	gsSPDisplayList(squishy_Switch_optionnnn_please_work_Butt_mesh_layer_1_tri_0),
	gsSPDisplayList(mat_revert_squishy_Metal__METAL_),
	gsSPEndDisplayList(),
};

Gfx squishy_Switch_optionnnn_please_work_Torso_mesh_layer_1[] = {
	gsSPDisplayList(mat_squishy_Metal__METAL_),
	gsSPDisplayList(squishy_Switch_optionnnn_please_work_Torso_mesh_layer_1_tri_0),
	gsSPDisplayList(mat_revert_squishy_Metal__METAL_),
	gsSPEndDisplayList(),
};

Gfx squishy_Switch_optionnnn_please_work_Head_DL_mesh_layer_1[] = {
	gsSPDisplayList(mat_squishy_Metal__METAL_),
	gsSPDisplayList(squishy_Switch_optionnnn_please_work_Head_DL_mesh_layer_1_tri_0),
	gsSPDisplayList(mat_revert_squishy_Metal__METAL_),
	gsSPEndDisplayList(),
};

Gfx squishy_Switch_optionnnn_please_work_Capless_Head_Switch_Option_Capless_Head_mesh_layer_1[] = {
	gsSPDisplayList(mat_squishy_Metal__METAL_),
	gsSPDisplayList(squishy_Switch_optionnnn_please_work_Capless_Head_Switch_Option_Capless_Head_mesh_layer_1_tri_0),
	gsSPDisplayList(mat_revert_squishy_Metal__METAL_),
	gsSPEndDisplayList(),
};

Gfx squishy_Switch_optionnnn_please_work_Left_Wing_DL_mesh_layer_4[] = {
	gsSPDisplayList(mat_squishy_squishy_wing_metal),
	gsSPDisplayList(squishy_Switch_optionnnn_please_work_Left_Wing_DL_mesh_layer_4_tri_0),
	gsSPDisplayList(mat_revert_squishy_squishy_wing_metal),
	gsSPEndDisplayList(),
};

Gfx squishy_Switch_optionnnn_please_work_Right_Wing_DL_mesh_layer_4[] = {
	gsSPDisplayList(mat_squishy_squishy_wing_metal),
	gsSPDisplayList(squishy_Switch_optionnnn_please_work_Right_Wing_DL_mesh_layer_4_tri_0),
	gsSPDisplayList(mat_revert_squishy_squishy_wing_metal),
	gsSPEndDisplayList(),
};

Gfx squishy_Switch_optionnnn_please_work_Left_Arm_Color_mesh_layer_1[] = {
	gsSPDisplayList(mat_squishy_Metal__METAL_),
	gsSPDisplayList(squishy_Switch_optionnnn_please_work_Left_Arm_Color_mesh_layer_1_tri_0),
	gsSPDisplayList(mat_revert_squishy_Metal__METAL_),
	gsSPEndDisplayList(),
};

Gfx squishy_Switch_optionnnn_please_work_Left_Forearm_mesh_layer_1[] = {
	gsSPDisplayList(mat_squishy_Metal__METAL_),
	gsSPDisplayList(squishy_Switch_optionnnn_please_work_Left_Forearm_mesh_layer_1_tri_0),
	gsSPDisplayList(mat_revert_squishy_Metal__METAL_),
	gsSPEndDisplayList(),
};

Gfx squishy_Switch_optionnnn_please_work_Left_Hand_DL_mesh_layer_1[] = {
	gsSPDisplayList(mat_squishy_Metal__METAL_),
	gsSPDisplayList(squishy_Switch_optionnnn_please_work_Left_Hand_DL_mesh_layer_1_tri_0),
	gsSPDisplayList(mat_revert_squishy_Metal__METAL_),
	gsSPEndDisplayList(),
};

Gfx squishy_Switch_optionnnn_please_work_Left_Hand_Open_Switch_Option_Left_Hand_Open_mesh_layer_1[] = {
	gsSPDisplayList(mat_squishy_Metal__METAL_),
	gsSPDisplayList(squishy_Switch_optionnnn_please_work_Left_Hand_Open_Switch_Option_Left_Hand_Open_mesh_layer_1_tri_0),
	gsSPDisplayList(mat_revert_squishy_Metal__METAL_),
	gsSPEndDisplayList(),
};

Gfx squishy_Switch_optionnnn_please_work_Right_Arm_Color_mesh_layer_1[] = {
	gsSPDisplayList(mat_squishy_Metal__METAL_),
	gsSPDisplayList(squishy_Switch_optionnnn_please_work_Right_Arm_Color_mesh_layer_1_tri_0),
	gsSPDisplayList(mat_revert_squishy_Metal__METAL_),
	gsSPEndDisplayList(),
};

Gfx squishy_Switch_optionnnn_please_work_Right_Forearm_mesh_layer_1[] = {
	gsSPDisplayList(mat_squishy_Metal__METAL_),
	gsSPDisplayList(squishy_Switch_optionnnn_please_work_Right_Forearm_mesh_layer_1_tri_0),
	gsSPDisplayList(mat_revert_squishy_Metal__METAL_),
	gsSPEndDisplayList(),
};

Gfx squishy_Switch_optionnnn_please_work_Right_Hand_DL_mesh_layer_1[] = {
	gsSPDisplayList(mat_squishy_Metal__METAL_),
	gsSPDisplayList(squishy_Switch_optionnnn_please_work_Right_Hand_DL_mesh_layer_1_tri_0),
	gsSPDisplayList(mat_revert_squishy_Metal__METAL_),
	gsSPEndDisplayList(),
};

Gfx squishy_Switch_optionnnn_please_work_Right_Hand_Open_Switch_Option_Right_Hand_Open_mesh_layer_1[] = {
	gsSPDisplayList(mat_squishy_Metal__METAL_),
	gsSPDisplayList(squishy_Switch_optionnnn_please_work_Right_Hand_Open_Switch_Option_Right_Hand_Open_mesh_layer_1_tri_0),
	gsSPDisplayList(mat_revert_squishy_Metal__METAL_),
	gsSPEndDisplayList(),
};

Gfx squishy_Switch_optionnnn_please_work_Right_Hand_Peace_Switch_Option_Right_Hand_Peace_mesh_layer_1[] = {
	gsSPDisplayList(mat_squishy_Metal__METAL_),
	gsSPDisplayList(squishy_Switch_optionnnn_please_work_Right_Hand_Peace_Switch_Option_Right_Hand_Peace_mesh_layer_1_tri_0),
	gsSPDisplayList(mat_revert_squishy_Metal__METAL_),
	gsSPEndDisplayList(),
};

Gfx squishy_Switch_optionnnn_please_work_Right_Hand_Cap_Switch_Option_Right_Hand_Cap_mesh_layer_1[] = {
	gsSPDisplayList(mat_squishy_Metal__METAL_),
	gsSPDisplayList(squishy_Switch_optionnnn_please_work_Right_Hand_Cap_Switch_Option_Right_Hand_Cap_mesh_layer_1_tri_0),
	gsSPDisplayList(mat_revert_squishy_Metal__METAL_),
	gsSPEndDisplayList(),
};

Gfx squishy_Switch_optionnnn_please_work_Right_Hand_Wing_Cap_Swtich_Option_Right_Hand_Wing_Cap_mesh_layer_1[] = {
	gsSPDisplayList(mat_squishy_Metal__METAL_),
	gsSPDisplayList(squishy_Switch_optionnnn_please_work_Right_Hand_Wing_Cap_Swtich_Option_Right_Hand_Wing_Cap_mesh_layer_1_tri_0),
	gsSPDisplayList(mat_revert_squishy_Metal__METAL_),
	gsSPEndDisplayList(),
};

Gfx squishy_Switch_optionnnn_please_work_Right_Hand_Wing_Cap_Swtich_Option_Wings_mesh_layer_4[] = {
	gsSPDisplayList(mat_squishy_squishy_wing_metal),
	gsSPDisplayList(squishy_Switch_optionnnn_please_work_Right_Hand_Wing_Cap_Swtich_Option_Wings_mesh_layer_4_tri_0),
	gsSPDisplayList(mat_revert_squishy_squishy_wing_metal),
	gsSPEndDisplayList(),
};

Gfx squishy_Switch_optionnnn_please_work_Right_Hand_Wing_Cap_Swtich_Option_Wings_mesh_layer_4_with_layer_4_revert_with_layer_4_revert[] = {
	gsSPDisplayList(mat_squishy_squishy_wing_metal),
	gsSPDisplayList(squishy_Switch_optionnnn_please_work_Right_Hand_Wing_Cap_Swtich_Option_Wings_mesh_layer_4_tri_0),
	gsSPDisplayList(mat_revert_squishy_squishy_wing_metal),
	gsDPPipeSync(),
	gsSPSetGeometryMode(G_LIGHTING),
	gsSPClearGeometryMode(G_TEXTURE_GEN),
	gsDPSetCombineLERP(0, 0, 0, SHADE, 0, 0, 0, ENVIRONMENT, 0, 0, 0, SHADE, 0, 0, 0, ENVIRONMENT),
	gsSPTexture(65535, 65535, 0, 0, 0),
	gsDPSetEnvColor(255, 255, 255, 255),
	gsDPSetAlphaCompare(G_AC_NONE),
	gsDPSetTextureImage(G_IM_FMT_RGBA, G_IM_SIZ_16b_LOAD_BLOCK, 1, 0),
	gsDPSetTile(G_IM_FMT_RGBA, G_IM_SIZ_16b_LOAD_BLOCK, 0, 0, 7, 0, G_TX_WRAP | G_TX_NOMIRROR, 0, 0, G_TX_WRAP  | G_TX_NOMIRROR, 0, 0),
	gsDPLoadBlock(7, 0, 0, 1023, 256),
	gsDPSetTile(G_IM_FMT_RGBA, G_IM_SIZ_16b, 8, 0, 0, 0, G_TX_CLAMP | G_TX_NOMIRROR, 5, 0, G_TX_CLAMP | G_TX_NOMIRROR, 5, 0),
	gsDPSetTileSize(0, 0, 0, 124, 124),
	gsDPSetTextureImage(G_IM_FMT_RGBA, G_IM_SIZ_16b_LOAD_BLOCK, 1, 0),
	gsDPSetTile(G_IM_FMT_RGBA, G_IM_SIZ_16b_LOAD_BLOCK, 0, 256, 6, 0, G_TX_WRAP | G_TX_NOMIRROR, 0, 0, G_TX_WRAP | G_TX_NOMIRROR, 0, 0),
	gsDPLoadBlock(6, 0, 0, 1023, 256),
	gsDPSetTile(G_IM_FMT_RGBA, G_IM_SIZ_16b, 8, 256, 1, 0, G_TX_CLAMP | G_TX_NOMIRROR, 5, 0, G_TX_CLAMP | G_TX_NOMIRROR, 5, 0),
	gsDPSetTileSize(1, 0, 0, 124, 124),
	gsDPPipeSync(),
	gsSPSetGeometryMode(G_LIGHTING),
	gsSPClearGeometryMode(G_TEXTURE_GEN),
	gsDPSetCombineLERP(0, 0, 0, SHADE, 0, 0, 0, ENVIRONMENT, 0, 0, 0, SHADE, 0, 0, 0, ENVIRONMENT),
	gsSPTexture(65535, 65535, 0, 0, 0),
	gsDPSetEnvColor(255, 255, 255, 255),
	gsDPSetAlphaCompare(G_AC_NONE),
	gsDPSetTextureImage(G_IM_FMT_RGBA, G_IM_SIZ_16b_LOAD_BLOCK, 1, 0),
	gsDPSetTile(G_IM_FMT_RGBA, G_IM_SIZ_16b_LOAD_BLOCK, 0, 0, 7, 0, G_TX_WRAP | G_TX_NOMIRROR, 0, 0, G_TX_WRAP  | G_TX_NOMIRROR, 0, 0),
	gsDPLoadBlock(7, 0, 0, 1023, 256),
	gsDPSetTile(G_IM_FMT_RGBA, G_IM_SIZ_16b, 8, 0, 0, 0, G_TX_CLAMP | G_TX_NOMIRROR, 5, 0, G_TX_CLAMP | G_TX_NOMIRROR, 5, 0),
	gsDPSetTileSize(0, 0, 0, 124, 124),
	gsDPSetTextureImage(G_IM_FMT_RGBA, G_IM_SIZ_16b_LOAD_BLOCK, 1, 0),
	gsDPSetTile(G_IM_FMT_RGBA, G_IM_SIZ_16b_LOAD_BLOCK, 0, 256, 6, 0, G_TX_WRAP | G_TX_NOMIRROR, 0, 0, G_TX_WRAP | G_TX_NOMIRROR, 0, 0),
	gsDPLoadBlock(6, 0, 0, 1023, 256),
	gsDPSetTile(G_IM_FMT_RGBA, G_IM_SIZ_16b, 8, 256, 1, 0, G_TX_CLAMP | G_TX_NOMIRROR, 5, 0, G_TX_CLAMP | G_TX_NOMIRROR, 5, 0),
	gsDPSetTileSize(1, 0, 0, 124, 124),
	gsSPEndDisplayList(),
};

Gfx squishy_Switch_optionnnn_please_work_Left_Thigh_Color_mesh_layer_1[] = {
	gsSPDisplayList(mat_squishy_Metal__METAL_),
	gsSPDisplayList(squishy_Switch_optionnnn_please_work_Left_Thigh_Color_mesh_layer_1_tri_0),
	gsSPDisplayList(mat_revert_squishy_Metal__METAL_),
	gsSPEndDisplayList(),
};

Gfx squishy_Switch_optionnnn_please_work_Left_Leg_mesh_layer_1[] = {
	gsSPDisplayList(mat_squishy_Metal__METAL_),
	gsSPDisplayList(squishy_Switch_optionnnn_please_work_Left_Leg_mesh_layer_1_tri_0),
	gsSPDisplayList(mat_revert_squishy_Metal__METAL_),
	gsSPEndDisplayList(),
};

Gfx squishy_Switch_optionnnn_please_work_Left_Shoe_mesh_layer_1[] = {
	gsSPDisplayList(mat_squishy_Metal__METAL_),
	gsSPDisplayList(squishy_Switch_optionnnn_please_work_Left_Shoe_mesh_layer_1_tri_0),
	gsSPDisplayList(mat_revert_squishy_Metal__METAL_),
	gsSPEndDisplayList(),
};

Gfx squishy_Switch_optionnnn_please_work_Right_Thigh_Color_mesh_layer_1[] = {
	gsSPDisplayList(mat_squishy_Metal__METAL_),
	gsSPDisplayList(squishy_Switch_optionnnn_please_work_Right_Thigh_Color_mesh_layer_1_tri_0),
	gsSPDisplayList(mat_revert_squishy_Metal__METAL_),
	gsSPEndDisplayList(),
};

Gfx squishy_Switch_optionnnn_please_work_Right_Leg_mesh_layer_1[] = {
	gsSPDisplayList(mat_squishy_Metal__METAL_),
	gsSPDisplayList(squishy_Switch_optionnnn_please_work_Right_Leg_mesh_layer_1_tri_0),
	gsSPDisplayList(mat_revert_squishy_Metal__METAL_),
	gsSPEndDisplayList(),
};

Gfx squishy_Switch_optionnnn_please_work_Right_Shoe_DL_mesh_layer_1[] = {
	gsSPDisplayList(mat_squishy_Metal__METAL_),
	gsSPDisplayList(squishy_Switch_optionnnn_please_work_Right_Shoe_DL_mesh_layer_1_tri_0),
	gsSPDisplayList(mat_revert_squishy_Metal__METAL_),
	gsSPEndDisplayList(),
};

Gfx squishy_Switch_optionnnn_please_work_Right_Shoe_DL_mesh_layer_1_with_layer_1_revert_with_layer_1_revert[] = {
	gsSPDisplayList(mat_squishy_Metal__METAL_),
	gsSPDisplayList(squishy_Switch_optionnnn_please_work_Right_Shoe_DL_mesh_layer_1_tri_0),
	gsSPDisplayList(mat_revert_squishy_Metal__METAL_),
	gsDPPipeSync(),
	gsSPSetGeometryMode(G_LIGHTING),
	gsSPClearGeometryMode(G_TEXTURE_GEN),
	gsDPSetCombineLERP(0, 0, 0, SHADE, 0, 0, 0, ENVIRONMENT, 0, 0, 0, SHADE, 0, 0, 0, ENVIRONMENT),
	gsSPTexture(65535, 65535, 0, 0, 0),
	gsDPSetEnvColor(255, 255, 255, 255),
	gsDPSetAlphaCompare(G_AC_NONE),
	gsDPSetTextureImage(G_IM_FMT_RGBA, G_IM_SIZ_16b_LOAD_BLOCK, 1, 0),
	gsDPSetTile(G_IM_FMT_RGBA, G_IM_SIZ_16b_LOAD_BLOCK, 0, 0, 7, 0, G_TX_WRAP | G_TX_NOMIRROR, 0, 0, G_TX_WRAP  | G_TX_NOMIRROR, 0, 0),
	gsDPLoadBlock(7, 0, 0, 1023, 256),
	gsDPSetTile(G_IM_FMT_RGBA, G_IM_SIZ_16b, 8, 0, 0, 0, G_TX_CLAMP | G_TX_NOMIRROR, 5, 0, G_TX_CLAMP | G_TX_NOMIRROR, 5, 0),
	gsDPSetTileSize(0, 0, 0, 124, 124),
	gsDPSetTextureImage(G_IM_FMT_RGBA, G_IM_SIZ_16b_LOAD_BLOCK, 1, 0),
	gsDPSetTile(G_IM_FMT_RGBA, G_IM_SIZ_16b_LOAD_BLOCK, 0, 256, 6, 0, G_TX_WRAP | G_TX_NOMIRROR, 0, 0, G_TX_WRAP | G_TX_NOMIRROR, 0, 0),
	gsDPLoadBlock(6, 0, 0, 1023, 256),
	gsDPSetTile(G_IM_FMT_RGBA, G_IM_SIZ_16b, 8, 256, 1, 0, G_TX_CLAMP | G_TX_NOMIRROR, 5, 0, G_TX_CLAMP | G_TX_NOMIRROR, 5, 0),
	gsDPSetTileSize(1, 0, 0, 124, 124),
	gsDPPipeSync(),
	gsSPSetGeometryMode(G_LIGHTING),
	gsSPClearGeometryMode(G_TEXTURE_GEN),
	gsDPSetCombineLERP(0, 0, 0, SHADE, 0, 0, 0, ENVIRONMENT, 0, 0, 0, SHADE, 0, 0, 0, ENVIRONMENT),
	gsSPTexture(65535, 65535, 0, 0, 0),
	gsDPSetEnvColor(255, 255, 255, 255),
	gsDPSetAlphaCompare(G_AC_NONE),
	gsDPSetTextureImage(G_IM_FMT_RGBA, G_IM_SIZ_16b_LOAD_BLOCK, 1, 0),
	gsDPSetTile(G_IM_FMT_RGBA, G_IM_SIZ_16b_LOAD_BLOCK, 0, 0, 7, 0, G_TX_WRAP | G_TX_NOMIRROR, 0, 0, G_TX_WRAP  | G_TX_NOMIRROR, 0, 0),
	gsDPLoadBlock(7, 0, 0, 1023, 256),
	gsDPSetTile(G_IM_FMT_RGBA, G_IM_SIZ_16b, 8, 0, 0, 0, G_TX_CLAMP | G_TX_NOMIRROR, 5, 0, G_TX_CLAMP | G_TX_NOMIRROR, 5, 0),
	gsDPSetTileSize(0, 0, 0, 124, 124),
	gsDPSetTextureImage(G_IM_FMT_RGBA, G_IM_SIZ_16b_LOAD_BLOCK, 1, 0),
	gsDPSetTile(G_IM_FMT_RGBA, G_IM_SIZ_16b_LOAD_BLOCK, 0, 256, 6, 0, G_TX_WRAP | G_TX_NOMIRROR, 0, 0, G_TX_WRAP | G_TX_NOMIRROR, 0, 0),
	gsDPLoadBlock(6, 0, 0, 1023, 256),
	gsDPSetTile(G_IM_FMT_RGBA, G_IM_SIZ_16b, 8, 256, 1, 0, G_TX_CLAMP | G_TX_NOMIRROR, 5, 0, G_TX_CLAMP | G_TX_NOMIRROR, 5, 0),
	gsDPSetTileSize(1, 0, 0, 124, 124),
	gsSPEndDisplayList(),
};

Gfx squishy_Switch_optionnnn_please_work_Right_Shoe_DL_mesh_layer_1_with_layer_5_revert_with_layer_5_revert[] = {
	gsSPDisplayList(mat_squishy_Metal__METAL_),
	gsSPDisplayList(squishy_Switch_optionnnn_please_work_Right_Shoe_DL_mesh_layer_1_tri_0),
	gsSPDisplayList(mat_revert_squishy_Metal__METAL_),
	gsDPPipeSync(),
	gsSPSetGeometryMode(G_LIGHTING),
	gsSPClearGeometryMode(G_TEXTURE_GEN),
	gsDPSetCombineLERP(0, 0, 0, SHADE, 0, 0, 0, ENVIRONMENT, 0, 0, 0, SHADE, 0, 0, 0, ENVIRONMENT),
	gsSPTexture(65535, 65535, 0, 0, 0),
	gsDPSetEnvColor(255, 255, 255, 255),
	gsDPSetAlphaCompare(G_AC_NONE),
	gsDPSetTextureImage(G_IM_FMT_RGBA, G_IM_SIZ_16b_LOAD_BLOCK, 1, 0),
	gsDPSetTile(G_IM_FMT_RGBA, G_IM_SIZ_16b_LOAD_BLOCK, 0, 0, 7, 0, G_TX_WRAP | G_TX_NOMIRROR, 0, 0, G_TX_WRAP  | G_TX_NOMIRROR, 0, 0),
	gsDPLoadBlock(7, 0, 0, 1023, 256),
	gsDPSetTile(G_IM_FMT_RGBA, G_IM_SIZ_16b, 8, 0, 0, 0, G_TX_CLAMP | G_TX_NOMIRROR, 5, 0, G_TX_CLAMP | G_TX_NOMIRROR, 5, 0),
	gsDPSetTileSize(0, 0, 0, 124, 124),
	gsDPSetTextureImage(G_IM_FMT_RGBA, G_IM_SIZ_16b_LOAD_BLOCK, 1, 0),
	gsDPSetTile(G_IM_FMT_RGBA, G_IM_SIZ_16b_LOAD_BLOCK, 0, 256, 6, 0, G_TX_WRAP | G_TX_NOMIRROR, 0, 0, G_TX_WRAP | G_TX_NOMIRROR, 0, 0),
	gsDPLoadBlock(6, 0, 0, 1023, 256),
	gsDPSetTile(G_IM_FMT_RGBA, G_IM_SIZ_16b, 8, 256, 1, 0, G_TX_CLAMP | G_TX_NOMIRROR, 5, 0, G_TX_CLAMP | G_TX_NOMIRROR, 5, 0),
	gsDPSetTileSize(1, 0, 0, 124, 124),
	gsDPPipeSync(),
	gsSPSetGeometryMode(G_LIGHTING),
	gsSPClearGeometryMode(G_TEXTURE_GEN),
	gsDPSetCombineLERP(0, 0, 0, SHADE, 0, 0, 0, ENVIRONMENT, 0, 0, 0, SHADE, 0, 0, 0, ENVIRONMENT),
	gsSPTexture(65535, 65535, 0, 0, 0),
	gsDPSetEnvColor(255, 255, 255, 255),
	gsDPSetAlphaCompare(G_AC_NONE),
	gsDPSetTextureImage(G_IM_FMT_RGBA, G_IM_SIZ_16b_LOAD_BLOCK, 1, 0),
	gsDPSetTile(G_IM_FMT_RGBA, G_IM_SIZ_16b_LOAD_BLOCK, 0, 0, 7, 0, G_TX_WRAP | G_TX_NOMIRROR, 0, 0, G_TX_WRAP  | G_TX_NOMIRROR, 0, 0),
	gsDPLoadBlock(7, 0, 0, 1023, 256),
	gsDPSetTile(G_IM_FMT_RGBA, G_IM_SIZ_16b, 8, 0, 0, 0, G_TX_CLAMP | G_TX_NOMIRROR, 5, 0, G_TX_CLAMP | G_TX_NOMIRROR, 5, 0),
	gsDPSetTileSize(0, 0, 0, 124, 124),
	gsDPSetTextureImage(G_IM_FMT_RGBA, G_IM_SIZ_16b_LOAD_BLOCK, 1, 0),
	gsDPSetTile(G_IM_FMT_RGBA, G_IM_SIZ_16b_LOAD_BLOCK, 0, 256, 6, 0, G_TX_WRAP | G_TX_NOMIRROR, 0, 0, G_TX_WRAP | G_TX_NOMIRROR, 0, 0),
	gsDPLoadBlock(6, 0, 0, 1023, 256),
	gsDPSetTile(G_IM_FMT_RGBA, G_IM_SIZ_16b, 8, 256, 1, 0, G_TX_CLAMP | G_TX_NOMIRROR, 5, 0, G_TX_CLAMP | G_TX_NOMIRROR, 5, 0),
	gsDPSetTileSize(1, 0, 0, 124, 124),
	gsSPEndDisplayList(),
};

